id_vehiculo,VIN,id_cliente,sucursal,pais,modelo,anio
EV-ACME-00001,ACEMDLB19SK000001,CLI-00033,SUC-010,Perú,Model B,2025
EV-ACME-00002,ACEMDLD12RJ000002,CLI-00364,SUC-009,Panamá,Model D,2024
EV-ACME-00003,ACEMDLB14SH000003,CLI-00205,SUC-008,Chile,Model B,2025
EV-ACME-00004,ACEMDLF14RD000004,CLI-00971,SUC-004,Costa Rica,Model F,2024
EV-ACME-00005,ACEMDLA16RB000005,CLI-00997,SUC-002,Guatemala,Model A,2024
EV-ACME-00006,ACEMDLD19TC000006,CLI-00307,SUC-003,Honduras,Model D,2026
EV-ACME-00007,ACEMDLC17SG000007,CLI-00866,SUC-007,Canadá,Model C,2025
EV-ACME-00008,ACEMDLC19TH000008,CLI-00339,SUC-008,Chile,Model C,2026
EV-ACME-00009,ACEMDLA12SJ000009,CLI-00198,SUC-009,Panamá,Model A,2025
EV-ACME-00010,ACEMDLA17SF000010,CLI-00686,SUC-006,Argentina,Model A,2025
EV-ACME-00011,ACEMDLD12RE000011,CLI-00665,SUC-005,Colombia,Model D,2024
EV-ACME-00012,ACEMDLD17TD000012,CLI-00742,SUC-004,Costa Rica,Model D,2026
EV-ACME-00013,ACEMDLE11TF000013,CLI-00626,SUC-006,Argentina,Model E,2026
EV-ACME-00014,ACEMDLA10TA000014,CLI-00443,SUC-001,México,Model A,2026
EV-ACME-00015,ACEMDLB15SJ000015,CLI-00632,SUC-009,Panamá,Model B,2025
EV-ACME-00016,ACEMDLF18SA000016,CLI-00853,SUC-001,México,Model F,2025
EV-ACME-00017,ACEMDLF10TE000017,CLI-00043,SUC-005,Colombia,Model F,2026
EV-ACME-00018,ACEMDLB17RK000018,CLI-00269,SUC-010,Perú,Model B,2024
EV-ACME-00019,ACEMDLE12SF000019,CLI-00222,SUC-006,Argentina,Model E,2025
EV-ACME-00020,ACEMDLB19TK000020,CLI-00594,SUC-010,Perú,Model B,2026
EV-ACME-00021,ACEMDLB13SB000021,CLI-00907,SUC-002,Guatemala,Model B,2025
EV-ACME-00022,ACEMDLA17SK000022,CLI-00068,SUC-010,Perú,Model A,2025
EV-ACME-00023,ACEMDLA16TB000023,CLI-00139,SUC-002,Guatemala,Model A,2026
EV-ACME-00024,ACEMDLB12SG000024,CLI-00106,SUC-007,Canadá,Model B,2025
EV-ACME-00025,ACEMDLC16SC000025,CLI-00360,SUC-003,Honduras,Model C,2025
EV-ACME-00026,ACEMDLE19SH000026,CLI-00910,SUC-008,Chile,Model E,2025
EV-ACME-00027,ACEMDLC19SF000027,CLI-00856,SUC-006,Argentina,Model C,2025
EV-ACME-00028,ACEMDLE11TB000028,CLI-00012,SUC-002,Guatemala,Model E,2026
EV-ACME-00029,ACEMDLC15SE000029,CLI-00170,SUC-005,Colombia,Model C,2025
EV-ACME-00030,ACEMDLE10SD000030,CLI-00160,SUC-004,Costa Rica,Model E,2025
EV-ACME-00031,ACEMDLD17TH000031,CLI-00063,SUC-008,Chile,Model D,2026
EV-ACME-00032,ACEMDLE14RK000032,CLI-00835,SUC-010,Perú,Model E,2024
EV-ACME-00033,ACEMDLB12RC000033,CLI-00510,SUC-003,Honduras,Model B,2024
EV-ACME-00034,ACEMDLD14TF000034,CLI-00468,SUC-006,Argentina,Model D,2026
EV-ACME-00035,ACEMDLD18TB000035,CLI-00218,SUC-002,Guatemala,Model D,2026
EV-ACME-00036,ACEMDLF11SG000036,CLI-00304,SUC-007,Canadá,Model F,2025
EV-ACME-00037,ACEMDLB18RJ000037,CLI-00834,SUC-009,Panamá,Model B,2024
EV-ACME-00038,ACEMDLB19RF000038,CLI-00188,SUC-006,Argentina,Model B,2024
EV-ACME-00039,ACEMDLE13SB000039,CLI-00045,SUC-002,Guatemala,Model E,2025
EV-ACME-00040,ACEMDLF16TG000040,CLI-00144,SUC-007,Canadá,Model F,2026
EV-ACME-00041,ACEMDLA13TB000041,CLI-00284,SUC-002,Guatemala,Model A,2026
EV-ACME-00042,ACEMDLD10RA000042,CLI-00007,SUC-001,México,Model D,2024
EV-ACME-00043,ACEMDLC13RG000043,CLI-00040,SUC-007,Canadá,Model C,2024
EV-ACME-00044,ACEMDLB10SD000044,CLI-00600,SUC-004,Costa Rica,Model B,2025
EV-ACME-00045,ACEMDLF12RC000045,CLI-00650,SUC-003,Honduras,Model F,2024
EV-ACME-00046,ACEMDLD13SA000046,CLI-00753,SUC-001,México,Model D,2025
EV-ACME-00047,ACEMDLF19TB000047,CLI-00725,SUC-002,Guatemala,Model F,2026
EV-ACME-00048,ACEMDLB14SH000048,CLI-00343,SUC-008,Chile,Model B,2025
EV-ACME-00049,ACEMDLF15SJ000049,CLI-00487,SUC-009,Panamá,Model F,2025
EV-ACME-00050,ACEMDLB13RB000050,CLI-00300,SUC-002,Guatemala,Model B,2024
EV-ACME-00051,ACEMDLA17TE000051,CLI-00238,SUC-005,Colombia,Model A,2026
EV-ACME-00052,ACEMDLF14TG000052,CLI-00840,SUC-007,Canadá,Model F,2026
EV-ACME-00053,ACEMDLB11RF000053,CLI-00222,SUC-006,Argentina,Model B,2024
EV-ACME-00054,ACEMDLC16RF000054,CLI-00606,SUC-006,Argentina,Model C,2024
EV-ACME-00055,ACEMDLD16SK000055,CLI-00714,SUC-010,Perú,Model D,2025
EV-ACME-00056,ACEMDLD19SK000056,CLI-00024,SUC-010,Perú,Model D,2025
EV-ACME-00057,ACEMDLF13RK000057,CLI-00932,SUC-010,Perú,Model F,2024
EV-ACME-00058,ACEMDLA10RK000058,CLI-00855,SUC-010,Perú,Model A,2024
EV-ACME-00059,ACEMDLE11RJ000059,CLI-00899,SUC-009,Panamá,Model E,2024
EV-ACME-00060,ACEMDLF11RF000060,CLI-00226,SUC-006,Argentina,Model F,2024
EV-ACME-00061,ACEMDLE15TD000061,CLI-00160,SUC-004,Costa Rica,Model E,2026
EV-ACME-00062,ACEMDLF14RK000062,CLI-00283,SUC-010,Perú,Model F,2024
EV-ACME-00063,ACEMDLF17SJ000063,CLI-00252,SUC-009,Panamá,Model F,2025
EV-ACME-00064,ACEMDLA17SK000064,CLI-00227,SUC-010,Perú,Model A,2025
EV-ACME-00065,ACEMDLF10SB000065,CLI-00619,SUC-002,Guatemala,Model F,2025
EV-ACME-00066,ACEMDLE16TC000066,CLI-00503,SUC-003,Honduras,Model E,2026
EV-ACME-00067,ACEMDLA13SA000067,CLI-00890,SUC-001,México,Model A,2025
EV-ACME-00068,ACEMDLE15TB000068,CLI-00756,SUC-002,Guatemala,Model E,2026
EV-ACME-00069,ACEMDLE17SE000069,CLI-00413,SUC-005,Colombia,Model E,2025
EV-ACME-00070,ACEMDLE16RH000070,CLI-00387,SUC-008,Chile,Model E,2024
EV-ACME-00071,ACEMDLC18SF000071,CLI-00944,SUC-006,Argentina,Model C,2025
EV-ACME-00072,ACEMDLD19TF000072,CLI-00626,SUC-006,Argentina,Model D,2026
EV-ACME-00073,ACEMDLD18SK000073,CLI-00900,SUC-010,Perú,Model D,2025
EV-ACME-00074,ACEMDLD17RC000074,CLI-00440,SUC-003,Honduras,Model D,2024
EV-ACME-00075,ACEMDLB10SC000075,CLI-00803,SUC-003,Honduras,Model B,2025
EV-ACME-00076,ACEMDLF10SD000076,CLI-00545,SUC-004,Costa Rica,Model F,2025
EV-ACME-00077,ACEMDLF12TD000077,CLI-00859,SUC-004,Costa Rica,Model F,2026
EV-ACME-00078,ACEMDLE15SD000078,CLI-00419,SUC-004,Costa Rica,Model E,2025
EV-ACME-00079,ACEMDLD12SJ000079,CLI-00198,SUC-009,Panamá,Model D,2025
EV-ACME-00080,ACEMDLF15RA000080,CLI-00318,SUC-001,México,Model F,2024
EV-ACME-00081,ACEMDLC14RF000081,CLI-00317,SUC-006,Argentina,Model C,2024
EV-ACME-00082,ACEMDLB18TF000082,CLI-00347,SUC-006,Argentina,Model B,2026
EV-ACME-00083,ACEMDLA10TF000083,CLI-00340,SUC-006,Argentina,Model A,2026
EV-ACME-00084,ACEMDLD11RJ000084,CLI-00677,SUC-009,Panamá,Model D,2024
EV-ACME-00085,ACEMDLF11TH000085,CLI-00177,SUC-008,Chile,Model F,2026
EV-ACME-00086,ACEMDLB10RG000086,CLI-00388,SUC-007,Canadá,Model B,2024
EV-ACME-00087,ACEMDLD11TJ000087,CLI-00950,SUC-009,Panamá,Model D,2026
EV-ACME-00088,ACEMDLC18TA000088,CLI-00844,SUC-001,México,Model C,2026
EV-ACME-00089,ACEMDLA11SF000089,CLI-00226,SUC-006,Argentina,Model A,2025
EV-ACME-00090,ACEMDLB16TC000090,CLI-00693,SUC-003,Honduras,Model B,2026
EV-ACME-00091,ACEMDLE15TJ000091,CLI-00593,SUC-009,Panamá,Model E,2026
EV-ACME-00092,ACEMDLB16SE000092,CLI-00190,SUC-005,Colombia,Model B,2025
EV-ACME-00093,ACEMDLF13SA000093,CLI-00546,SUC-001,México,Model F,2025
EV-ACME-00094,ACEMDLB12SJ000094,CLI-00767,SUC-009,Panamá,Model B,2025
EV-ACME-00095,ACEMDLF13TC000095,CLI-00895,SUC-003,Honduras,Model F,2026
EV-ACME-00096,ACEMDLD12TG000096,CLI-00674,SUC-007,Canadá,Model D,2026
EV-ACME-00097,ACEMDLF10SG000097,CLI-00576,SUC-007,Canadá,Model F,2025
EV-ACME-00098,ACEMDLE13RF000098,CLI-00455,SUC-006,Argentina,Model E,2024
EV-ACME-00099,ACEMDLA18SD000099,CLI-00428,SUC-004,Costa Rica,Model A,2025
EV-ACME-00100,ACEMDLA11RK000100,CLI-00993,SUC-010,Perú,Model A,2024
EV-ACME-00101,ACEMDLD17SC000101,CLI-00791,SUC-003,Honduras,Model D,2025
EV-ACME-00102,ACEMDLA11TG000102,CLI-00467,SUC-007,Canadá,Model A,2026
EV-ACME-00103,ACEMDLF18SE000103,CLI-00665,SUC-005,Colombia,Model F,2025
EV-ACME-00104,ACEMDLA10RJ000104,CLI-00717,SUC-009,Panamá,Model A,2024
EV-ACME-00105,ACEMDLF16SG000105,CLI-00254,SUC-007,Canadá,Model F,2025
EV-ACME-00106,ACEMDLC14TA000106,CLI-00983,SUC-001,México,Model C,2026
EV-ACME-00107,ACEMDLA14SH000107,CLI-00109,SUC-008,Chile,Model A,2025
EV-ACME-00108,ACEMDLB12SA000108,CLI-00562,SUC-001,México,Model B,2025
EV-ACME-00109,ACEMDLF13TF000109,CLI-00956,SUC-006,Argentina,Model F,2026
EV-ACME-00110,ACEMDLF17TJ000110,CLI-00599,SUC-009,Panamá,Model F,2026
EV-ACME-00111,ACEMDLA10SC000111,CLI-00914,SUC-003,Honduras,Model A,2025
EV-ACME-00112,ACEMDLE19TJ000112,CLI-00951,SUC-009,Panamá,Model E,2026
EV-ACME-00113,ACEMDLB18SJ000113,CLI-00717,SUC-009,Panamá,Model B,2025
EV-ACME-00114,ACEMDLB16SF000114,CLI-00645,SUC-006,Argentina,Model B,2025
EV-ACME-00115,ACEMDLB14SK000115,CLI-00900,SUC-010,Perú,Model B,2025
EV-ACME-00116,ACEMDLE18TC000116,CLI-00183,SUC-003,Honduras,Model E,2026
EV-ACME-00117,ACEMDLF19TK000117,CLI-00714,SUC-010,Perú,Model F,2026
EV-ACME-00118,ACEMDLF16TA000118,CLI-00261,SUC-001,México,Model F,2026
EV-ACME-00119,ACEMDLD10RC000119,CLI-00583,SUC-003,Honduras,Model D,2024
EV-ACME-00120,ACEMDLF12TA000120,CLI-00838,SUC-001,México,Model F,2026
EV-ACME-00121,ACEMDLD13RD000121,CLI-00957,SUC-004,Costa Rica,Model D,2024
EV-ACME-00122,ACEMDLF10RH000122,CLI-00016,SUC-008,Chile,Model F,2024
EV-ACME-00123,ACEMDLD12SE000123,CLI-00059,SUC-005,Colombia,Model D,2025
EV-ACME-00124,ACEMDLA17TD000124,CLI-00918,SUC-004,Costa Rica,Model A,2026
EV-ACME-00125,ACEMDLE11TF000125,CLI-00110,SUC-006,Argentina,Model E,2026
EV-ACME-00126,ACEMDLF19RJ000126,CLI-00434,SUC-009,Panamá,Model F,2024
EV-ACME-00127,ACEMDLE11TF000127,CLI-00476,SUC-006,Argentina,Model E,2026
EV-ACME-00128,ACEMDLF19TF000128,CLI-00865,SUC-006,Argentina,Model F,2026
EV-ACME-00129,ACEMDLC12RB000129,CLI-00003,SUC-002,Guatemala,Model C,2024
EV-ACME-00130,ACEMDLF14SG000130,CLI-00439,SUC-007,Canadá,Model F,2025
EV-ACME-00131,ACEMDLE11TG000131,CLI-00304,SUC-007,Canadá,Model E,2026
EV-ACME-00132,ACEMDLB11TE000132,CLI-00370,SUC-005,Colombia,Model B,2026
EV-ACME-00133,ACEMDLA13RF000133,CLI-00911,SUC-006,Argentina,Model A,2024
EV-ACME-00134,ACEMDLD17SE000134,CLI-00955,SUC-005,Colombia,Model D,2025
EV-ACME-00135,ACEMDLA12SF000135,CLI-00766,SUC-006,Argentina,Model A,2025
EV-ACME-00136,ACEMDLF17RC000136,CLI-00800,SUC-003,Honduras,Model F,2024
EV-ACME-00137,ACEMDLA17TF000137,CLI-00156,SUC-006,Argentina,Model A,2026
EV-ACME-00138,ACEMDLD17SK000138,CLI-00768,SUC-010,Perú,Model D,2025
EV-ACME-00139,ACEMDLD14TK000139,CLI-00789,SUC-010,Perú,Model D,2026
EV-ACME-00140,ACEMDLF12TA000140,CLI-00082,SUC-001,México,Model F,2026
EV-ACME-00141,ACEMDLF13RC000141,CLI-00463,SUC-003,Honduras,Model F,2024
EV-ACME-00142,ACEMDLE12RD000142,CLI-00777,SUC-004,Costa Rica,Model E,2024
EV-ACME-00143,ACEMDLA12RD000143,CLI-00247,SUC-004,Costa Rica,Model A,2024
EV-ACME-00144,ACEMDLB19RH000144,CLI-00780,SUC-008,Chile,Model B,2024
EV-ACME-00145,ACEMDLB17TF000145,CLI-00796,SUC-006,Argentina,Model B,2026
EV-ACME-00146,ACEMDLB14TA000146,CLI-00853,SUC-001,México,Model B,2026
EV-ACME-00147,ACEMDLB10SG000147,CLI-00304,SUC-007,Canadá,Model B,2025
EV-ACME-00148,ACEMDLA15TB000148,CLI-00488,SUC-002,Guatemala,Model A,2026
EV-ACME-00149,ACEMDLE16RJ000149,CLI-00982,SUC-009,Panamá,Model E,2024
EV-ACME-00150,ACEMDLB12TH000150,CLI-00601,SUC-008,Chile,Model B,2026
EV-ACME-00151,ACEMDLE17RA000151,CLI-00261,SUC-001,México,Model E,2024
EV-ACME-00152,ACEMDLC11SC000152,CLI-00503,SUC-003,Honduras,Model C,2025
EV-ACME-00153,ACEMDLC16RH000153,CLI-00124,SUC-008,Chile,Model C,2024
EV-ACME-00154,ACEMDLA16RB000154,CLI-00962,SUC-002,Guatemala,Model A,2024
EV-ACME-00155,ACEMDLE18RE000155,CLI-00592,SUC-005,Colombia,Model E,2024
EV-ACME-00156,ACEMDLC13RH000156,CLI-00515,SUC-008,Chile,Model C,2024
EV-ACME-00157,ACEMDLF15RH000157,CLI-00726,SUC-008,Chile,Model F,2024
EV-ACME-00158,ACEMDLE17RK000158,CLI-00565,SUC-010,Perú,Model E,2024
EV-ACME-00159,ACEMDLF15SA000159,CLI-00172,SUC-001,México,Model F,2025
EV-ACME-00160,ACEMDLB10RD000160,CLI-00422,SUC-004,Costa Rica,Model B,2024
EV-ACME-00161,ACEMDLA19TE000161,CLI-00806,SUC-005,Colombia,Model A,2026
EV-ACME-00162,ACEMDLC10RB000162,CLI-00919,SUC-002,Guatemala,Model C,2024
EV-ACME-00163,ACEMDLA15SF000163,CLI-00564,SUC-006,Argentina,Model A,2025
EV-ACME-00164,ACEMDLA10TK000164,CLI-00325,SUC-010,Perú,Model A,2026
EV-ACME-00165,ACEMDLB13TJ000165,CLI-00599,SUC-009,Panamá,Model B,2026
EV-ACME-00166,ACEMDLA17RG000166,CLI-00106,SUC-007,Canadá,Model A,2024
EV-ACME-00167,ACEMDLC14TC000167,CLI-00255,SUC-003,Honduras,Model C,2026
EV-ACME-00168,ACEMDLB16RJ000168,CLI-00406,SUC-009,Panamá,Model B,2024
EV-ACME-00169,ACEMDLA19TD000169,CLI-00464,SUC-004,Costa Rica,Model A,2026
EV-ACME-00170,ACEMDLE11RC000170,CLI-00809,SUC-003,Honduras,Model E,2024
EV-ACME-00171,ACEMDLE10SE000171,CLI-00806,SUC-005,Colombia,Model E,2025
EV-ACME-00172,ACEMDLB10SG000172,CLI-00762,SUC-007,Canadá,Model B,2025
EV-ACME-00173,ACEMDLF16TE000173,CLI-00579,SUC-005,Colombia,Model F,2026
EV-ACME-00174,ACEMDLE14RK000174,CLI-00397,SUC-010,Perú,Model E,2024
EV-ACME-00175,ACEMDLB10TE000175,CLI-00279,SUC-005,Colombia,Model B,2026
EV-ACME-00176,ACEMDLB14TA000176,CLI-00844,SUC-001,México,Model B,2026
EV-ACME-00177,ACEMDLC11SG000177,CLI-00212,SUC-007,Canadá,Model C,2025
EV-ACME-00178,ACEMDLF12RJ000178,CLI-00707,SUC-009,Panamá,Model F,2024
EV-ACME-00179,ACEMDLC17RD000179,CLI-00229,SUC-004,Costa Rica,Model C,2024
EV-ACME-00180,ACEMDLA11SB000180,CLI-00272,SUC-002,Guatemala,Model A,2025
EV-ACME-00181,ACEMDLD10TK000181,CLI-00862,SUC-010,Perú,Model D,2026
EV-ACME-00182,ACEMDLF17TH000182,CLI-00009,SUC-008,Chile,Model F,2026
EV-ACME-00183,ACEMDLA10TC000183,CLI-00895,SUC-003,Honduras,Model A,2026
EV-ACME-00184,ACEMDLC13RD000184,CLI-00151,SUC-004,Costa Rica,Model C,2024
EV-ACME-00185,ACEMDLD19TC000185,CLI-00875,SUC-003,Honduras,Model D,2026
EV-ACME-00186,ACEMDLB15TB000186,CLI-00145,SUC-002,Guatemala,Model B,2026
EV-ACME-00187,ACEMDLC19SK000187,CLI-00690,SUC-010,Perú,Model C,2025
EV-ACME-00188,ACEMDLF19TK000188,CLI-00516,SUC-010,Perú,Model F,2026
EV-ACME-00189,ACEMDLE15TG000189,CLI-00740,SUC-007,Canadá,Model E,2026
EV-ACME-00190,ACEMDLB15RC000190,CLI-00549,SUC-003,Honduras,Model B,2024
EV-ACME-00191,ACEMDLA18SG000191,CLI-00090,SUC-007,Canadá,Model A,2025
EV-ACME-00192,ACEMDLF19RC000192,CLI-00914,SUC-003,Honduras,Model F,2024
EV-ACME-00193,ACEMDLF18RF000193,CLI-00865,SUC-006,Argentina,Model F,2024
EV-ACME-00194,ACEMDLF10SA000194,CLI-00361,SUC-001,México,Model F,2025
EV-ACME-00195,ACEMDLE18RF000195,CLI-00113,SUC-006,Argentina,Model E,2024
EV-ACME-00196,ACEMDLC16SA000196,CLI-00261,SUC-001,México,Model C,2025
EV-ACME-00197,ACEMDLF18TE000197,CLI-00473,SUC-005,Colombia,Model F,2026
EV-ACME-00198,ACEMDLA16SE000198,CLI-00085,SUC-005,Colombia,Model A,2025
EV-ACME-00199,ACEMDLF16TE000199,CLI-00579,SUC-005,Colombia,Model F,2026
EV-ACME-00200,ACEMDLB11TC000200,CLI-00236,SUC-003,Honduras,Model B,2026
EV-ACME-00201,ACEMDLF17RE000201,CLI-00495,SUC-005,Colombia,Model F,2024
EV-ACME-00202,ACEMDLE12RK000202,CLI-00759,SUC-010,Perú,Model E,2024
EV-ACME-00203,ACEMDLB12TK000203,CLI-00542,SUC-010,Perú,Model B,2026
EV-ACME-00204,ACEMDLE14SD000204,CLI-00428,SUC-004,Costa Rica,Model E,2025
EV-ACME-00205,ACEMDLE12TC000205,CLI-00656,SUC-003,Honduras,Model E,2026
EV-ACME-00206,ACEMDLA13SF000206,CLI-00244,SUC-006,Argentina,Model A,2025
EV-ACME-00207,ACEMDLD14TF000207,CLI-00083,SUC-006,Argentina,Model D,2026
EV-ACME-00208,ACEMDLB11TD000208,CLI-00182,SUC-004,Costa Rica,Model B,2026
EV-ACME-00209,ACEMDLB12SH000209,CLI-00143,SUC-008,Chile,Model B,2025
EV-ACME-00210,ACEMDLC11TF000210,CLI-00507,SUC-006,Argentina,Model C,2026
EV-ACME-00211,ACEMDLA13SH000211,CLI-00964,SUC-008,Chile,Model A,2025
EV-ACME-00212,ACEMDLE16TC000212,CLI-00022,SUC-003,Honduras,Model E,2026
EV-ACME-00213,ACEMDLA11SE000213,CLI-00847,SUC-005,Colombia,Model A,2025
EV-ACME-00214,ACEMDLA19TD000214,CLI-00859,SUC-004,Costa Rica,Model A,2026
EV-ACME-00215,ACEMDLE14SB000215,CLI-00752,SUC-002,Guatemala,Model E,2025
EV-ACME-00216,ACEMDLF14SA000216,CLI-00906,SUC-001,México,Model F,2025
EV-ACME-00217,ACEMDLD10RG000217,CLI-00214,SUC-007,Canadá,Model D,2024
EV-ACME-00218,ACEMDLD17SH000218,CLI-00107,SUC-008,Chile,Model D,2025
EV-ACME-00219,ACEMDLF14TC000219,CLI-00320,SUC-003,Honduras,Model F,2026
EV-ACME-00220,ACEMDLF13TB000220,CLI-00013,SUC-002,Guatemala,Model F,2026
EV-ACME-00221,ACEMDLF15SC000221,CLI-00415,SUC-003,Honduras,Model F,2025
EV-ACME-00222,ACEMDLA14TA000222,CLI-00233,SUC-001,México,Model A,2026
EV-ACME-00223,ACEMDLE13SA000223,CLI-00844,SUC-001,México,Model E,2025
EV-ACME-00224,ACEMDLD11SK000224,CLI-00470,SUC-010,Perú,Model D,2025
EV-ACME-00225,ACEMDLB12RJ000225,CLI-00972,SUC-009,Panamá,Model B,2024
EV-ACME-00226,ACEMDLB18SD000226,CLI-00655,SUC-004,Costa Rica,Model B,2025
EV-ACME-00227,ACEMDLC13RE000227,CLI-00930,SUC-005,Colombia,Model C,2024
EV-ACME-00228,ACEMDLB14TA000228,CLI-00082,SUC-001,México,Model B,2026
EV-ACME-00229,ACEMDLB18RF000229,CLI-00105,SUC-006,Argentina,Model B,2024
EV-ACME-00230,ACEMDLE16TC000230,CLI-00823,SUC-003,Honduras,Model E,2026
EV-ACME-00231,ACEMDLF14SE000231,CLI-00743,SUC-005,Colombia,Model F,2025
EV-ACME-00232,ACEMDLE11TK000232,CLI-00269,SUC-010,Perú,Model E,2026
EV-ACME-00233,ACEMDLC15RD000233,CLI-00355,SUC-004,Costa Rica,Model C,2024
EV-ACME-00234,ACEMDLB12RE000234,CLI-00592,SUC-005,Colombia,Model B,2024
EV-ACME-00235,ACEMDLE19TE000235,CLI-00370,SUC-005,Colombia,Model E,2026
EV-ACME-00236,ACEMDLA11SC000236,CLI-00248,SUC-003,Honduras,Model A,2025
EV-ACME-00237,ACEMDLD14RF000237,CLI-00014,SUC-006,Argentina,Model D,2024
EV-ACME-00238,ACEMDLB12RH000238,CLI-00228,SUC-008,Chile,Model B,2024
EV-ACME-00239,ACEMDLD17SG000239,CLI-00671,SUC-007,Canadá,Model D,2025
EV-ACME-00240,ACEMDLE14TK000240,CLI-00945,SUC-010,Perú,Model E,2026
EV-ACME-00241,ACEMDLA16SK000241,CLI-00960,SUC-010,Perú,Model A,2025
EV-ACME-00242,ACEMDLB12TE000242,CLI-00437,SUC-005,Colombia,Model B,2026
EV-ACME-00243,ACEMDLD15RC000243,CLI-00480,SUC-003,Honduras,Model D,2024
EV-ACME-00244,ACEMDLF16SB000244,CLI-00231,SUC-002,Guatemala,Model F,2025
EV-ACME-00245,ACEMDLE17SA000245,CLI-00332,SUC-001,México,Model E,2025
EV-ACME-00246,ACEMDLF18RJ000246,CLI-00406,SUC-009,Panamá,Model F,2024
EV-ACME-00247,ACEMDLD12SA000247,CLI-00050,SUC-001,México,Model D,2025
EV-ACME-00248,ACEMDLB10TA000248,CLI-00386,SUC-001,México,Model B,2026
EV-ACME-00249,ACEMDLD19SF000249,CLI-00476,SUC-006,Argentina,Model D,2025
EV-ACME-00250,ACEMDLA18RK000250,CLI-00993,SUC-010,Perú,Model A,2024
EV-ACME-00251,ACEMDLF14RH000251,CLI-00696,SUC-008,Chile,Model F,2024
EV-ACME-00252,ACEMDLF16SB000252,CLI-00277,SUC-002,Guatemala,Model F,2025
EV-ACME-00253,ACEMDLF16SE000253,CLI-00825,SUC-005,Colombia,Model F,2025
EV-ACME-00254,ACEMDLD13SJ000254,CLI-00119,SUC-009,Panamá,Model D,2025
EV-ACME-00255,ACEMDLE11RK000255,CLI-00594,SUC-010,Perú,Model E,2024
EV-ACME-00256,ACEMDLA12RF000256,CLI-00564,SUC-006,Argentina,Model A,2024
EV-ACME-00257,ACEMDLE14TG000257,CLI-00719,SUC-007,Canadá,Model E,2026
EV-ACME-00258,ACEMDLF17SA000258,CLI-00748,SUC-001,México,Model F,2025
EV-ACME-00259,ACEMDLE15RB000259,CLI-00087,SUC-002,Guatemala,Model E,2024
EV-ACME-00260,ACEMDLA17SE000260,CLI-00495,SUC-005,Colombia,Model A,2025
EV-ACME-00261,ACEMDLA17SC000261,CLI-00415,SUC-003,Honduras,Model A,2025
EV-ACME-00262,ACEMDLB15TA000262,CLI-00141,SUC-001,México,Model B,2026
EV-ACME-00263,ACEMDLF13RF000263,CLI-00456,SUC-006,Argentina,Model F,2024
EV-ACME-00264,ACEMDLC15SK000264,CLI-00587,SUC-010,Perú,Model C,2025
EV-ACME-00265,ACEMDLC19SJ000265,CLI-00854,SUC-009,Panamá,Model C,2025
EV-ACME-00266,ACEMDLB16SC000266,CLI-00477,SUC-003,Honduras,Model B,2025
EV-ACME-00267,ACEMDLE10SJ000267,CLI-00199,SUC-009,Panamá,Model E,2025
EV-ACME-00268,ACEMDLB10TK000268,CLI-00594,SUC-010,Perú,Model B,2026
EV-ACME-00269,ACEMDLE14RB000269,CLI-00666,SUC-002,Guatemala,Model E,2024
EV-ACME-00270,ACEMDLA18SB000270,CLI-00300,SUC-002,Guatemala,Model A,2025
EV-ACME-00271,ACEMDLF17RC000271,CLI-00412,SUC-003,Honduras,Model F,2024
EV-ACME-00272,ACEMDLD18RD000272,CLI-00498,SUC-004,Costa Rica,Model D,2024
EV-ACME-00273,ACEMDLE12SC000273,CLI-00494,SUC-003,Honduras,Model E,2025
EV-ACME-00274,ACEMDLB14TE000274,CLI-00832,SUC-005,Colombia,Model B,2026
EV-ACME-00275,ACEMDLB17RK000275,CLI-00122,SUC-010,Perú,Model B,2024
EV-ACME-00276,ACEMDLE13RF000276,CLI-00014,SUC-006,Argentina,Model E,2024
EV-ACME-00277,ACEMDLC12SC000277,CLI-00320,SUC-003,Honduras,Model C,2025
EV-ACME-00278,ACEMDLA19SJ000278,CLI-00044,SUC-009,Panamá,Model A,2025
EV-ACME-00279,ACEMDLA18SG000279,CLI-00808,SUC-007,Canadá,Model A,2025
EV-ACME-00280,ACEMDLC11RB000280,CLI-00997,SUC-002,Guatemala,Model C,2024
EV-ACME-00281,ACEMDLE18TF000281,CLI-00687,SUC-006,Argentina,Model E,2026
EV-ACME-00282,ACEMDLA13TG000282,CLI-00106,SUC-007,Canadá,Model A,2026
EV-ACME-00283,ACEMDLF16SA000283,CLI-00675,SUC-001,México,Model F,2025
EV-ACME-00284,ACEMDLD10SH000284,CLI-00936,SUC-008,Chile,Model D,2025
EV-ACME-00285,ACEMDLE17RA000285,CLI-00989,SUC-001,México,Model E,2024
EV-ACME-00286,ACEMDLD11SJ000286,CLI-00599,SUC-009,Panamá,Model D,2025
EV-ACME-00287,ACEMDLD13RF000287,CLI-00577,SUC-006,Argentina,Model D,2024
EV-ACME-00288,ACEMDLA14TJ000288,CLI-00518,SUC-009,Panamá,Model A,2026
EV-ACME-00289,ACEMDLD18TG000289,CLI-00111,SUC-007,Canadá,Model D,2026
EV-ACME-00290,ACEMDLB12TE000290,CLI-00193,SUC-005,Colombia,Model B,2026
EV-ACME-00291,ACEMDLA14SC000291,CLI-00490,SUC-003,Honduras,Model A,2025
EV-ACME-00292,ACEMDLB11SF000292,CLI-00399,SUC-006,Argentina,Model B,2025
EV-ACME-00293,ACEMDLF15SG000293,CLI-00802,SUC-007,Canadá,Model F,2025
EV-ACME-00294,ACEMDLD15RF000294,CLI-00644,SUC-006,Argentina,Model D,2024
EV-ACME-00295,ACEMDLF19SE000295,CLI-00832,SUC-005,Colombia,Model F,2025
EV-ACME-00296,ACEMDLA17RF000296,CLI-00372,SUC-006,Argentina,Model A,2024
EV-ACME-00297,ACEMDLC15SJ000297,CLI-00526,SUC-009,Panamá,Model C,2025
EV-ACME-00298,ACEMDLD19RK000298,CLI-00346,SUC-010,Perú,Model D,2024
EV-ACME-00299,ACEMDLE15RE000299,CLI-00085,SUC-005,Colombia,Model E,2024
EV-ACME-00300,ACEMDLD19RB000300,CLI-00486,SUC-002,Guatemala,Model D,2024
EV-ACME-00301,ACEMDLB14SB000301,CLI-00833,SUC-002,Guatemala,Model B,2025
EV-ACME-00302,ACEMDLF14SK000302,CLI-00734,SUC-010,Perú,Model F,2025
EV-ACME-00303,ACEMDLC16RE000303,CLI-00373,SUC-005,Colombia,Model C,2024
EV-ACME-00304,ACEMDLE18TK000304,CLI-00310,SUC-010,Perú,Model E,2026
EV-ACME-00305,ACEMDLB12TD000305,CLI-00828,SUC-004,Costa Rica,Model B,2026
EV-ACME-00306,ACEMDLF19RF000306,CLI-00102,SUC-006,Argentina,Model F,2024
EV-ACME-00307,ACEMDLB11TF000307,CLI-00028,SUC-006,Argentina,Model B,2026
EV-ACME-00308,ACEMDLA13SJ000308,CLI-00049,SUC-009,Panamá,Model A,2025
EV-ACME-00309,ACEMDLA16TB000309,CLI-00981,SUC-002,Guatemala,Model A,2026
EV-ACME-00310,ACEMDLB11RK000310,CLI-00995,SUC-010,Perú,Model B,2024
EV-ACME-00311,ACEMDLB14TK000311,CLI-00453,SUC-010,Perú,Model B,2026
EV-ACME-00312,ACEMDLC17RE000312,CLI-00930,SUC-005,Colombia,Model C,2024
EV-ACME-00313,ACEMDLB12SJ000313,CLI-00845,SUC-009,Panamá,Model B,2025
EV-ACME-00314,ACEMDLA18TD000314,CLI-00642,SUC-004,Costa Rica,Model A,2026
EV-ACME-00315,ACEMDLB18RJ000315,CLI-00703,SUC-009,Panamá,Model B,2024
EV-ACME-00316,ACEMDLD12SG000316,CLI-00306,SUC-007,Canadá,Model D,2025
EV-ACME-00317,ACEMDLD12SF000317,CLI-00260,SUC-006,Argentina,Model D,2025
EV-ACME-00318,ACEMDLC11RE000318,CLI-00727,SUC-005,Colombia,Model C,2024
EV-ACME-00319,ACEMDLB16RF000319,CLI-00766,SUC-006,Argentina,Model B,2024
EV-ACME-00320,ACEMDLF11RA000320,CLI-00558,SUC-001,México,Model F,2024
EV-ACME-00321,ACEMDLD13TC000321,CLI-00549,SUC-003,Honduras,Model D,2026
EV-ACME-00322,ACEMDLD15SG000322,CLI-00393,SUC-007,Canadá,Model D,2025
EV-ACME-00323,ACEMDLA18TF000323,CLI-00978,SUC-006,Argentina,Model A,2026
EV-ACME-00324,ACEMDLB17TG000324,CLI-00173,SUC-007,Canadá,Model B,2026
EV-ACME-00325,ACEMDLD18TF000325,CLI-00687,SUC-006,Argentina,Model D,2026
EV-ACME-00326,ACEMDLD11RH000326,CLI-00177,SUC-008,Chile,Model D,2024
EV-ACME-00327,ACEMDLD19SK000327,CLI-00409,SUC-010,Perú,Model D,2025
EV-ACME-00328,ACEMDLD14SE000328,CLI-00757,SUC-005,Colombia,Model D,2025
EV-ACME-00329,ACEMDLA15SC000329,CLI-00440,SUC-003,Honduras,Model A,2025
EV-ACME-00330,ACEMDLD17RJ000330,CLI-00970,SUC-009,Panamá,Model D,2024
EV-ACME-00331,ACEMDLC19RE000331,CLI-00128,SUC-005,Colombia,Model C,2024
EV-ACME-00332,ACEMDLB12RB000332,CLI-00557,SUC-002,Guatemala,Model B,2024
EV-ACME-00333,ACEMDLE13TF000333,CLI-00282,SUC-006,Argentina,Model E,2026
EV-ACME-00334,ACEMDLC12RF000334,CLI-00630,SUC-006,Argentina,Model C,2024
EV-ACME-00335,ACEMDLA12SD000335,CLI-00125,SUC-004,Costa Rica,Model A,2025
EV-ACME-00336,ACEMDLF18TH000336,CLI-00387,SUC-008,Chile,Model F,2026
EV-ACME-00337,ACEMDLD17SJ000337,CLI-00487,SUC-009,Panamá,Model D,2025
EV-ACME-00338,ACEMDLA12SJ000338,CLI-00519,SUC-009,Panamá,Model A,2025
EV-ACME-00339,ACEMDLA12RF000339,CLI-00458,SUC-006,Argentina,Model A,2024
EV-ACME-00340,ACEMDLB15TH000340,CLI-00483,SUC-008,Chile,Model B,2026
EV-ACME-00341,ACEMDLD15TH000341,CLI-00343,SUC-008,Chile,Model D,2026
EV-ACME-00342,ACEMDLB14SH000342,CLI-00780,SUC-008,Chile,Model B,2025
EV-ACME-00343,ACEMDLE18SH000343,CLI-00123,SUC-008,Chile,Model E,2025
EV-ACME-00344,ACEMDLC11RE000344,CLI-00216,SUC-005,Colombia,Model C,2024
EV-ACME-00345,ACEMDLF19SJ000345,CLI-00829,SUC-009,Panamá,Model F,2025
EV-ACME-00346,ACEMDLA16TJ000346,CLI-00677,SUC-009,Panamá,Model A,2026
EV-ACME-00347,ACEMDLE13TG000347,CLI-00294,SUC-007,Canadá,Model E,2026
EV-ACME-00348,ACEMDLC17RF000348,CLI-00685,SUC-006,Argentina,Model C,2024
EV-ACME-00349,ACEMDLD14SJ000349,CLI-00886,SUC-009,Panamá,Model D,2025
EV-ACME-00350,ACEMDLC17RH000350,CLI-00343,SUC-008,Chile,Model C,2024
EV-ACME-00351,ACEMDLA19RC000351,CLI-00053,SUC-003,Honduras,Model A,2024
EV-ACME-00352,ACEMDLF17TH000352,CLI-00502,SUC-008,Chile,Model F,2026
EV-ACME-00353,ACEMDLB10SD000353,CLI-00008,SUC-004,Costa Rica,Model B,2025
EV-ACME-00354,ACEMDLC17TK000354,CLI-00750,SUC-010,Perú,Model C,2026
EV-ACME-00355,ACEMDLE14SK000355,CLI-00858,SUC-010,Perú,Model E,2025
EV-ACME-00356,ACEMDLC13TG000356,CLI-00144,SUC-007,Canadá,Model C,2026
EV-ACME-00357,ACEMDLA14RB000357,CLI-00933,SUC-002,Guatemala,Model A,2024
EV-ACME-00358,ACEMDLE17TJ000358,CLI-00586,SUC-009,Panamá,Model E,2026
EV-ACME-00359,ACEMDLE15SD000359,CLI-00649,SUC-004,Costa Rica,Model E,2025
EV-ACME-00360,ACEMDLE15RB000360,CLI-00603,SUC-002,Guatemala,Model E,2024
EV-ACME-00361,ACEMDLF19RB000361,CLI-00139,SUC-002,Guatemala,Model F,2024
EV-ACME-00362,ACEMDLD10RF000362,CLI-00944,SUC-006,Argentina,Model D,2024
EV-ACME-00363,ACEMDLB13TF000363,CLI-00522,SUC-006,Argentina,Model B,2026
EV-ACME-00364,ACEMDLA19SF000364,CLI-00523,SUC-006,Argentina,Model A,2025
EV-ACME-00365,ACEMDLD10RC000365,CLI-00875,SUC-003,Honduras,Model D,2024
EV-ACME-00366,ACEMDLF12TA000366,CLI-00562,SUC-001,México,Model F,2026
EV-ACME-00367,ACEMDLA15SE000367,CLI-00473,SUC-005,Colombia,Model A,2025
EV-ACME-00368,ACEMDLD17TA000368,CLI-00572,SUC-001,México,Model D,2026
EV-ACME-00369,ACEMDLA13SB000369,CLI-00933,SUC-002,Guatemala,Model A,2025
EV-ACME-00370,ACEMDLD14SD000370,CLI-00383,SUC-004,Costa Rica,Model D,2025
EV-ACME-00371,ACEMDLA12SC000371,CLI-00986,SUC-003,Honduras,Model A,2025
EV-ACME-00372,ACEMDLB11RJ000372,CLI-00501,SUC-009,Panamá,Model B,2024
EV-ACME-00373,ACEMDLA17TD000373,CLI-00655,SUC-004,Costa Rica,Model A,2026
EV-ACME-00374,ACEMDLF17RD000374,CLI-00784,SUC-004,Costa Rica,Model F,2024
EV-ACME-00375,ACEMDLB19RJ000375,CLI-00434,SUC-009,Panamá,Model B,2024
EV-ACME-00376,ACEMDLE13RD000376,CLI-00270,SUC-004,Costa Rica,Model E,2024
EV-ACME-00377,ACEMDLA13SJ000377,CLI-00402,SUC-009,Panamá,Model A,2025
EV-ACME-00378,ACEMDLB19TB000378,CLI-00185,SUC-002,Guatemala,Model B,2026
EV-ACME-00379,ACEMDLE14TJ000379,CLI-00544,SUC-009,Panamá,Model E,2026
EV-ACME-00380,ACEMDLB13RE000380,CLI-00365,SUC-005,Colombia,Model B,2024
EV-ACME-00381,ACEMDLE12SC000381,CLI-00976,SUC-003,Honduras,Model E,2025
EV-ACME-00382,ACEMDLC13RF000382,CLI-00680,SUC-006,Argentina,Model C,2024
EV-ACME-00383,ACEMDLE17TA000383,CLI-00520,SUC-001,México,Model E,2026
EV-ACME-00384,ACEMDLF14TH000384,CLI-00538,SUC-008,Chile,Model F,2026
EV-ACME-00385,ACEMDLD14SF000385,CLI-00680,SUC-006,Argentina,Model D,2025
EV-ACME-00386,ACEMDLE10RK000386,CLI-00659,SUC-010,Perú,Model E,2024
EV-ACME-00387,ACEMDLA11SJ000387,CLI-00250,SUC-009,Panamá,Model A,2025
EV-ACME-00388,ACEMDLB17SB000388,CLI-00407,SUC-002,Guatemala,Model B,2025
EV-ACME-00389,ACEMDLF17RC000389,CLI-00412,SUC-003,Honduras,Model F,2024
EV-ACME-00390,ACEMDLD15RB000390,CLI-00651,SUC-002,Guatemala,Model D,2024
EV-ACME-00391,ACEMDLF15RA000391,CLI-00661,SUC-001,México,Model F,2024
EV-ACME-00392,ACEMDLF15TG000392,CLI-00042,SUC-007,Canadá,Model F,2026
EV-ACME-00393,ACEMDLD13TD000393,CLI-00433,SUC-004,Costa Rica,Model D,2026
EV-ACME-00394,ACEMDLF11TJ000394,CLI-00864,SUC-009,Panamá,Model F,2026
EV-ACME-00395,ACEMDLB12RB000395,CLI-00142,SUC-002,Guatemala,Model B,2024
EV-ACME-00396,ACEMDLA11SK000396,CLI-00582,SUC-010,Perú,Model A,2025
EV-ACME-00397,ACEMDLD13SB000397,CLI-00988,SUC-002,Guatemala,Model D,2025
EV-ACME-00398,ACEMDLB10RE000398,CLI-00373,SUC-005,Colombia,Model B,2024
EV-ACME-00399,ACEMDLC19TE000399,CLI-00032,SUC-005,Colombia,Model C,2026
EV-ACME-00400,ACEMDLD12SJ000400,CLI-00925,SUC-009,Panamá,Model D,2025
EV-ACME-00401,ACEMDLF12TC000401,CLI-00598,SUC-003,Honduras,Model F,2026
EV-ACME-00402,ACEMDLB15RH000402,CLI-00016,SUC-008,Chile,Model B,2024
EV-ACME-00403,ACEMDLB13SK000403,CLI-00470,SUC-010,Perú,Model B,2025
EV-ACME-00404,ACEMDLA18SK000404,CLI-00161,SUC-010,Perú,Model A,2025
EV-ACME-00405,ACEMDLD12SK000405,CLI-00283,SUC-010,Perú,Model D,2025
EV-ACME-00406,ACEMDLE17TG000406,CLI-00773,SUC-007,Canadá,Model E,2026
EV-ACME-00407,ACEMDLC14SD000407,CLI-00683,SUC-004,Costa Rica,Model C,2025
EV-ACME-00408,ACEMDLE17TH000408,CLI-00588,SUC-008,Chile,Model E,2026
EV-ACME-00409,ACEMDLA18TC000409,CLI-00809,SUC-003,Honduras,Model A,2026
EV-ACME-00410,ACEMDLC14TK000410,CLI-00718,SUC-010,Perú,Model C,2026
EV-ACME-00411,ACEMDLC14SK000411,CLI-00932,SUC-010,Perú,Model C,2025
EV-ACME-00412,ACEMDLE15TB000412,CLI-00003,SUC-002,Guatemala,Model E,2026
EV-ACME-00413,ACEMDLB16SC000413,CLI-00892,SUC-003,Honduras,Model B,2025
EV-ACME-00414,ACEMDLE19SF000414,CLI-00372,SUC-006,Argentina,Model E,2025
EV-ACME-00415,ACEMDLA14TJ000415,CLI-00970,SUC-009,Panamá,Model A,2026
EV-ACME-00416,ACEMDLC19TH000416,CLI-00130,SUC-008,Chile,Model C,2026
EV-ACME-00417,ACEMDLA10SJ000417,CLI-00312,SUC-009,Panamá,Model A,2025
EV-ACME-00418,ACEMDLF12TF000418,CLI-00956,SUC-006,Argentina,Model F,2026
EV-ACME-00419,ACEMDLA15RJ000419,CLI-00112,SUC-009,Panamá,Model A,2024
EV-ACME-00420,ACEMDLE14SF000420,CLI-00522,SUC-006,Argentina,Model E,2025
EV-ACME-00421,ACEMDLE10RC000421,CLI-00268,SUC-003,Honduras,Model E,2024
EV-ACME-00422,ACEMDLB10SB000422,CLI-00258,SUC-002,Guatemala,Model B,2025
EV-ACME-00423,ACEMDLB13RE000423,CLI-00926,SUC-005,Colombia,Model B,2024
EV-ACME-00424,ACEMDLE17SG000424,CLI-00106,SUC-007,Canadá,Model E,2025
EV-ACME-00425,ACEMDLC15TJ000425,CLI-00487,SUC-009,Panamá,Model C,2026
EV-ACME-00426,ACEMDLF16RJ000426,CLI-00712,SUC-009,Panamá,Model F,2024
EV-ACME-00427,ACEMDLD14RF000427,CLI-00685,SUC-006,Argentina,Model D,2024
EV-ACME-00428,ACEMDLD12RG000428,CLI-00639,SUC-007,Canadá,Model D,2024
EV-ACME-00429,ACEMDLE18TG000429,CLI-00629,SUC-007,Canadá,Model E,2026
EV-ACME-00430,ACEMDLC12RC000430,CLI-00841,SUC-003,Honduras,Model C,2024
EV-ACME-00431,ACEMDLC15SC000431,CLI-00230,SUC-003,Honduras,Model C,2025
EV-ACME-00432,ACEMDLF13RA000432,CLI-00820,SUC-001,México,Model F,2024
EV-ACME-00433,ACEMDLC19TG000433,CLI-00679,SUC-007,Canadá,Model C,2026
EV-ACME-00434,ACEMDLF13SA000434,CLI-00983,SUC-001,México,Model F,2025
EV-ACME-00435,ACEMDLB13SJ000435,CLI-00596,SUC-009,Panamá,Model B,2025
EV-ACME-00436,ACEMDLD14RH000436,CLI-00715,SUC-008,Chile,Model D,2024
EV-ACME-00437,ACEMDLF17SG000437,CLI-00076,SUC-007,Canadá,Model F,2025
EV-ACME-00438,ACEMDLB14SK000438,CLI-00302,SUC-010,Perú,Model B,2025
EV-ACME-00439,ACEMDLD18TH000439,CLI-00913,SUC-008,Chile,Model D,2026
EV-ACME-00440,ACEMDLC14SF000440,CLI-00723,SUC-006,Argentina,Model C,2025
EV-ACME-00441,ACEMDLF17SC000441,CLI-00444,SUC-003,Honduras,Model F,2025
EV-ACME-00442,ACEMDLF17RF000442,CLI-00668,SUC-006,Argentina,Model F,2024
EV-ACME-00443,ACEMDLA15SJ000443,CLI-00963,SUC-009,Panamá,Model A,2025
EV-ACME-00444,ACEMDLF18TC000444,CLI-00947,SUC-003,Honduras,Model F,2026
EV-ACME-00445,ACEMDLB16RC000445,CLI-00974,SUC-003,Honduras,Model B,2024
EV-ACME-00446,ACEMDLD18SF000446,CLI-00523,SUC-006,Argentina,Model D,2025
EV-ACME-00447,ACEMDLF12RJ000447,CLI-00060,SUC-009,Panamá,Model F,2024
EV-ACME-00448,ACEMDLE15TG000448,CLI-00111,SUC-007,Canadá,Model E,2026
EV-ACME-00449,ACEMDLB12TE000449,CLI-00967,SUC-005,Colombia,Model B,2026
EV-ACME-00450,ACEMDLC15TE000450,CLI-00170,SUC-005,Colombia,Model C,2026
EV-ACME-00451,ACEMDLC17TA000451,CLI-00368,SUC-001,México,Model C,2026
EV-ACME-00452,ACEMDLD11RB000452,CLI-00616,SUC-002,Guatemala,Model D,2024
EV-ACME-00453,ACEMDLB12TA000453,CLI-00261,SUC-001,México,Model B,2026
EV-ACME-00454,ACEMDLF19SH000454,CLI-00063,SUC-008,Chile,Model F,2025
EV-ACME-00455,ACEMDLA12TK000455,CLI-00275,SUC-010,Perú,Model A,2026
EV-ACME-00456,ACEMDLC10SG000456,CLI-00304,SUC-007,Canadá,Model C,2025
EV-ACME-00457,ACEMDLA10TK000457,CLI-00900,SUC-010,Perú,Model A,2026
EV-ACME-00458,ACEMDLA12SK000458,CLI-00227,SUC-010,Perú,Model A,2025
EV-ACME-00459,ACEMDLA16RE000459,CLI-00930,SUC-005,Colombia,Model A,2024
EV-ACME-00460,ACEMDLC13TK000460,CLI-00689,SUC-010,Perú,Model C,2026
EV-ACME-00461,ACEMDLC17TK000461,CLI-00094,SUC-010,Perú,Model C,2026
EV-ACME-00462,ACEMDLF15SJ000462,CLI-00150,SUC-009,Panamá,Model F,2025
EV-ACME-00463,ACEMDLE16SE000463,CLI-00929,SUC-005,Colombia,Model E,2025
EV-ACME-00464,ACEMDLE11RH000464,CLI-00964,SUC-008,Chile,Model E,2024
EV-ACME-00465,ACEMDLC12RK000465,CLI-00310,SUC-010,Perú,Model C,2024
EV-ACME-00466,ACEMDLC11RE000466,CLI-00798,SUC-005,Colombia,Model C,2024
EV-ACME-00467,ACEMDLB13RH000467,CLI-00118,SUC-008,Chile,Model B,2024
EV-ACME-00468,ACEMDLE13SA000468,CLI-00580,SUC-001,México,Model E,2025
EV-ACME-00469,ACEMDLB13RA000469,CLI-00234,SUC-001,México,Model B,2024
EV-ACME-00470,ACEMDLB14RK000470,CLI-00835,SUC-010,Perú,Model B,2024
EV-ACME-00471,ACEMDLC15SF000471,CLI-00317,SUC-006,Argentina,Model C,2025
EV-ACME-00472,ACEMDLC18TJ000472,CLI-00950,SUC-009,Panamá,Model C,2026
EV-ACME-00473,ACEMDLF15TD000473,CLI-00570,SUC-004,Costa Rica,Model F,2026
EV-ACME-00474,ACEMDLC19RD000474,CLI-00709,SUC-004,Costa Rica,Model C,2024
EV-ACME-00475,ACEMDLE13SG000475,CLI-00719,SUC-007,Canadá,Model E,2025
EV-ACME-00476,ACEMDLB15SG000476,CLI-00439,SUC-007,Canadá,Model B,2025
EV-ACME-00477,ACEMDLB10SK000477,CLI-00811,SUC-010,Perú,Model B,2025
EV-ACME-00478,ACEMDLC11TJ000478,CLI-00250,SUC-009,Panamá,Model C,2026
EV-ACME-00479,ACEMDLD18TF000479,CLI-00359,SUC-006,Argentina,Model D,2026
EV-ACME-00480,ACEMDLA11RG000480,CLI-00411,SUC-007,Canadá,Model A,2024
EV-ACME-00481,ACEMDLE12TJ000481,CLI-00940,SUC-009,Panamá,Model E,2026
EV-ACME-00482,ACEMDLC13RE000482,CLI-00627,SUC-005,Colombia,Model C,2024
EV-ACME-00483,ACEMDLB14RB000483,CLI-00421,SUC-002,Guatemala,Model B,2024
EV-ACME-00484,ACEMDLE16RC000484,CLI-00477,SUC-003,Honduras,Model E,2024
EV-ACME-00485,ACEMDLE10RA000485,CLI-00082,SUC-001,México,Model E,2024
EV-ACME-00486,ACEMDLB17TA000486,CLI-00233,SUC-001,México,Model B,2026
EV-ACME-00487,ACEMDLE10SF000487,CLI-00146,SUC-006,Argentina,Model E,2025
EV-ACME-00488,ACEMDLC17RG000488,CLI-00144,SUC-007,Canadá,Model C,2024
EV-ACME-00489,ACEMDLA18TF000489,CLI-00720,SUC-006,Argentina,Model A,2026
EV-ACME-00490,ACEMDLA17SE000490,CLI-00832,SUC-005,Colombia,Model A,2025
EV-ACME-00491,ACEMDLB15RF000491,CLI-00606,SUC-006,Argentina,Model B,2024
EV-ACME-00492,ACEMDLE11TK000492,CLI-00932,SUC-010,Perú,Model E,2026
EV-ACME-00493,ACEMDLF11SB000493,CLI-00619,SUC-002,Guatemala,Model F,2025
EV-ACME-00494,ACEMDLD14SA000494,CLI-00452,SUC-001,México,Model D,2025
EV-ACME-00495,ACEMDLB13RF000495,CLI-00507,SUC-006,Argentina,Model B,2024
EV-ACME-00496,ACEMDLA11RE000496,CLI-00968,SUC-005,Colombia,Model A,2024
EV-ACME-00497,ACEMDLC10TD000497,CLI-00702,SUC-004,Costa Rica,Model C,2026
EV-ACME-00498,ACEMDLD17SA000498,CLI-00259,SUC-001,México,Model D,2025
EV-ACME-00499,ACEMDLE13RD000499,CLI-00125,SUC-004,Costa Rica,Model E,2024
EV-ACME-00500,ACEMDLA11TF000500,CLI-00110,SUC-006,Argentina,Model A,2026
EV-ACME-00501,ACEMDLF10SF000501,CLI-00372,SUC-006,Argentina,Model F,2025
EV-ACME-00502,ACEMDLA10TJ000502,CLI-00408,SUC-009,Panamá,Model A,2026
EV-ACME-00503,ACEMDLF17SH000503,CLI-00805,SUC-008,Chile,Model F,2025
EV-ACME-00504,ACEMDLD14TD000504,CLI-00247,SUC-004,Costa Rica,Model D,2026
EV-ACME-00505,ACEMDLB13TD000505,CLI-00240,SUC-004,Costa Rica,Model B,2026
EV-ACME-00506,ACEMDLE14SC000506,CLI-00650,SUC-003,Honduras,Model E,2025
EV-ACME-00507,ACEMDLB18TF000507,CLI-00946,SUC-006,Argentina,Model B,2026
EV-ACME-00508,ACEMDLF16RK000508,CLI-00569,SUC-010,Perú,Model F,2024
EV-ACME-00509,ACEMDLA17RC000509,CLI-00444,SUC-003,Honduras,Model A,2024
EV-ACME-00510,ACEMDLF14RC000510,CLI-00307,SUC-003,Honduras,Model F,2024
EV-ACME-00511,ACEMDLD10RE000511,CLI-00806,SUC-005,Colombia,Model D,2024
EV-ACME-00512,ACEMDLF19TD000512,CLI-00331,SUC-004,Costa Rica,Model F,2026
EV-ACME-00513,ACEMDLE12TB000513,CLI-00178,SUC-002,Guatemala,Model E,2026
EV-ACME-00514,ACEMDLC13TK000514,CLI-00396,SUC-010,Perú,Model C,2026
EV-ACME-00515,ACEMDLD16RC000515,CLI-00490,SUC-003,Honduras,Model D,2024
EV-ACME-00516,ACEMDLA15RF000516,CLI-00485,SUC-006,Argentina,Model A,2024
EV-ACME-00517,ACEMDLB11SA000517,CLI-00259,SUC-001,México,Model B,2025
EV-ACME-00518,ACEMDLB11SK000518,CLI-00310,SUC-010,Perú,Model B,2025
EV-ACME-00519,ACEMDLB10RG000519,CLI-00802,SUC-007,Canadá,Model B,2024
EV-ACME-00520,ACEMDLF16RH000520,CLI-00512,SUC-008,Chile,Model F,2024
EV-ACME-00521,ACEMDLD11RD000521,CLI-00433,SUC-004,Costa Rica,Model D,2024
EV-ACME-00522,ACEMDLF11SC000522,CLI-00191,SUC-003,Honduras,Model F,2025
EV-ACME-00523,ACEMDLA11SK000523,CLI-00594,SUC-010,Perú,Model A,2025
EV-ACME-00524,ACEMDLF14RK000524,CLI-00094,SUC-010,Perú,Model F,2024
EV-ACME-00525,ACEMDLC16TH000525,CLI-00124,SUC-008,Chile,Model C,2026
EV-ACME-00526,ACEMDLC11TE000526,CLI-00132,SUC-005,Colombia,Model C,2026
EV-ACME-00527,ACEMDLC19SH000527,CLI-00948,SUC-008,Chile,Model C,2025
EV-ACME-00528,ACEMDLA13SK000528,CLI-00582,SUC-010,Perú,Model A,2025
EV-ACME-00529,ACEMDLD17SC000529,CLI-00022,SUC-003,Honduras,Model D,2025
EV-ACME-00530,ACEMDLC11RF000530,CLI-00350,SUC-006,Argentina,Model C,2024
EV-ACME-00531,ACEMDLE14RB000531,CLI-00488,SUC-002,Guatemala,Model E,2024
EV-ACME-00532,ACEMDLC19SG000532,CLI-00462,SUC-007,Canadá,Model C,2025
EV-ACME-00533,ACEMDLF18TF000533,CLI-00540,SUC-006,Argentina,Model F,2026
EV-ACME-00534,ACEMDLD12RE000534,CLI-00167,SUC-005,Colombia,Model D,2024
EV-ACME-00535,ACEMDLD14SF000535,CLI-00872,SUC-006,Argentina,Model D,2025
EV-ACME-00536,ACEMDLA10TH000536,CLI-00118,SUC-008,Chile,Model A,2026
EV-ACME-00537,ACEMDLC16TC000537,CLI-00823,SUC-003,Honduras,Model C,2026
EV-ACME-00538,ACEMDLD11SB000538,CLI-00716,SUC-002,Guatemala,Model D,2025
EV-ACME-00539,ACEMDLA18TJ000539,CLI-00099,SUC-009,Panamá,Model A,2026
EV-ACME-00540,ACEMDLB17TA000540,CLI-00273,SUC-001,México,Model B,2026
EV-ACME-00541,ACEMDLF13SJ000541,CLI-00049,SUC-009,Panamá,Model F,2025
EV-ACME-00542,ACEMDLF13SF000542,CLI-00507,SUC-006,Argentina,Model F,2025
EV-ACME-00543,ACEMDLA18RJ000543,CLI-00662,SUC-009,Panamá,Model A,2024
EV-ACME-00544,ACEMDLD11SA000544,CLI-00562,SUC-001,México,Model D,2025
EV-ACME-00545,ACEMDLA17TB000545,CLI-00793,SUC-002,Guatemala,Model A,2026
EV-ACME-00546,ACEMDLB11SD000546,CLI-00605,SUC-004,Costa Rica,Model B,2025
EV-ACME-00547,ACEMDLB19TA000547,CLI-00654,SUC-001,México,Model B,2026
EV-ACME-00548,ACEMDLE10TH000548,CLI-00387,SUC-008,Chile,Model E,2026
EV-ACME-00549,ACEMDLF11RA000549,CLI-00017,SUC-001,México,Model F,2024
EV-ACME-00550,ACEMDLD14TA000550,CLI-00989,SUC-001,México,Model D,2026
EV-ACME-00551,ACEMDLE15TK000551,CLI-00161,SUC-010,Perú,Model E,2026
EV-ACME-00552,ACEMDLE11SB000552,CLI-00469,SUC-002,Guatemala,Model E,2025
EV-ACME-00553,ACEMDLD15TB000553,CLI-00941,SUC-002,Guatemala,Model D,2026
EV-ACME-00554,ACEMDLB10TK000554,CLI-00794,SUC-010,Perú,Model B,2026
EV-ACME-00555,ACEMDLD12SH000555,CLI-00062,SUC-008,Chile,Model D,2025
EV-ACME-00556,ACEMDLF10TE000556,CLI-00985,SUC-005,Colombia,Model F,2026
EV-ACME-00557,ACEMDLC10TE000557,CLI-00985,SUC-005,Colombia,Model C,2026
EV-ACME-00558,ACEMDLE10TA000558,CLI-00208,SUC-001,México,Model E,2026
EV-ACME-00559,ACEMDLB15TK000559,CLI-00489,SUC-010,Perú,Model B,2026
EV-ACME-00560,ACEMDLA16SG000560,CLI-00206,SUC-007,Canadá,Model A,2025
EV-ACME-00561,ACEMDLF17SD000561,CLI-00692,SUC-004,Costa Rica,Model F,2025
EV-ACME-00562,ACEMDLF18SJ000562,CLI-00712,SUC-009,Panamá,Model F,2025
EV-ACME-00563,ACEMDLF10SF000563,CLI-00180,SUC-006,Argentina,Model F,2025
EV-ACME-00564,ACEMDLB17SH000564,CLI-00204,SUC-008,Chile,Model B,2025
EV-ACME-00565,ACEMDLF17TB000565,CLI-00666,SUC-002,Guatemala,Model F,2026
EV-ACME-00566,ACEMDLD13SG000566,CLI-00194,SUC-007,Canadá,Model D,2025
EV-ACME-00567,ACEMDLB17RF000567,CLI-00685,SUC-006,Argentina,Model B,2024
EV-ACME-00568,ACEMDLC13SA000568,CLI-00520,SUC-001,México,Model C,2025
EV-ACME-00569,ACEMDLA19RJ000569,CLI-00703,SUC-009,Panamá,Model A,2024
EV-ACME-00570,ACEMDLB14SE000570,CLI-00295,SUC-005,Colombia,Model B,2025
EV-ACME-00571,ACEMDLA14RK000571,CLI-00296,SUC-010,Perú,Model A,2024
EV-ACME-00572,ACEMDLE17RC000572,CLI-00426,SUC-003,Honduras,Model E,2024
EV-ACME-00573,ACEMDLB14RD000573,CLI-00545,SUC-004,Costa Rica,Model B,2024
EV-ACME-00574,ACEMDLA10RB000574,CLI-00421,SUC-002,Guatemala,Model A,2024
EV-ACME-00575,ACEMDLA16RJ000575,CLI-00632,SUC-009,Panamá,Model A,2024
EV-ACME-00576,ACEMDLE11TG000576,CLI-00760,SUC-007,Canadá,Model E,2026
EV-ACME-00577,ACEMDLF13SK000577,CLI-00227,SUC-010,Perú,Model F,2025
EV-ACME-00578,ACEMDLE16TJ000578,CLI-00547,SUC-009,Panamá,Model E,2026
EV-ACME-00579,ACEMDLF13RK000579,CLI-00446,SUC-010,Perú,Model F,2024
EV-ACME-00580,ACEMDLC19SG000580,CLI-00674,SUC-007,Canadá,Model C,2025
EV-ACME-00581,ACEMDLE11TD000581,CLI-00419,SUC-004,Costa Rica,Model E,2026
EV-ACME-00582,ACEMDLB19RD000582,CLI-00069,SUC-004,Costa Rica,Model B,2024
EV-ACME-00583,ACEMDLE12SB000583,CLI-00857,SUC-002,Guatemala,Model E,2025
EV-ACME-00584,ACEMDLE14SJ000584,CLI-00643,SUC-009,Panamá,Model E,2025
EV-ACME-00585,ACEMDLF11RH000585,CLI-00713,SUC-008,Chile,Model F,2024
EV-ACME-00586,ACEMDLE14RG000586,CLI-00762,SUC-007,Canadá,Model E,2024
EV-ACME-00587,ACEMDLB13RK000587,CLI-00269,SUC-010,Perú,Model B,2024
EV-ACME-00588,ACEMDLD18SK000588,CLI-00587,SUC-010,Perú,Model D,2025
EV-ACME-00589,ACEMDLA19SF000589,CLI-00285,SUC-006,Argentina,Model A,2025
EV-ACME-00590,ACEMDLB17SH000590,CLI-00089,SUC-008,Chile,Model B,2025
EV-ACME-00591,ACEMDLD14SD000591,CLI-00031,SUC-004,Costa Rica,Model D,2025
EV-ACME-00592,ACEMDLD16RA000592,CLI-00799,SUC-001,México,Model D,2024
EV-ACME-00593,ACEMDLD16RC000593,CLI-00307,SUC-003,Honduras,Model D,2024
EV-ACME-00594,ACEMDLC12RF000594,CLI-00282,SUC-006,Argentina,Model C,2024
EV-ACME-00595,ACEMDLF18RJ000595,CLI-00972,SUC-009,Panamá,Model F,2024
EV-ACME-00596,ACEMDLE18SF000596,CLI-00751,SUC-006,Argentina,Model E,2025
EV-ACME-00597,ACEMDLF17TD000597,CLI-00061,SUC-004,Costa Rica,Model F,2026
EV-ACME-00598,ACEMDLF17SC000598,CLI-00440,SUC-003,Honduras,Model F,2025
EV-ACME-00599,ACEMDLA18TE000599,CLI-00324,SUC-005,Colombia,Model A,2026
EV-ACME-00600,ACEMDLF10TH000600,CLI-00736,SUC-008,Chile,Model F,2026
EV-ACME-00601,ACEMDLB17SE000601,CLI-00065,SUC-005,Colombia,Model B,2025
EV-ACME-00602,ACEMDLD19SC000602,CLI-00819,SUC-003,Honduras,Model D,2025
EV-ACME-00603,ACEMDLF11RF000603,CLI-00095,SUC-006,Argentina,Model F,2024
EV-ACME-00604,ACEMDLF12TJ000604,CLI-00404,SUC-009,Panamá,Model F,2026
EV-ACME-00605,ACEMDLA10TE000605,CLI-00170,SUC-005,Colombia,Model A,2026
EV-ACME-00606,ACEMDLE18TF000606,CLI-00492,SUC-006,Argentina,Model E,2026
EV-ACME-00607,ACEMDLB14SJ000607,CLI-00867,SUC-009,Panamá,Model B,2025
EV-ACME-00608,ACEMDLB12RG000608,CLI-00144,SUC-007,Canadá,Model B,2024
EV-ACME-00609,ACEMDLC12RB000609,CLI-00274,SUC-002,Guatemala,Model C,2024
EV-ACME-00610,ACEMDLC11SK000610,CLI-00641,SUC-010,Perú,Model C,2025
EV-ACME-00611,ACEMDLE17RE000611,CLI-00479,SUC-005,Colombia,Model E,2024
EV-ACME-00612,ACEMDLB17TH000612,CLI-00124,SUC-008,Chile,Model B,2026
EV-ACME-00613,ACEMDLC11SK000613,CLI-00794,SUC-010,Perú,Model C,2025
EV-ACME-00614,ACEMDLE14RH000614,CLI-00143,SUC-008,Chile,Model E,2024
EV-ACME-00615,ACEMDLE18RA000615,CLI-00853,SUC-001,México,Model E,2024
EV-ACME-00616,ACEMDLF10TG000616,CLI-00772,SUC-007,Canadá,Model F,2026
EV-ACME-00617,ACEMDLB19RH000617,CLI-00375,SUC-008,Chile,Model B,2024
EV-ACME-00618,ACEMDLE12RE000618,CLI-00074,SUC-005,Colombia,Model E,2024
EV-ACME-00619,ACEMDLB15TC000619,CLI-00230,SUC-003,Honduras,Model B,2026
EV-ACME-00620,ACEMDLB16RJ000620,CLI-00250,SUC-009,Panamá,Model B,2024
EV-ACME-00621,ACEMDLF13SJ000621,CLI-00677,SUC-009,Panamá,Model F,2025
EV-ACME-00622,ACEMDLD14TE000622,CLI-00192,SUC-005,Colombia,Model D,2026
EV-ACME-00623,ACEMDLA19TF000623,CLI-00903,SUC-006,Argentina,Model A,2026
EV-ACME-00624,ACEMDLF17TD000624,CLI-00327,SUC-004,Costa Rica,Model F,2026
EV-ACME-00625,ACEMDLA15TF000625,CLI-00113,SUC-006,Argentina,Model A,2026
EV-ACME-00626,ACEMDLC16SA000626,CLI-00010,SUC-001,México,Model C,2025
EV-ACME-00627,ACEMDLA12RA000627,CLI-00010,SUC-001,México,Model A,2024
EV-ACME-00628,ACEMDLD15SA000628,CLI-00050,SUC-001,México,Model D,2025
EV-ACME-00629,ACEMDLC15SF000629,CLI-00564,SUC-006,Argentina,Model C,2025
EV-ACME-00630,ACEMDLC16SE000630,CLI-00192,SUC-005,Colombia,Model C,2025
EV-ACME-00631,ACEMDLC16TC000631,CLI-00848,SUC-003,Honduras,Model C,2026
EV-ACME-00632,ACEMDLF12RB000632,CLI-00258,SUC-002,Guatemala,Model F,2024
EV-ACME-00633,ACEMDLE12RA000633,CLI-00103,SUC-001,México,Model E,2024
EV-ACME-00634,ACEMDLC17TD000634,CLI-00093,SUC-004,Costa Rica,Model C,2026
EV-ACME-00635,ACEMDLF15RC000635,CLI-00571,SUC-003,Honduras,Model F,2024
EV-ACME-00636,ACEMDLC12SH000636,CLI-00910,SUC-008,Chile,Model C,2025
EV-ACME-00637,ACEMDLF13TB000637,CLI-00603,SUC-002,Guatemala,Model F,2026
EV-ACME-00638,ACEMDLA11SA000638,CLI-00378,SUC-001,México,Model A,2025
EV-ACME-00639,ACEMDLB14TC000639,CLI-00230,SUC-003,Honduras,Model B,2026
EV-ACME-00640,ACEMDLB18TJ000640,CLI-00724,SUC-009,Panamá,Model B,2026
EV-ACME-00641,ACEMDLE13TD000641,CLI-00027,SUC-004,Costa Rica,Model E,2026
EV-ACME-00642,ACEMDLB11TF000642,CLI-00532,SUC-006,Argentina,Model B,2026
EV-ACME-00643,ACEMDLA10RC000643,CLI-00480,SUC-003,Honduras,Model A,2024
EV-ACME-00644,ACEMDLA17SJ000644,CLI-00242,SUC-009,Panamá,Model A,2025
EV-ACME-00645,ACEMDLC14SA000645,CLI-00853,SUC-001,México,Model C,2025
EV-ACME-00646,ACEMDLE12SC000646,CLI-00415,SUC-003,Honduras,Model E,2025
EV-ACME-00647,ACEMDLE15TF000647,CLI-00686,SUC-006,Argentina,Model E,2026
EV-ACME-00648,ACEMDLD11SK000648,CLI-00201,SUC-010,Perú,Model D,2025
EV-ACME-00649,ACEMDLA19RD000649,CLI-00422,SUC-004,Costa Rica,Model A,2024
EV-ACME-00650,ACEMDLE16SJ000650,CLI-00181,SUC-009,Panamá,Model E,2025
EV-ACME-00651,ACEMDLA15TH000651,CLI-00502,SUC-008,Chile,Model A,2026
EV-ACME-00652,ACEMDLF19TJ000652,CLI-00402,SUC-009,Panamá,Model F,2026
EV-ACME-00653,ACEMDLA17SJ000653,CLI-00761,SUC-009,Panamá,Model A,2025
EV-ACME-00654,ACEMDLB14SC000654,CLI-00699,SUC-003,Honduras,Model B,2025
EV-ACME-00655,ACEMDLE18RG000655,CLI-00194,SUC-007,Canadá,Model E,2024
EV-ACME-00656,ACEMDLA16RJ000656,CLI-00112,SUC-009,Panamá,Model A,2024
EV-ACME-00657,ACEMDLB15SF000657,CLI-00305,SUC-006,Argentina,Model B,2025
EV-ACME-00658,ACEMDLA12TB000658,CLI-00239,SUC-002,Guatemala,Model A,2026
EV-ACME-00659,ACEMDLB17SJ000659,CLI-00694,SUC-009,Panamá,Model B,2025
EV-ACME-00660,ACEMDLE14RK000660,CLI-00884,SUC-010,Perú,Model E,2024
EV-ACME-00661,ACEMDLD14RJ000661,CLI-00970,SUC-009,Panamá,Model D,2024
EV-ACME-00662,ACEMDLF13SF000662,CLI-00824,SUC-006,Argentina,Model F,2025
EV-ACME-00663,ACEMDLC11TD000663,CLI-00873,SUC-004,Costa Rica,Model C,2026
EV-ACME-00664,ACEMDLA11RD000664,CLI-00051,SUC-004,Costa Rica,Model A,2024
EV-ACME-00665,ACEMDLE19RJ000665,CLI-00449,SUC-009,Panamá,Model E,2024
EV-ACME-00666,ACEMDLB13RB000666,CLI-00438,SUC-002,Guatemala,Model B,2024
EV-ACME-00667,ACEMDLE11SF000667,CLI-00244,SUC-006,Argentina,Model E,2025
EV-ACME-00668,ACEMDLB16RK000668,CLI-00718,SUC-010,Perú,Model B,2024
EV-ACME-00669,ACEMDLF19TK000669,CLI-00528,SUC-010,Perú,Model F,2026
EV-ACME-00670,ACEMDLB14RK000670,CLI-00189,SUC-010,Perú,Model B,2024
EV-ACME-00671,ACEMDLD13TJ000671,CLI-00942,SUC-009,Panamá,Model D,2026
EV-ACME-00672,ACEMDLD18SC000672,CLI-00650,SUC-003,Honduras,Model D,2025
EV-ACME-00673,ACEMDLE15SG000673,CLI-00448,SUC-007,Canadá,Model E,2025
EV-ACME-00674,ACEMDLF16RF000674,CLI-00146,SUC-006,Argentina,Model F,2024
EV-ACME-00675,ACEMDLF13RB000675,CLI-00405,SUC-002,Guatemala,Model F,2024
EV-ACME-00676,ACEMDLB19SJ000676,CLI-00079,SUC-009,Panamá,Model B,2025
EV-ACME-00677,ACEMDLF18TK000677,CLI-00690,SUC-010,Perú,Model F,2026
EV-ACME-00678,ACEMDLB19RK000678,CLI-00137,SUC-010,Perú,Model B,2024
EV-ACME-00679,ACEMDLA15RH000679,CLI-00375,SUC-008,Chile,Model A,2024
EV-ACME-00680,ACEMDLE16TF000680,CLI-00965,SUC-006,Argentina,Model E,2026
EV-ACME-00681,ACEMDLC15SJ000681,CLI-00115,SUC-009,Panamá,Model C,2025
EV-ACME-00682,ACEMDLB14SA000682,CLI-00580,SUC-001,México,Model B,2025
EV-ACME-00683,ACEMDLA11RJ000683,CLI-00252,SUC-009,Panamá,Model A,2024
EV-ACME-00684,ACEMDLD17RE000684,CLI-00413,SUC-005,Colombia,Model D,2024
EV-ACME-00685,ACEMDLB11RK000685,CLI-00396,SUC-010,Perú,Model B,2024
EV-ACME-00686,ACEMDLA10TA000686,CLI-00234,SUC-001,México,Model A,2026
EV-ACME-00687,ACEMDLC14SK000687,CLI-00489,SUC-010,Perú,Model C,2025
EV-ACME-00688,ACEMDLE19SG000688,CLI-00308,SUC-007,Canadá,Model E,2025
EV-ACME-00689,ACEMDLA18TC000689,CLI-00841,SUC-003,Honduras,Model A,2026
EV-ACME-00690,ACEMDLF13RJ000690,CLI-00724,SUC-009,Panamá,Model F,2024
EV-ACME-00691,ACEMDLC12SD000691,CLI-00822,SUC-004,Costa Rica,Model C,2025
EV-ACME-00692,ACEMDLA11TA000692,CLI-00259,SUC-001,México,Model A,2026
EV-ACME-00693,ACEMDLF11RK000693,CLI-00729,SUC-010,Perú,Model F,2024
EV-ACME-00694,ACEMDLC13RA000694,CLI-00916,SUC-001,México,Model C,2024
EV-ACME-00695,ACEMDLA17TF000695,CLI-00241,SUC-006,Argentina,Model A,2026
EV-ACME-00696,ACEMDLB15SJ000696,CLI-00615,SUC-009,Panamá,Model B,2025
EV-ACME-00697,ACEMDLF18RH000697,CLI-00006,SUC-008,Chile,Model F,2024
EV-ACME-00698,ACEMDLF11RG000698,CLI-00042,SUC-007,Canadá,Model F,2024
EV-ACME-00699,ACEMDLF15SF000699,CLI-00644,SUC-006,Argentina,Model F,2025
EV-ACME-00700,ACEMDLB17TD000700,CLI-00475,SUC-004,Costa Rica,Model B,2026
EV-ACME-00701,ACEMDLD13RD000701,CLI-00535,SUC-004,Costa Rica,Model D,2024
EV-ACME-00702,ACEMDLC18TC000702,CLI-00571,SUC-003,Honduras,Model C,2026
EV-ACME-00703,ACEMDLA13RD000703,CLI-00917,SUC-004,Costa Rica,Model A,2024
EV-ACME-00704,ACEMDLE16SG000704,CLI-00035,SUC-007,Canadá,Model E,2025
EV-ACME-00705,ACEMDLD17RD000705,CLI-00433,SUC-004,Costa Rica,Model D,2024
EV-ACME-00706,ACEMDLF14SD000706,CLI-00428,SUC-004,Costa Rica,Model F,2025
EV-ACME-00707,ACEMDLD19TC000707,CLI-00427,SUC-003,Honduras,Model D,2026
EV-ACME-00708,ACEMDLB13RB000708,CLI-00080,SUC-002,Guatemala,Model B,2024
EV-ACME-00709,ACEMDLF15TC000709,CLI-00791,SUC-003,Honduras,Model F,2026
EV-ACME-00710,ACEMDLF14RH000710,CLI-00089,SUC-008,Chile,Model F,2024
EV-ACME-00711,ACEMDLD14SF000711,CLI-00146,SUC-006,Argentina,Model D,2025
EV-ACME-00712,ACEMDLA13TK000712,CLI-00870,SUC-010,Perú,Model A,2026
EV-ACME-00713,ACEMDLD18SK000713,CLI-00758,SUC-010,Perú,Model D,2025
EV-ACME-00714,ACEMDLE18TC000714,CLI-00197,SUC-003,Honduras,Model E,2026
EV-ACME-00715,ACEMDLA15RD000715,CLI-00836,SUC-004,Costa Rica,Model A,2024
EV-ACME-00716,ACEMDLD14RJ000716,CLI-00845,SUC-009,Panamá,Model D,2024
EV-ACME-00717,ACEMDLA12SB000717,CLI-00108,SUC-002,Guatemala,Model A,2025
EV-ACME-00718,ACEMDLF17SJ000718,CLI-00184,SUC-009,Panamá,Model F,2025
EV-ACME-00719,ACEMDLA15TE000719,CLI-00929,SUC-005,Colombia,Model A,2026
EV-ACME-00720,ACEMDLB17RG000720,CLI-00395,SUC-007,Canadá,Model B,2024
EV-ACME-00721,ACEMDLE12SA000721,CLI-00273,SUC-001,México,Model E,2025
EV-ACME-00722,ACEMDLC16SF000722,CLI-00893,SUC-006,Argentina,Model C,2025
EV-ACME-00723,ACEMDLE19TA000723,CLI-00799,SUC-001,México,Model E,2026
EV-ACME-00724,ACEMDLF18TK000724,CLI-00758,SUC-010,Perú,Model F,2026
EV-ACME-00725,ACEMDLF14RJ000725,CLI-00120,SUC-009,Panamá,Model F,2024
EV-ACME-00726,ACEMDLF13RJ000726,CLI-00829,SUC-009,Panamá,Model F,2024
EV-ACME-00727,ACEMDLB14TJ000727,CLI-00404,SUC-009,Panamá,Model B,2026
EV-ACME-00728,ACEMDLB16TC000728,CLI-00423,SUC-003,Honduras,Model B,2026
EV-ACME-00729,ACEMDLA17RE000729,CLI-00358,SUC-005,Colombia,Model A,2024
EV-ACME-00730,ACEMDLB18SE000730,CLI-00370,SUC-005,Colombia,Model B,2025
EV-ACME-00731,ACEMDLC15SA000731,CLI-00126,SUC-001,México,Model C,2025
EV-ACME-00732,ACEMDLD13RH000732,CLI-00021,SUC-008,Chile,Model D,2024
EV-ACME-00733,ACEMDLB16SH000733,CLI-00280,SUC-008,Chile,Model B,2025
EV-ACME-00734,ACEMDLC19TG000734,CLI-00321,SUC-007,Canadá,Model C,2026
EV-ACME-00735,ACEMDLE17RF000735,CLI-00418,SUC-006,Argentina,Model E,2024
EV-ACME-00736,ACEMDLF14SK000736,CLI-00750,SUC-010,Perú,Model F,2025
EV-ACME-00737,ACEMDLF19SD000737,CLI-00787,SUC-004,Costa Rica,Model F,2025
EV-ACME-00738,ACEMDLA19TA000738,CLI-00058,SUC-001,México,Model A,2026
EV-ACME-00739,ACEMDLD12RD000739,CLI-00655,SUC-004,Costa Rica,Model D,2024
EV-ACME-00740,ACEMDLA13TG000740,CLI-00467,SUC-007,Canadá,Model A,2026
EV-ACME-00741,ACEMDLB17RH000741,CLI-00696,SUC-008,Chile,Model B,2024
EV-ACME-00742,ACEMDLE13RE000742,CLI-00788,SUC-005,Colombia,Model E,2024
EV-ACME-00743,ACEMDLB12SK000743,CLI-00310,SUC-010,Perú,Model B,2025
EV-ACME-00744,ACEMDLC19SC000744,CLI-00888,SUC-003,Honduras,Model C,2025
EV-ACME-00745,ACEMDLE15RB000745,CLI-00790,SUC-002,Guatemala,Model E,2024
EV-ACME-00746,ACEMDLC19RE000746,CLI-00052,SUC-005,Colombia,Model C,2024
EV-ACME-00747,ACEMDLD19SJ000747,CLI-00949,SUC-009,Panamá,Model D,2025
EV-ACME-00748,ACEMDLE15TJ000748,CLI-00544,SUC-009,Panamá,Model E,2026
EV-ACME-00749,ACEMDLE19SJ000749,CLI-00496,SUC-009,Panamá,Model E,2025
EV-ACME-00750,ACEMDLF15TC000750,CLI-00255,SUC-003,Honduras,Model F,2026
EV-ACME-00751,ACEMDLD11SH000751,CLI-00062,SUC-008,Chile,Model D,2025
EV-ACME-00752,ACEMDLB13RJ000752,CLI-00547,SUC-009,Panamá,Model B,2024
EV-ACME-00753,ACEMDLD11SG000753,CLI-00019,SUC-007,Canadá,Model D,2025
EV-ACME-00754,ACEMDLC14TE000754,CLI-00673,SUC-005,Colombia,Model C,2026
EV-ACME-00755,ACEMDLF18RG000755,CLI-00866,SUC-007,Canadá,Model F,2024
EV-ACME-00756,ACEMDLB16RH000756,CLI-00696,SUC-008,Chile,Model B,2024
EV-ACME-00757,ACEMDLC13RB000757,CLI-00284,SUC-002,Guatemala,Model C,2024
EV-ACME-00758,ACEMDLD15RH000758,CLI-00601,SUC-008,Chile,Model D,2024
EV-ACME-00759,ACEMDLE16TE000759,CLI-00926,SUC-005,Colombia,Model E,2026
EV-ACME-00760,ACEMDLB14RF000760,CLI-00110,SUC-006,Argentina,Model B,2024
EV-ACME-00761,ACEMDLC16TK000761,CLI-00366,SUC-010,Perú,Model C,2026
EV-ACME-00762,ACEMDLD11TA000762,CLI-00853,SUC-001,México,Model D,2026
EV-ACME-00763,ACEMDLE13TC000763,CLI-00415,SUC-003,Honduras,Model E,2026
EV-ACME-00764,ACEMDLE12RA000764,CLI-00675,SUC-001,México,Model E,2024
EV-ACME-00765,ACEMDLD11TD000765,CLI-00369,SUC-004,Costa Rica,Model D,2026
EV-ACME-00766,ACEMDLB13RD000766,CLI-00655,SUC-004,Costa Rica,Model B,2024
EV-ACME-00767,ACEMDLA10SB000767,CLI-00384,SUC-002,Guatemala,Model A,2025
EV-ACME-00768,ACEMDLF17RH000768,CLI-00868,SUC-008,Chile,Model F,2024
EV-ACME-00769,ACEMDLC11SJ000769,CLI-00761,SUC-009,Panamá,Model C,2025
EV-ACME-00770,ACEMDLC10SK000770,CLI-00858,SUC-010,Perú,Model C,2025
EV-ACME-00771,ACEMDLA13RH000771,CLI-00228,SUC-008,Chile,Model A,2024
EV-ACME-00772,ACEMDLD12SE000772,CLI-00798,SUC-005,Colombia,Model D,2025
EV-ACME-00773,ACEMDLB11RH000773,CLI-00245,SUC-008,Chile,Model B,2024
EV-ACME-00774,ACEMDLF18TJ000774,CLI-00973,SUC-009,Panamá,Model F,2026
EV-ACME-00775,ACEMDLD14TG000775,CLI-00760,SUC-007,Canadá,Model D,2026
EV-ACME-00776,ACEMDLB11SK000776,CLI-00932,SUC-010,Perú,Model B,2025
EV-ACME-00777,ACEMDLC10SA000777,CLI-00931,SUC-001,México,Model C,2025
EV-ACME-00778,ACEMDLE15SE000778,CLI-00417,SUC-005,Colombia,Model E,2025
EV-ACME-00779,ACEMDLF10RE000779,CLI-00757,SUC-005,Colombia,Model F,2024
EV-ACME-00780,ACEMDLD18SK000780,CLI-00461,SUC-010,Perú,Model D,2025
EV-ACME-00781,ACEMDLF14SK000781,CLI-00097,SUC-010,Perú,Model F,2025
EV-ACME-00782,ACEMDLB16RJ000782,CLI-00334,SUC-009,Panamá,Model B,2024
EV-ACME-00783,ACEMDLA16RJ000783,CLI-00402,SUC-009,Panamá,Model A,2024
EV-ACME-00784,ACEMDLD12RG000784,CLI-00294,SUC-007,Canadá,Model D,2024
EV-ACME-00785,ACEMDLE10TF000785,CLI-00946,SUC-006,Argentina,Model E,2026
EV-ACME-00786,ACEMDLD19RK000786,CLI-00169,SUC-010,Perú,Model D,2024
EV-ACME-00787,ACEMDLF12TK000787,CLI-00175,SUC-010,Perú,Model F,2026
EV-ACME-00788,ACEMDLD15TF000788,CLI-00492,SUC-006,Argentina,Model D,2026
EV-ACME-00789,ACEMDLA19SK000789,CLI-00923,SUC-010,Perú,Model A,2025
EV-ACME-00790,ACEMDLC12RK000790,CLI-00714,SUC-010,Perú,Model C,2024
EV-ACME-00791,ACEMDLC13RF000791,CLI-00522,SUC-006,Argentina,Model C,2024
EV-ACME-00792,ACEMDLE10RH000792,CLI-00124,SUC-008,Chile,Model E,2024
EV-ACME-00793,ACEMDLC15SF000793,CLI-00095,SUC-006,Argentina,Model C,2025
EV-ACME-00794,ACEMDLE12TC000794,CLI-00320,SUC-003,Honduras,Model E,2026
EV-ACME-00795,ACEMDLC11SA000795,CLI-00029,SUC-001,México,Model C,2025
EV-ACME-00796,ACEMDLD14RA000796,CLI-00614,SUC-001,México,Model D,2024
EV-ACME-00797,ACEMDLF10TB000797,CLI-00619,SUC-002,Guatemala,Model F,2026
EV-ACME-00798,ACEMDLA11RD000798,CLI-00545,SUC-004,Costa Rica,Model A,2024
EV-ACME-00799,ACEMDLD11SK000799,CLI-00746,SUC-010,Perú,Model D,2025
EV-ACME-00800,ACEMDLF19RB000800,CLI-00770,SUC-002,Guatemala,Model F,2024
EV-ACME-00801,ACEMDLF17TF000801,CLI-00359,SUC-006,Argentina,Model F,2026
EV-ACME-00802,ACEMDLC13SD000802,CLI-00148,SUC-004,Costa Rica,Model C,2025
EV-ACME-00803,ACEMDLE10SJ000803,CLI-00184,SUC-009,Panamá,Model E,2025
EV-ACME-00804,ACEMDLC16SF000804,CLI-00695,SUC-006,Argentina,Model C,2025
EV-ACME-00805,ACEMDLA17SJ000805,CLI-00899,SUC-009,Panamá,Model A,2025
EV-ACME-00806,ACEMDLF10RG000806,CLI-00092,SUC-007,Canadá,Model F,2024
EV-ACME-00807,ACEMDLD17TA000807,CLI-00876,SUC-001,México,Model D,2026
EV-ACME-00808,ACEMDLE10TK000808,CLI-00714,SUC-010,Perú,Model E,2026
EV-ACME-00809,ACEMDLB14SD000809,CLI-00061,SUC-004,Costa Rica,Model B,2025
EV-ACME-00810,ACEMDLB14RF000810,CLI-00418,SUC-006,Argentina,Model B,2024
EV-ACME-00811,ACEMDLF15RA000811,CLI-00745,SUC-001,México,Model F,2024
EV-ACME-00812,ACEMDLA14TC000812,CLI-00536,SUC-003,Honduras,Model A,2026
EV-ACME-00813,ACEMDLF13SH000813,CLI-00763,SUC-008,Chile,Model F,2025
EV-ACME-00814,ACEMDLB10RG000814,CLI-00380,SUC-007,Canadá,Model B,2024
EV-ACME-00815,ACEMDLC13RH000815,CLI-00831,SUC-008,Chile,Model C,2024
EV-ACME-00816,ACEMDLC15SF000816,CLI-00492,SUC-006,Argentina,Model C,2025
EV-ACME-00817,ACEMDLB12TE000817,CLI-00810,SUC-005,Colombia,Model B,2026
EV-ACME-00818,ACEMDLC15SH000818,CLI-00314,SUC-008,Chile,Model C,2025
EV-ACME-00819,ACEMDLF13SA000819,CLI-00361,SUC-001,México,Model F,2025
EV-ACME-00820,ACEMDLB16SK000820,CLI-00179,SUC-010,Perú,Model B,2025
EV-ACME-00821,ACEMDLA18RC000821,CLI-00415,SUC-003,Honduras,Model A,2024
EV-ACME-00822,ACEMDLF18TH000822,CLI-00204,SUC-008,Chile,Model F,2026
EV-ACME-00823,ACEMDLB14SC000823,CLI-00503,SUC-003,Honduras,Model B,2025
EV-ACME-00824,ACEMDLD13SG000824,CLI-00679,SUC-007,Canadá,Model D,2025
EV-ACME-00825,ACEMDLA16RH000825,CLI-00343,SUC-008,Chile,Model A,2024
EV-ACME-00826,ACEMDLE16TB000826,CLI-00670,SUC-002,Guatemala,Model E,2026
EV-ACME-00827,ACEMDLA15SF000827,CLI-00755,SUC-006,Argentina,Model A,2025
EV-ACME-00828,ACEMDLF16SA000828,CLI-00029,SUC-001,México,Model F,2025
EV-ACME-00829,ACEMDLF15TE000829,CLI-00370,SUC-005,Colombia,Model F,2026
EV-ACME-00830,ACEMDLE17TC000830,CLI-00248,SUC-003,Honduras,Model E,2026
EV-ACME-00831,ACEMDLF12SC000831,CLI-00494,SUC-003,Honduras,Model F,2025
EV-ACME-00832,ACEMDLA10SE000832,CLI-00225,SUC-005,Colombia,Model A,2025
EV-ACME-00833,ACEMDLA11TF000833,CLI-00978,SUC-006,Argentina,Model A,2026
EV-ACME-00834,ACEMDLA14SF000834,CLI-00987,SUC-006,Argentina,Model A,2025
EV-ACME-00835,ACEMDLE14TC000835,CLI-00357,SUC-003,Honduras,Model E,2026
EV-ACME-00836,ACEMDLF15RE000836,CLI-00303,SUC-005,Colombia,Model F,2024
EV-ACME-00837,ACEMDLE18RA000837,CLI-00534,SUC-001,México,Model E,2024
EV-ACME-00838,ACEMDLE13TB000838,CLI-00670,SUC-002,Guatemala,Model E,2026
EV-ACME-00839,ACEMDLF14RK000839,CLI-00398,SUC-010,Perú,Model F,2024
EV-ACME-00840,ACEMDLD12TJ000840,CLI-00837,SUC-009,Panamá,Model D,2026
EV-ACME-00841,ACEMDLE11TA000841,CLI-00318,SUC-001,México,Model E,2026
EV-ACME-00842,ACEMDLA15RB000842,CLI-00988,SUC-002,Guatemala,Model A,2024
EV-ACME-00843,ACEMDLD17RE000843,CLI-00550,SUC-005,Colombia,Model D,2024
EV-ACME-00844,ACEMDLF11TC000844,CLI-00463,SUC-003,Honduras,Model F,2026
EV-ACME-00845,ACEMDLE12RC000845,CLI-00800,SUC-003,Honduras,Model E,2024
EV-ACME-00846,ACEMDLC16SK000846,CLI-00528,SUC-010,Perú,Model C,2025
EV-ACME-00847,ACEMDLF14SE000847,CLI-00627,SUC-005,Colombia,Model F,2025
EV-ACME-00848,ACEMDLF13TE000848,CLI-00154,SUC-005,Colombia,Model F,2026
EV-ACME-00849,ACEMDLA19TE000849,CLI-00832,SUC-005,Colombia,Model A,2026
EV-ACME-00850,ACEMDLE18RA000850,CLI-00744,SUC-001,México,Model E,2024
EV-ACME-00851,ACEMDLC16RF000851,CLI-00644,SUC-006,Argentina,Model C,2024
EV-ACME-00852,ACEMDLD15RD000852,CLI-00980,SUC-004,Costa Rica,Model D,2024
EV-ACME-00853,ACEMDLB13TE000853,CLI-00926,SUC-005,Colombia,Model B,2026
EV-ACME-00854,ACEMDLB13TK000854,CLI-00161,SUC-010,Perú,Model B,2026
EV-ACME-00855,ACEMDLB14SA000855,CLI-00706,SUC-001,México,Model B,2025
EV-ACME-00856,ACEMDLE13SJ000856,CLI-00099,SUC-009,Panamá,Model E,2025
EV-ACME-00857,ACEMDLF19RK000857,CLI-00633,SUC-010,Perú,Model F,2024
EV-ACME-00858,ACEMDLC14SE000858,CLI-00618,SUC-005,Colombia,Model C,2025
EV-ACME-00859,ACEMDLA10SB000859,CLI-00833,SUC-002,Guatemala,Model A,2025
EV-ACME-00860,ACEMDLB19RF000860,CLI-00289,SUC-006,Argentina,Model B,2024
EV-ACME-00861,ACEMDLC18RB000861,CLI-00087,SUC-002,Guatemala,Model C,2024
EV-ACME-00862,ACEMDLB19TJ000862,CLI-00348,SUC-009,Panamá,Model B,2026
EV-ACME-00863,ACEMDLD12RC000863,CLI-00863,SUC-003,Honduras,Model D,2024
EV-ACME-00864,ACEMDLB18SJ000864,CLI-00117,SUC-009,Panamá,Model B,2025
EV-ACME-00865,ACEMDLD10RF000865,CLI-00987,SUC-006,Argentina,Model D,2024
EV-ACME-00866,ACEMDLA13SC000866,CLI-00650,SUC-003,Honduras,Model A,2025
EV-ACME-00867,ACEMDLB10TD000867,CLI-00352,SUC-004,Costa Rica,Model B,2026
EV-ACME-00868,ACEMDLC11TG000868,CLI-00448,SUC-007,Canadá,Model C,2026
EV-ACME-00869,ACEMDLA11RF000869,CLI-00458,SUC-006,Argentina,Model A,2024
EV-ACME-00870,ACEMDLB14SD000870,CLI-00611,SUC-004,Costa Rica,Model B,2025
EV-ACME-00871,ACEMDLB12TE000871,CLI-00466,SUC-005,Colombia,Model B,2026
EV-ACME-00872,ACEMDLB16RB000872,CLI-00187,SUC-002,Guatemala,Model B,2024
EV-ACME-00873,ACEMDLE11TF000873,CLI-00282,SUC-006,Argentina,Model E,2026
EV-ACME-00874,ACEMDLE14TK000874,CLI-00137,SUC-010,Perú,Model E,2026
EV-ACME-00875,ACEMDLB14SC000875,CLI-00265,SUC-003,Honduras,Model B,2025
EV-ACME-00876,ACEMDLA14RB000876,CLI-00080,SUC-002,Guatemala,Model A,2024
EV-ACME-00877,ACEMDLA11TA000877,CLI-00057,SUC-001,México,Model A,2026
EV-ACME-00878,ACEMDLA19TH000878,CLI-00556,SUC-008,Chile,Model A,2026
EV-ACME-00879,ACEMDLC18RK000879,CLI-00543,SUC-010,Perú,Model C,2024
EV-ACME-00880,ACEMDLB18SK000880,CLI-00064,SUC-010,Perú,Model B,2025
EV-ACME-00881,ACEMDLE16SH000881,CLI-00228,SUC-008,Chile,Model E,2025
EV-ACME-00882,ACEMDLB18TD000882,CLI-00605,SUC-004,Costa Rica,Model B,2026
EV-ACME-00883,ACEMDLB17SK000883,CLI-00484,SUC-010,Perú,Model B,2025
EV-ACME-00884,ACEMDLC14SB000884,CLI-00239,SUC-002,Guatemala,Model C,2025
EV-ACME-00885,ACEMDLF10RE000885,CLI-00672,SUC-005,Colombia,Model F,2024
EV-ACME-00886,ACEMDLE10TB000886,CLI-00384,SUC-002,Guatemala,Model E,2026
EV-ACME-00887,ACEMDLA15TC000887,CLI-00693,SUC-003,Honduras,Model A,2026
EV-ACME-00888,ACEMDLD11SH000888,CLI-00588,SUC-008,Chile,Model D,2025
EV-ACME-00889,ACEMDLA12SG000889,CLI-00388,SUC-007,Canadá,Model A,2025
EV-ACME-00890,ACEMDLC15TA000890,CLI-00273,SUC-001,México,Model C,2026
EV-ACME-00891,ACEMDLD10RF000891,CLI-00778,SUC-006,Argentina,Model D,2024
EV-ACME-00892,ACEMDLB18RK000892,CLI-00311,SUC-010,Perú,Model B,2024
EV-ACME-00893,ACEMDLC11TA000893,CLI-00558,SUC-001,México,Model C,2026
EV-ACME-00894,ACEMDLA19TK000894,CLI-00024,SUC-010,Perú,Model A,2026
EV-ACME-00895,ACEMDLE15RD000895,CLI-00634,SUC-004,Costa Rica,Model E,2024
EV-ACME-00896,ACEMDLB19RK000896,CLI-00991,SUC-010,Perú,Model B,2024
EV-ACME-00897,ACEMDLC16SK000897,CLI-00484,SUC-010,Perú,Model C,2025
EV-ACME-00898,ACEMDLD15SA000898,CLI-00356,SUC-001,México,Model D,2025
EV-ACME-00899,ACEMDLA11TC000899,CLI-00826,SUC-003,Honduras,Model A,2026
EV-ACME-00900,ACEMDLC13TH000900,CLI-00267,SUC-008,Chile,Model C,2026
EV-ACME-00901,ACEMDLA15SJ000901,CLI-00899,SUC-009,Panamá,Model A,2025
EV-ACME-00902,ACEMDLA11RB000902,CLI-00698,SUC-002,Guatemala,Model A,2024
EV-ACME-00903,ACEMDLC14TJ000903,CLI-00544,SUC-009,Panamá,Model C,2026
EV-ACME-00904,ACEMDLA12TJ000904,CLI-00628,SUC-009,Panamá,Model A,2026
EV-ACME-00905,ACEMDLE19TA000905,CLI-00041,SUC-001,México,Model E,2026
EV-ACME-00906,ACEMDLA14TD000906,CLI-00898,SUC-004,Costa Rica,Model A,2026
EV-ACME-00907,ACEMDLD14SA000907,CLI-00745,SUC-001,México,Model D,2025
EV-ACME-00908,ACEMDLF17TJ000908,CLI-00256,SUC-009,Panamá,Model F,2026
EV-ACME-00909,ACEMDLE13RG000909,CLI-00393,SUC-007,Canadá,Model E,2024
EV-ACME-00910,ACEMDLE11TB000910,CLI-00281,SUC-002,Guatemala,Model E,2026
EV-ACME-00911,ACEMDLB18TC000911,CLI-00826,SUC-003,Honduras,Model B,2026
EV-ACME-00912,ACEMDLC15SF000912,CLI-00083,SUC-006,Argentina,Model C,2025
EV-ACME-00913,ACEMDLE12SC000913,CLI-00391,SUC-003,Honduras,Model E,2025
EV-ACME-00914,ACEMDLC11SH000914,CLI-00713,SUC-008,Chile,Model C,2025
EV-ACME-00915,ACEMDLF19RB000915,CLI-00469,SUC-002,Guatemala,Model F,2024
EV-ACME-00916,ACEMDLA19RA000916,CLI-00537,SUC-001,México,Model A,2024
EV-ACME-00917,ACEMDLA16RC000917,CLI-00268,SUC-003,Honduras,Model A,2024
EV-ACME-00918,ACEMDLA17SE000918,CLI-00807,SUC-005,Colombia,Model A,2025
EV-ACME-00919,ACEMDLA16RE000919,CLI-00618,SUC-005,Colombia,Model A,2024
EV-ACME-00920,ACEMDLF11TB000920,CLI-00277,SUC-002,Guatemala,Model F,2026
EV-ACME-00921,ACEMDLF12RG000921,CLI-00679,SUC-007,Canadá,Model F,2024
EV-ACME-00922,ACEMDLD17RG000922,CLI-00539,SUC-007,Canadá,Model D,2024
EV-ACME-00923,ACEMDLA10RJ000923,CLI-00434,SUC-009,Panamá,Model A,2024
EV-ACME-00924,ACEMDLC11TB000924,CLI-00239,SUC-002,Guatemala,Model C,2026
EV-ACME-00925,ACEMDLA10RK000925,CLI-00175,SUC-010,Perú,Model A,2024
EV-ACME-00926,ACEMDLE12TA000926,CLI-00292,SUC-001,México,Model E,2026
EV-ACME-00927,ACEMDLE16SF000927,CLI-00418,SUC-006,Argentina,Model E,2025
EV-ACME-00928,ACEMDLE16SJ000928,CLI-00648,SUC-009,Panamá,Model E,2025
EV-ACME-00929,ACEMDLB15TH000929,CLI-00107,SUC-008,Chile,Model B,2026
EV-ACME-00930,ACEMDLC12SA000930,CLI-00353,SUC-001,México,Model C,2025
EV-ACME-00931,ACEMDLB18SB000931,CLI-00454,SUC-002,Guatemala,Model B,2025
EV-ACME-00932,ACEMDLC16RF000932,CLI-00340,SUC-006,Argentina,Model C,2024
EV-ACME-00933,ACEMDLB14SB000933,CLI-00284,SUC-002,Guatemala,Model B,2025
EV-ACME-00934,ACEMDLF16SJ000934,CLI-00617,SUC-009,Panamá,Model F,2025
EV-ACME-00935,ACEMDLB18TD000935,CLI-00031,SUC-004,Costa Rica,Model B,2026
EV-ACME-00936,ACEMDLF15TC000936,CLI-00268,SUC-003,Honduras,Model F,2026
EV-ACME-00937,ACEMDLE19TC000937,CLI-00022,SUC-003,Honduras,Model E,2026
EV-ACME-00938,ACEMDLF19RF000938,CLI-00766,SUC-006,Argentina,Model F,2024
EV-ACME-00939,ACEMDLF15RC000939,CLI-00209,SUC-003,Honduras,Model F,2024
EV-ACME-00940,ACEMDLA13TA000940,CLI-00799,SUC-001,México,Model A,2026
EV-ACME-00941,ACEMDLB16TJ000941,CLI-00617,SUC-009,Panamá,Model B,2026
EV-ACME-00942,ACEMDLB13TK000942,CLI-00097,SUC-010,Perú,Model B,2026
EV-ACME-00943,ACEMDLF19SJ000943,CLI-00251,SUC-009,Panamá,Model F,2025
EV-ACME-00944,ACEMDLF18SK000944,CLI-00991,SUC-010,Perú,Model F,2025
EV-ACME-00945,ACEMDLB15RF000945,CLI-00766,SUC-006,Argentina,Model B,2024
EV-ACME-00946,ACEMDLF13RB000946,CLI-00326,SUC-002,Guatemala,Model F,2024
EV-ACME-00947,ACEMDLC10SF000947,CLI-00946,SUC-006,Argentina,Model C,2025
EV-ACME-00948,ACEMDLC11RJ000948,CLI-00628,SUC-009,Panamá,Model C,2024
EV-ACME-00949,ACEMDLE16TC000949,CLI-00022,SUC-003,Honduras,Model E,2026
EV-ACME-00950,ACEMDLD15TF000950,CLI-00226,SUC-006,Argentina,Model D,2026
EV-ACME-00951,ACEMDLF19TA000951,CLI-00625,SUC-001,México,Model F,2026
EV-ACME-00952,ACEMDLB10SD000952,CLI-00742,SUC-004,Costa Rica,Model B,2025
EV-ACME-00953,ACEMDLB12SB000953,CLI-00274,SUC-002,Guatemala,Model B,2025
EV-ACME-00954,ACEMDLE15SF000954,CLI-00514,SUC-006,Argentina,Model E,2025
EV-ACME-00955,ACEMDLC11SF000955,CLI-00990,SUC-006,Argentina,Model C,2025
EV-ACME-00956,ACEMDLE18TG000956,CLI-00254,SUC-007,Canadá,Model E,2026
EV-ACME-00957,ACEMDLA15TB000957,CLI-00129,SUC-002,Guatemala,Model A,2026
EV-ACME-00958,ACEMDLC12TJ000958,CLI-00526,SUC-009,Panamá,Model C,2026
EV-ACME-00959,ACEMDLD16TG000959,CLI-00629,SUC-007,Canadá,Model D,2026
EV-ACME-00960,ACEMDLF14RH000960,CLI-00015,SUC-008,Chile,Model F,2024
EV-ACME-00961,ACEMDLE14TD000961,CLI-00636,SUC-004,Costa Rica,Model E,2026
EV-ACME-00962,ACEMDLF19TF000962,CLI-00722,SUC-006,Argentina,Model F,2026
EV-ACME-00963,ACEMDLD17TF000963,CLI-00792,SUC-006,Argentina,Model D,2026
EV-ACME-00964,ACEMDLC14TE000964,CLI-00043,SUC-005,Colombia,Model C,2026
EV-ACME-00965,ACEMDLD17TK000965,CLI-00323,SUC-010,Perú,Model D,2026
EV-ACME-00966,ACEMDLF18SJ000966,CLI-00886,SUC-009,Panamá,Model F,2025
EV-ACME-00967,ACEMDLC17RD000967,CLI-00148,SUC-004,Costa Rica,Model C,2024
EV-ACME-00968,ACEMDLA15RK000968,CLI-00158,SUC-010,Perú,Model A,2024
EV-ACME-00969,ACEMDLE16SA000969,CLI-00057,SUC-001,México,Model E,2025
EV-ACME-00970,ACEMDLE17TH000970,CLI-00696,SUC-008,Chile,Model E,2026
EV-ACME-00971,ACEMDLE15RE000971,CLI-00500,SUC-005,Colombia,Model E,2024
EV-ACME-00972,ACEMDLD13TF000972,CLI-00952,SUC-006,Argentina,Model D,2026
EV-ACME-00973,ACEMDLB15TD000973,CLI-00174,SUC-004,Costa Rica,Model B,2026
EV-ACME-00974,ACEMDLD14SJ000974,CLI-00970,SUC-009,Panamá,Model D,2025
EV-ACME-00975,ACEMDLA15RH000975,CLI-00091,SUC-008,Chile,Model A,2024
EV-ACME-00976,ACEMDLE14RK000976,CLI-00750,SUC-010,Perú,Model E,2024
EV-ACME-00977,ACEMDLD13TG000977,CLI-00254,SUC-007,Canadá,Model D,2026
EV-ACME-00978,ACEMDLF17RB000978,CLI-00429,SUC-002,Guatemala,Model F,2024
EV-ACME-00979,ACEMDLA16TG000979,CLI-00294,SUC-007,Canadá,Model A,2026
EV-ACME-00980,ACEMDLA12TH000980,CLI-00205,SUC-008,Chile,Model A,2026
EV-ACME-00981,ACEMDLF11RF000981,CLI-00083,SUC-006,Argentina,Model F,2024
EV-ACME-00982,ACEMDLD17SD000982,CLI-00297,SUC-004,Costa Rica,Model D,2025
EV-ACME-00983,ACEMDLB18RK000983,CLI-00410,SUC-010,Perú,Model B,2024
EV-ACME-00984,ACEMDLC16RJ000984,CLI-00942,SUC-009,Panamá,Model C,2024
EV-ACME-00985,ACEMDLE18TE000985,CLI-00413,SUC-005,Colombia,Model E,2026
EV-ACME-00986,ACEMDLD18RG000986,CLI-00411,SUC-007,Canadá,Model D,2024
EV-ACME-00987,ACEMDLF13SD000987,CLI-00611,SUC-004,Costa Rica,Model F,2025
EV-ACME-00988,ACEMDLD14SA000988,CLI-00660,SUC-001,México,Model D,2025
EV-ACME-00989,ACEMDLE17TF000989,CLI-00425,SUC-006,Argentina,Model E,2026
EV-ACME-00990,ACEMDLF10TJ000990,CLI-00881,SUC-009,Panamá,Model F,2026
EV-ACME-00991,ACEMDLC13SJ000991,CLI-00434,SUC-009,Panamá,Model C,2025
EV-ACME-00992,ACEMDLE15RE000992,CLI-00493,SUC-005,Colombia,Model E,2024
EV-ACME-00993,ACEMDLF10SJ000993,CLI-00547,SUC-009,Panamá,Model F,2025
EV-ACME-00994,ACEMDLD11RC000994,CLI-00357,SUC-003,Honduras,Model D,2024
EV-ACME-00995,ACEMDLB10SH000995,CLI-00556,SUC-008,Chile,Model B,2025
EV-ACME-00996,ACEMDLD11TJ000996,CLI-00371,SUC-009,Panamá,Model D,2026
EV-ACME-00997,ACEMDLA11SK000997,CLI-00026,SUC-010,Perú,Model A,2025
EV-ACME-00998,ACEMDLA10RC000998,CLI-00848,SUC-003,Honduras,Model A,2024
EV-ACME-00999,ACEMDLC16SD000999,CLI-00927,SUC-004,Costa Rica,Model C,2025
EV-ACME-01000,ACEMDLA12SB001000,CLI-00003,SUC-002,Guatemala,Model A,2025
EV-ACME-01001,ACEMDLD14SJ001001,CLI-00518,SUC-009,Panamá,Model D,2025
EV-ACME-01002,ACEMDLE17RJ001002,CLI-00712,SUC-009,Panamá,Model E,2024
EV-ACME-01003,ACEMDLC11SH001003,CLI-00964,SUC-008,Chile,Model C,2025
EV-ACME-01004,ACEMDLF18TK001004,CLI-00705,SUC-010,Perú,Model F,2026
EV-ACME-01005,ACEMDLD16RJ001005,CLI-00364,SUC-009,Panamá,Model D,2024
EV-ACME-01006,ACEMDLF17RJ001006,CLI-00942,SUC-009,Panamá,Model F,2024
EV-ACME-01007,ACEMDLC10RF001007,CLI-00468,SUC-006,Argentina,Model C,2024
EV-ACME-01008,ACEMDLD19RJ001008,CLI-00972,SUC-009,Panamá,Model D,2024
EV-ACME-01009,ACEMDLD14TE001009,CLI-00358,SUC-005,Colombia,Model D,2026
EV-ACME-01010,ACEMDLC14RF001010,CLI-00680,SUC-006,Argentina,Model C,2024
EV-ACME-01011,ACEMDLD18TJ001011,CLI-00887,SUC-009,Panamá,Model D,2026
EV-ACME-01012,ACEMDLF19SC001012,CLI-00650,SUC-003,Honduras,Model F,2025
EV-ACME-01013,ACEMDLD11RF001013,CLI-00872,SUC-006,Argentina,Model D,2024
EV-ACME-01014,ACEMDLF12SH001014,CLI-00362,SUC-008,Chile,Model F,2025
EV-ACME-01015,ACEMDLD14RK001015,CLI-00759,SUC-010,Perú,Model D,2024
EV-ACME-01016,ACEMDLA14RC001016,CLI-00477,SUC-003,Honduras,Model A,2024
EV-ACME-01017,ACEMDLB19TA001017,CLI-00058,SUC-001,México,Model B,2026
EV-ACME-01018,ACEMDLE16SH001018,CLI-00091,SUC-008,Chile,Model E,2025
EV-ACME-01019,ACEMDLB13RF001019,CLI-00523,SUC-006,Argentina,Model B,2024
EV-ACME-01020,ACEMDLC12RC001020,CLI-00691,SUC-003,Honduras,Model C,2024
EV-ACME-01021,ACEMDLB10SD001021,CLI-00939,SUC-004,Costa Rica,Model B,2025
EV-ACME-01022,ACEMDLA12RJ001022,CLI-00250,SUC-009,Panamá,Model A,2024
EV-ACME-01023,ACEMDLA15RJ001023,CLI-00404,SUC-009,Panamá,Model A,2024
EV-ACME-01024,ACEMDLE14TG001024,CLI-00928,SUC-007,Canadá,Model E,2026
EV-ACME-01025,ACEMDLB13TC001025,CLI-00472,SUC-003,Honduras,Model B,2026
EV-ACME-01026,ACEMDLB14SD001026,CLI-00623,SUC-004,Costa Rica,Model B,2025
EV-ACME-01027,ACEMDLA16TD001027,CLI-00481,SUC-004,Costa Rica,Model A,2026
EV-ACME-01028,ACEMDLE12RK001028,CLI-00542,SUC-010,Perú,Model E,2024
EV-ACME-01029,ACEMDLA15TE001029,CLI-00279,SUC-005,Colombia,Model A,2026
EV-ACME-01030,ACEMDLB16SH001030,CLI-00559,SUC-008,Chile,Model B,2025
EV-ACME-01031,ACEMDLA16SH001031,CLI-00637,SUC-008,Chile,Model A,2025
EV-ACME-01032,ACEMDLF12TG001032,CLI-00206,SUC-007,Canadá,Model F,2026
EV-ACME-01033,ACEMDLA13TC001033,CLI-00691,SUC-003,Honduras,Model A,2026
EV-ACME-01034,ACEMDLE16RJ001034,CLI-00880,SUC-009,Panamá,Model E,2024
EV-ACME-01035,ACEMDLA10TA001035,CLI-00820,SUC-001,México,Model A,2026
EV-ACME-01036,ACEMDLC15RJ001036,CLI-00157,SUC-009,Panamá,Model C,2024
EV-ACME-01037,ACEMDLF12SF001037,CLI-00751,SUC-006,Argentina,Model F,2025
EV-ACME-01038,ACEMDLB14TD001038,CLI-00159,SUC-004,Costa Rica,Model B,2026
EV-ACME-01039,ACEMDLA18SE001039,CLI-00165,SUC-005,Colombia,Model A,2025
EV-ACME-01040,ACEMDLF12SG001040,CLI-00411,SUC-007,Canadá,Model F,2025
EV-ACME-01041,ACEMDLB14RK001041,CLI-00131,SUC-010,Perú,Model B,2024
EV-ACME-01042,ACEMDLF13TF001042,CLI-00577,SUC-006,Argentina,Model F,2026
EV-ACME-01043,ACEMDLC11SA001043,CLI-00126,SUC-001,México,Model C,2025
EV-ACME-01044,ACEMDLE13RH001044,CLI-00588,SUC-008,Chile,Model E,2024
EV-ACME-01045,ACEMDLD11SG001045,CLI-00435,SUC-007,Canadá,Model D,2025
EV-ACME-01046,ACEMDLB15TH001046,CLI-00314,SUC-008,Chile,Model B,2026
EV-ACME-01047,ACEMDLF18RB001047,CLI-00907,SUC-002,Guatemala,Model F,2024
EV-ACME-01048,ACEMDLB15RA001048,CLI-00056,SUC-001,México,Model B,2024
EV-ACME-01049,ACEMDLF18SC001049,CLI-00415,SUC-003,Honduras,Model F,2025
EV-ACME-01050,ACEMDLB15TF001050,CLI-00911,SUC-006,Argentina,Model B,2026
EV-ACME-01051,ACEMDLD13SK001051,CLI-00283,SUC-010,Perú,Model D,2025
EV-ACME-01052,ACEMDLD10RA001052,CLI-00017,SUC-001,México,Model D,2024
EV-ACME-01053,ACEMDLB13TB001053,CLI-00080,SUC-002,Guatemala,Model B,2026
EV-ACME-01054,ACEMDLA17TG001054,CLI-00852,SUC-007,Canadá,Model A,2026
EV-ACME-01055,ACEMDLE14RJ001055,CLI-00909,SUC-009,Panamá,Model E,2024
EV-ACME-01056,ACEMDLA15SF001056,CLI-00244,SUC-006,Argentina,Model A,2025
EV-ACME-01057,ACEMDLD17TH001057,CLI-00155,SUC-008,Chile,Model D,2026
EV-ACME-01058,ACEMDLF12SA001058,CLI-00126,SUC-001,México,Model F,2025
EV-ACME-01059,ACEMDLD12RD001059,CLI-00498,SUC-004,Costa Rica,Model D,2024
EV-ACME-01060,ACEMDLA12RK001060,CLI-00283,SUC-010,Perú,Model A,2024
EV-ACME-01061,ACEMDLE10SD001061,CLI-00125,SUC-004,Costa Rica,Model E,2025
EV-ACME-01062,ACEMDLF18TJ001062,CLI-00408,SUC-009,Panamá,Model F,2026
EV-ACME-01063,ACEMDLB19SA001063,CLI-00221,SUC-001,México,Model B,2025
EV-ACME-01064,ACEMDLA15RJ001064,CLI-00648,SUC-009,Panamá,Model A,2024
EV-ACME-01065,ACEMDLC13RF001065,CLI-00755,SUC-006,Argentina,Model C,2024
EV-ACME-01066,ACEMDLF17RD001066,CLI-00642,SUC-004,Costa Rica,Model F,2024
EV-ACME-01067,ACEMDLD16SC001067,CLI-00613,SUC-003,Honduras,Model D,2025
EV-ACME-01068,ACEMDLE15TB001068,CLI-00013,SUC-002,Guatemala,Model E,2026
EV-ACME-01069,ACEMDLC18SK001069,CLI-00718,SUC-010,Perú,Model C,2025
EV-ACME-01070,ACEMDLA11TD001070,CLI-00383,SUC-004,Costa Rica,Model A,2026
EV-ACME-01071,ACEMDLC17TJ001071,CLI-00115,SUC-009,Panamá,Model C,2026
EV-ACME-01072,ACEMDLA15RE001072,CLI-00466,SUC-005,Colombia,Model A,2024
EV-ACME-01073,ACEMDLF16SK001073,CLI-00870,SUC-010,Perú,Model F,2025
EV-ACME-01074,ACEMDLF19SK001074,CLI-00323,SUC-010,Perú,Model F,2025
EV-ACME-01075,ACEMDLE15RH001075,CLI-00891,SUC-008,Chile,Model E,2024
EV-ACME-01076,ACEMDLC15TF001076,CLI-00678,SUC-006,Argentina,Model C,2026
EV-ACME-01077,ACEMDLB19TC001077,CLI-00253,SUC-003,Honduras,Model B,2026
EV-ACME-01078,ACEMDLA13TB001078,CLI-00145,SUC-002,Guatemala,Model A,2026
EV-ACME-01079,ACEMDLD17TD001079,CLI-00151,SUC-004,Costa Rica,Model D,2026
EV-ACME-01080,ACEMDLC17TA001080,CLI-00368,SUC-001,México,Model C,2026
EV-ACME-01081,ACEMDLB18RE001081,CLI-00929,SUC-005,Colombia,Model B,2024
EV-ACME-01082,ACEMDLE15SB001082,CLI-00405,SUC-002,Guatemala,Model E,2025
EV-ACME-01083,ACEMDLE11TB001083,CLI-00670,SUC-002,Guatemala,Model E,2026
EV-ACME-01084,ACEMDLE11RK001084,CLI-00568,SUC-010,Perú,Model E,2024
EV-ACME-01085,ACEMDLB19TJ001085,CLI-00982,SUC-009,Panamá,Model B,2026
EV-ACME-01086,ACEMDLD14TD001086,CLI-00327,SUC-004,Costa Rica,Model D,2026
EV-ACME-01087,ACEMDLC10SJ001087,CLI-00157,SUC-009,Panamá,Model C,2025
EV-ACME-01088,ACEMDLF14SJ001088,CLI-00547,SUC-009,Panamá,Model F,2025
EV-ACME-01089,ACEMDLA11RA001089,CLI-00378,SUC-001,México,Model A,2024
EV-ACME-01090,ACEMDLA12TJ001090,CLI-00886,SUC-009,Panamá,Model A,2026
EV-ACME-01091,ACEMDLB15TA001091,CLI-00983,SUC-001,México,Model B,2026
EV-ACME-01092,ACEMDLF10SJ001092,CLI-00566,SUC-009,Panamá,Model F,2025
EV-ACME-01093,ACEMDLC15SF001093,CLI-00978,SUC-006,Argentina,Model C,2025
EV-ACME-01094,ACEMDLA19TE001094,CLI-00417,SUC-005,Colombia,Model A,2026
EV-ACME-01095,ACEMDLD14TE001095,CLI-00417,SUC-005,Colombia,Model D,2026
EV-ACME-01096,ACEMDLA17TJ001096,CLI-00701,SUC-009,Panamá,Model A,2026
EV-ACME-01097,ACEMDLC17SK001097,CLI-00543,SUC-010,Perú,Model C,2025
EV-ACME-01098,ACEMDLC10SK001098,CLI-00638,SUC-010,Perú,Model C,2025
EV-ACME-01099,ACEMDLB15TF001099,CLI-00226,SUC-006,Argentina,Model B,2026
EV-ACME-01100,ACEMDLF10RG001100,CLI-00037,SUC-007,Canadá,Model F,2024
EV-ACME-01101,ACEMDLD15RB001101,CLI-00142,SUC-002,Guatemala,Model D,2024
EV-ACME-01102,ACEMDLA17RA001102,CLI-00529,SUC-001,México,Model A,2024
EV-ACME-01103,ACEMDLE14RE001103,CLI-00451,SUC-005,Colombia,Model E,2024
EV-ACME-01104,ACEMDLC18RA001104,CLI-00273,SUC-001,México,Model C,2024
EV-ACME-01105,ACEMDLD19SC001105,CLI-00477,SUC-003,Honduras,Model D,2025
EV-ACME-01106,ACEMDLF16TD001106,CLI-00174,SUC-004,Costa Rica,Model F,2026
EV-ACME-01107,ACEMDLF18SK001107,CLI-00710,SUC-010,Perú,Model F,2025
EV-ACME-01108,ACEMDLC19RE001108,CLI-00810,SUC-005,Colombia,Model C,2024
EV-ACME-01109,ACEMDLB14TE001109,CLI-00832,SUC-005,Colombia,Model B,2026
EV-ACME-01110,ACEMDLA18TA001110,CLI-00368,SUC-001,México,Model A,2026
EV-ACME-01111,ACEMDLE18RA001111,CLI-00299,SUC-001,México,Model E,2024
EV-ACME-01112,ACEMDLE13SD001112,CLI-00822,SUC-004,Costa Rica,Model E,2025
EV-ACME-01113,ACEMDLB17TK001113,CLI-00729,SUC-010,Perú,Model B,2026
EV-ACME-01114,ACEMDLA14SF001114,CLI-00911,SUC-006,Argentina,Model A,2025
EV-ACME-01115,ACEMDLF14TG001115,CLI-00076,SUC-007,Canadá,Model F,2026
EV-ACME-01116,ACEMDLA14RE001116,CLI-00279,SUC-005,Colombia,Model A,2024
EV-ACME-01117,ACEMDLA10RD001117,CLI-00297,SUC-004,Costa Rica,Model A,2024
EV-ACME-01118,ACEMDLB11SC001118,CLI-00030,SUC-003,Honduras,Model B,2025
EV-ACME-01119,ACEMDLB19RD001119,CLI-00249,SUC-004,Costa Rica,Model B,2024
EV-ACME-01120,ACEMDLC14RJ001120,CLI-00942,SUC-009,Panamá,Model C,2024
EV-ACME-01121,ACEMDLC19TF001121,CLI-00796,SUC-006,Argentina,Model C,2026
EV-ACME-01122,ACEMDLD16SJ001122,CLI-00078,SUC-009,Panamá,Model D,2025
EV-ACME-01123,ACEMDLE19RA001123,CLI-00261,SUC-001,México,Model E,2024
EV-ACME-01124,ACEMDLE10TH001124,CLI-00502,SUC-008,Chile,Model E,2026
EV-ACME-01125,ACEMDLA17TE001125,CLI-00128,SUC-005,Colombia,Model A,2026
EV-ACME-01126,ACEMDLC12RJ001126,CLI-00886,SUC-009,Panamá,Model C,2024
EV-ACME-01127,ACEMDLC16SF001127,CLI-00911,SUC-006,Argentina,Model C,2025
EV-ACME-01128,ACEMDLE12TH001128,CLI-00781,SUC-008,Chile,Model E,2026
EV-ACME-01129,ACEMDLF12TA001129,CLI-00754,SUC-001,México,Model F,2026
EV-ACME-01130,ACEMDLA10TB001130,CLI-00756,SUC-002,Guatemala,Model A,2026
EV-ACME-01131,ACEMDLA17TC001131,CLI-00392,SUC-003,Honduras,Model A,2026
EV-ACME-01132,ACEMDLC11SJ001132,CLI-00121,SUC-009,Panamá,Model C,2025
EV-ACME-01133,ACEMDLE11TC001133,CLI-00875,SUC-003,Honduras,Model E,2026
EV-ACME-01134,ACEMDLB14TB001134,CLI-00666,SUC-002,Guatemala,Model B,2026
EV-ACME-01135,ACEMDLC11RK001135,CLI-00453,SUC-010,Perú,Model C,2024
EV-ACME-01136,ACEMDLB19SJ001136,CLI-00198,SUC-009,Panamá,Model B,2025
EV-ACME-01137,ACEMDLC12SG001137,CLI-00004,SUC-007,Canadá,Model C,2025
EV-ACME-01138,ACEMDLE18TF001138,CLI-00492,SUC-006,Argentina,Model E,2026
EV-ACME-01139,ACEMDLE11SA001139,CLI-00133,SUC-001,México,Model E,2025
EV-ACME-01140,ACEMDLA12SG001140,CLI-00194,SUC-007,Canadá,Model A,2025
EV-ACME-01141,ACEMDLC11SD001141,CLI-00917,SUC-004,Costa Rica,Model C,2025
EV-ACME-01142,ACEMDLB19TJ001142,CLI-00647,SUC-009,Panamá,Model B,2026
EV-ACME-01143,ACEMDLF17SE001143,CLI-00246,SUC-005,Colombia,Model F,2025
EV-ACME-01144,ACEMDLB10RG001144,CLI-00214,SUC-007,Canadá,Model B,2024
EV-ACME-01145,ACEMDLB13TF001145,CLI-00778,SUC-006,Argentina,Model B,2026
EV-ACME-01146,ACEMDLE14TE001146,CLI-00930,SUC-005,Colombia,Model E,2026
EV-ACME-01147,ACEMDLA17RH001147,CLI-00612,SUC-008,Chile,Model A,2024
EV-ACME-01148,ACEMDLE14TJ001148,CLI-00677,SUC-009,Panamá,Model E,2026
EV-ACME-01149,ACEMDLB13TC001149,CLI-00136,SUC-003,Honduras,Model B,2026
EV-ACME-01150,ACEMDLD10TE001150,CLI-00128,SUC-005,Colombia,Model D,2026
EV-ACME-01151,ACEMDLD17SD001151,CLI-00363,SUC-004,Costa Rica,Model D,2025
EV-ACME-01152,ACEMDLB15TJ001152,CLI-00526,SUC-009,Panamá,Model B,2026
EV-ACME-01153,ACEMDLC11SH001153,CLI-00062,SUC-008,Chile,Model C,2025
EV-ACME-01154,ACEMDLB12TB001154,CLI-00670,SUC-002,Guatemala,Model B,2026
EV-ACME-01155,ACEMDLD11TK001155,CLI-00729,SUC-010,Perú,Model D,2026
EV-ACME-01156,ACEMDLE18RB001156,CLI-00725,SUC-002,Guatemala,Model E,2024
EV-ACME-01157,ACEMDLA11SC001157,CLI-00800,SUC-003,Honduras,Model A,2025
EV-ACME-01158,ACEMDLE13SH001158,CLI-00006,SUC-008,Chile,Model E,2025
EV-ACME-01159,ACEMDLA13TJ001159,CLI-00377,SUC-009,Panamá,Model A,2026
EV-ACME-01160,ACEMDLC18SE001160,CLI-00581,SUC-005,Colombia,Model C,2025
EV-ACME-01161,ACEMDLD17SB001161,CLI-00274,SUC-002,Guatemala,Model D,2025
EV-ACME-01162,ACEMDLD17RG001162,CLI-00035,SUC-007,Canadá,Model D,2024
EV-ACME-01163,ACEMDLD15SD001163,CLI-00980,SUC-004,Costa Rica,Model D,2025
EV-ACME-01164,ACEMDLF10TJ001164,CLI-00078,SUC-009,Panamá,Model F,2026
EV-ACME-01165,ACEMDLE10SJ001165,CLI-00607,SUC-009,Panamá,Model E,2025
EV-ACME-01166,ACEMDLB16RD001166,CLI-00545,SUC-004,Costa Rica,Model B,2024
EV-ACME-01167,ACEMDLD13SD001167,CLI-00980,SUC-004,Costa Rica,Model D,2025
EV-ACME-01168,ACEMDLD19SA001168,CLI-00704,SUC-001,México,Model D,2025
EV-ACME-01169,ACEMDLA13RJ001169,CLI-00168,SUC-009,Panamá,Model A,2024
EV-ACME-01170,ACEMDLA19RJ001170,CLI-00379,SUC-009,Panamá,Model A,2024
EV-ACME-01171,ACEMDLD15TK001171,CLI-00718,SUC-010,Perú,Model D,2026
EV-ACME-01172,ACEMDLE10RF001172,CLI-00735,SUC-006,Argentina,Model E,2024
EV-ACME-01173,ACEMDLA18RC001173,CLI-00510,SUC-003,Honduras,Model A,2024
EV-ACME-01174,ACEMDLE14RC001174,CLI-00490,SUC-003,Honduras,Model E,2024
EV-ACME-01175,ACEMDLD16SH001175,CLI-00877,SUC-008,Chile,Model D,2025
EV-ACME-01176,ACEMDLD12SF001176,CLI-00720,SUC-006,Argentina,Model D,2025
EV-ACME-01177,ACEMDLF13RA001177,CLI-00208,SUC-001,México,Model F,2024
EV-ACME-01178,ACEMDLF10SC001178,CLI-00875,SUC-003,Honduras,Model F,2025
EV-ACME-01179,ACEMDLB10TD001179,CLI-01000,SUC-004,Costa Rica,Model B,2026
EV-ACME-01180,ACEMDLA10TA001180,CLI-00050,SUC-001,México,Model A,2026
EV-ACME-01181,ACEMDLC10RB001181,CLI-00941,SUC-002,Guatemala,Model C,2024
EV-ACME-01182,ACEMDLE16SK001182,CLI-00835,SUC-010,Perú,Model E,2025
EV-ACME-01183,ACEMDLD16TD001183,CLI-00517,SUC-004,Costa Rica,Model D,2026
EV-ACME-01184,ACEMDLC10RK001184,CLI-00710,SUC-010,Perú,Model C,2024
EV-ACME-01185,ACEMDLE15SA001185,CLI-00386,SUC-001,México,Model E,2025
EV-ACME-01186,ACEMDLA16TE001186,CLI-00592,SUC-005,Colombia,Model A,2026
EV-ACME-01187,ACEMDLC11SH001187,CLI-00134,SUC-008,Chile,Model C,2025
EV-ACME-01188,ACEMDLE14SC001188,CLI-00430,SUC-003,Honduras,Model E,2025
EV-ACME-01189,ACEMDLB18TJ001189,CLI-00837,SUC-009,Panamá,Model B,2026
EV-ACME-01190,ACEMDLD12SD001190,CLI-00363,SUC-004,Costa Rica,Model D,2025
EV-ACME-01191,ACEMDLA19RG001191,CLI-00144,SUC-007,Canadá,Model A,2024
EV-ACME-01192,ACEMDLA19RJ001192,CLI-00371,SUC-009,Panamá,Model A,2024
EV-ACME-01193,ACEMDLD12RJ001193,CLI-00593,SUC-009,Panamá,Model D,2024
EV-ACME-01194,ACEMDLA13SH001194,CLI-00502,SUC-008,Chile,Model A,2025
EV-ACME-01195,ACEMDLE16RD001195,CLI-00649,SUC-004,Costa Rica,Model E,2024
EV-ACME-01196,ACEMDLB19TC001196,CLI-00914,SUC-003,Honduras,Model B,2026
EV-ACME-01197,ACEMDLA18SC001197,CLI-00322,SUC-003,Honduras,Model A,2025
EV-ACME-01198,ACEMDLE13SB001198,CLI-00258,SUC-002,Guatemala,Model E,2025
EV-ACME-01199,ACEMDLD10TE001199,CLI-00220,SUC-005,Colombia,Model D,2026
EV-ACME-01200,ACEMDLA13RF001200,CLI-00796,SUC-006,Argentina,Model A,2024
EV-ACME-01201,ACEMDLC11SB001201,CLI-00725,SUC-002,Guatemala,Model C,2025
EV-ACME-01202,ACEMDLE15TC001202,CLI-00871,SUC-003,Honduras,Model E,2026
EV-ACME-01203,ACEMDLD16RE001203,CLI-00499,SUC-005,Colombia,Model D,2024
EV-ACME-01204,ACEMDLA18SD001204,CLI-00921,SUC-004,Costa Rica,Model A,2025
EV-ACME-01205,ACEMDLA17RG001205,CLI-00671,SUC-007,Canadá,Model A,2024
EV-ACME-01206,ACEMDLC12TE001206,CLI-00847,SUC-005,Colombia,Model C,2026
EV-ACME-01207,ACEMDLD11TB001207,CLI-00424,SUC-002,Guatemala,Model D,2026
EV-ACME-01208,ACEMDLA12TK001208,CLI-00131,SUC-010,Perú,Model A,2026
EV-ACME-01209,ACEMDLF15TA001209,CLI-00141,SUC-001,México,Model F,2026
EV-ACME-01210,ACEMDLE16TJ001210,CLI-00526,SUC-009,Panamá,Model E,2026
EV-ACME-01211,ACEMDLB16SK001211,CLI-00137,SUC-010,Perú,Model B,2025
EV-ACME-01212,ACEMDLB16SC001212,CLI-00871,SUC-003,Honduras,Model B,2025
EV-ACME-01213,ACEMDLC17TG001213,CLI-00395,SUC-007,Canadá,Model C,2026
EV-ACME-01214,ACEMDLF19TK001214,CLI-00310,SUC-010,Perú,Model F,2026
EV-ACME-01215,ACEMDLD12SC001215,CLI-00376,SUC-003,Honduras,Model D,2025
EV-ACME-01216,ACEMDLC15TD001216,CLI-00330,SUC-004,Costa Rica,Model C,2026
EV-ACME-01217,ACEMDLF19SE001217,CLI-00290,SUC-005,Colombia,Model F,2025
EV-ACME-01218,ACEMDLA17SH001218,CLI-00414,SUC-008,Chile,Model A,2025
EV-ACME-01219,ACEMDLB12RA001219,CLI-00233,SUC-001,México,Model B,2024
EV-ACME-01220,ACEMDLA15TJ001220,CLI-00044,SUC-009,Panamá,Model A,2026
EV-ACME-01221,ACEMDLD14RK001221,CLI-00410,SUC-010,Perú,Model D,2024
EV-ACME-01222,ACEMDLA18TB001222,CLI-00509,SUC-002,Guatemala,Model A,2026
EV-ACME-01223,ACEMDLF13TF001223,CLI-00644,SUC-006,Argentina,Model F,2026
EV-ACME-01224,ACEMDLB12RC001224,CLI-00986,SUC-003,Honduras,Model B,2024
EV-ACME-01225,ACEMDLE16SK001225,CLI-00923,SUC-010,Perú,Model E,2025
EV-ACME-01226,ACEMDLF12RE001226,CLI-00246,SUC-005,Colombia,Model F,2024
EV-ACME-01227,ACEMDLB11TC001227,CLI-00263,SUC-003,Honduras,Model B,2026
EV-ACME-01228,ACEMDLD12RD001228,CLI-00363,SUC-004,Costa Rica,Model D,2024
EV-ACME-01229,ACEMDLB19SJ001229,CLI-00256,SUC-009,Panamá,Model B,2025
EV-ACME-01230,ACEMDLE10RD001230,CLI-00481,SUC-004,Costa Rica,Model E,2024
EV-ACME-01231,ACEMDLA14RD001231,CLI-00005,SUC-004,Costa Rica,Model A,2024
EV-ACME-01232,ACEMDLE13TC001232,CLI-00841,SUC-003,Honduras,Model E,2026
EV-ACME-01233,ACEMDLE14RB001233,CLI-00045,SUC-002,Guatemala,Model E,2024
EV-ACME-01234,ACEMDLE16TB001234,CLI-00790,SUC-002,Guatemala,Model E,2026
EV-ACME-01235,ACEMDLD12TC001235,CLI-00415,SUC-003,Honduras,Model D,2026
EV-ACME-01236,ACEMDLC13RD001236,CLI-00939,SUC-004,Costa Rica,Model C,2024
EV-ACME-01237,ACEMDLC18TJ001237,CLI-00599,SUC-009,Panamá,Model C,2026
EV-ACME-01238,ACEMDLA12RJ001238,CLI-00119,SUC-009,Panamá,Model A,2024
EV-ACME-01239,ACEMDLA15TB001239,CLI-00424,SUC-002,Guatemala,Model A,2026
EV-ACME-01240,ACEMDLA11TA001240,CLI-00293,SUC-001,México,Model A,2026
EV-ACME-01241,ACEMDLF18SF001241,CLI-00166,SUC-006,Argentina,Model F,2025
EV-ACME-01242,ACEMDLA11TJ001242,CLI-00963,SUC-009,Panamá,Model A,2026
EV-ACME-01243,ACEMDLB16RA001243,CLI-00675,SUC-001,México,Model B,2024
EV-ACME-01244,ACEMDLC13SD001244,CLI-00381,SUC-004,Costa Rica,Model C,2025
EV-ACME-01245,ACEMDLC14RK001245,CLI-00932,SUC-010,Perú,Model C,2024
EV-ACME-01246,ACEMDLD10TB001246,CLI-00087,SUC-002,Guatemala,Model D,2026
EV-ACME-01247,ACEMDLA15TJ001247,CLI-00566,SUC-009,Panamá,Model A,2026
EV-ACME-01248,ACEMDLD19SK001248,CLI-00296,SUC-010,Perú,Model D,2025
EV-ACME-01249,ACEMDLD17RK001249,CLI-00471,SUC-010,Perú,Model D,2024
EV-ACME-01250,ACEMDLC12RF001250,CLI-00952,SUC-006,Argentina,Model C,2024
EV-ACME-01251,ACEMDLE12TK001251,CLI-00346,SUC-010,Perú,Model E,2026
EV-ACME-01252,ACEMDLC17SE001252,CLI-00436,SUC-005,Colombia,Model C,2025
EV-ACME-01253,ACEMDLB11SK001253,CLI-00690,SUC-010,Perú,Model B,2025
EV-ACME-01254,ACEMDLE10RH001254,CLI-00860,SUC-008,Chile,Model E,2024
EV-ACME-01255,ACEMDLB18RD001255,CLI-00874,SUC-004,Costa Rica,Model B,2024
EV-ACME-01256,ACEMDLC10RJ001256,CLI-00864,SUC-009,Panamá,Model C,2024
EV-ACME-01257,ACEMDLE19SD001257,CLI-00570,SUC-004,Costa Rica,Model E,2025
EV-ACME-01258,ACEMDLD17SE001258,CLI-00788,SUC-005,Colombia,Model D,2025
EV-ACME-01259,ACEMDLE18SH001259,CLI-00515,SUC-008,Chile,Model E,2025
EV-ACME-01260,ACEMDLC17RJ001260,CLI-00940,SUC-009,Panamá,Model C,2024
EV-ACME-01261,ACEMDLA13SK001261,CLI-00470,SUC-010,Perú,Model A,2025
EV-ACME-01262,ACEMDLA17SD001262,CLI-00783,SUC-004,Costa Rica,Model A,2025
EV-ACME-01263,ACEMDLB17RG001263,CLI-00214,SUC-007,Canadá,Model B,2024
EV-ACME-01264,ACEMDLA19TE001264,CLI-00551,SUC-005,Colombia,Model A,2026
EV-ACME-01265,ACEMDLC10RF001265,CLI-00282,SUC-006,Argentina,Model C,2024
EV-ACME-01266,ACEMDLC17RK001266,CLI-00097,SUC-010,Perú,Model C,2024
EV-ACME-01267,ACEMDLF10RA001267,CLI-00443,SUC-001,México,Model F,2024
EV-ACME-01268,ACEMDLE19RJ001268,CLI-00406,SUC-009,Panamá,Model E,2024
EV-ACME-01269,ACEMDLE14SB001269,CLI-00941,SUC-002,Guatemala,Model E,2025
EV-ACME-01270,ACEMDLC18TA001270,CLI-00452,SUC-001,México,Model C,2026
EV-ACME-01271,ACEMDLC11SA001271,CLI-00152,SUC-001,México,Model C,2025
EV-ACME-01272,ACEMDLA19TE001272,CLI-00810,SUC-005,Colombia,Model A,2026
EV-ACME-01273,ACEMDLD17TB001273,CLI-00139,SUC-002,Guatemala,Model D,2026
EV-ACME-01274,ACEMDLF14RH001274,CLI-00138,SUC-008,Chile,Model F,2024
EV-ACME-01275,ACEMDLC12RK001275,CLI-00094,SUC-010,Perú,Model C,2024
EV-ACME-01276,ACEMDLC12TD001276,CLI-00278,SUC-004,Costa Rica,Model C,2026
EV-ACME-01277,ACEMDLD17RA001277,CLI-00614,SUC-001,México,Model D,2024
EV-ACME-01278,ACEMDLA15RK001278,CLI-00794,SUC-010,Perú,Model A,2024
EV-ACME-01279,ACEMDLF14TK001279,CLI-00346,SUC-010,Perú,Model F,2026
EV-ACME-01280,ACEMDLE16SH001280,CLI-00153,SUC-008,Chile,Model E,2025
EV-ACME-01281,ACEMDLF13TJ001281,CLI-00266,SUC-009,Panamá,Model F,2026
EV-ACME-01282,ACEMDLB14TA001282,CLI-00287,SUC-001,México,Model B,2026
EV-ACME-01283,ACEMDLA11SF001283,CLI-00113,SUC-006,Argentina,Model A,2025
EV-ACME-01284,ACEMDLD10SK001284,CLI-00325,SUC-010,Perú,Model D,2025
EV-ACME-01285,ACEMDLB15RE001285,CLI-00450,SUC-005,Colombia,Model B,2024
EV-ACME-01286,ACEMDLA18RD001286,CLI-00005,SUC-004,Costa Rica,Model A,2024
EV-ACME-01287,ACEMDLC19RA001287,CLI-00838,SUC-001,México,Model C,2024
EV-ACME-01288,ACEMDLB18TH001288,CLI-00062,SUC-008,Chile,Model B,2026
EV-ACME-01289,ACEMDLC19SJ001289,CLI-00982,SUC-009,Panamá,Model C,2025
EV-ACME-01290,ACEMDLA15RC001290,CLI-00986,SUC-003,Honduras,Model A,2024
EV-ACME-01291,ACEMDLD12SE001291,CLI-00929,SUC-005,Colombia,Model D,2025
EV-ACME-01292,ACEMDLE12RF001292,CLI-00418,SUC-006,Argentina,Model E,2024
EV-ACME-01293,ACEMDLB18TB001293,CLI-00239,SUC-002,Guatemala,Model B,2026
EV-ACME-01294,ACEMDLE13TC001294,CLI-00197,SUC-003,Honduras,Model E,2026
EV-ACME-01295,ACEMDLA17SE001295,CLI-00579,SUC-005,Colombia,Model A,2025
EV-ACME-01296,ACEMDLB19SF001296,CLI-00425,SUC-006,Argentina,Model B,2025
EV-ACME-01297,ACEMDLA19TK001297,CLI-00409,SUC-010,Perú,Model A,2026
EV-ACME-01298,ACEMDLA11SF001298,CLI-00046,SUC-006,Argentina,Model A,2025
EV-ACME-01299,ACEMDLF16SH001299,CLI-00335,SUC-008,Chile,Model F,2025
EV-ACME-01300,ACEMDLF17TH001300,CLI-00124,SUC-008,Chile,Model F,2026
EV-ACME-01301,ACEMDLC12RK001301,CLI-00923,SUC-010,Perú,Model C,2024
EV-ACME-01302,ACEMDLD12TK001302,CLI-00336,SUC-010,Perú,Model D,2026
EV-ACME-01303,ACEMDLF17SD001303,CLI-00535,SUC-004,Costa Rica,Model F,2025
EV-ACME-01304,ACEMDLD19SC001304,CLI-00863,SUC-003,Honduras,Model D,2025
EV-ACME-01305,ACEMDLF16SF001305,CLI-00047,SUC-006,Argentina,Model F,2025
EV-ACME-01306,ACEMDLF14SB001306,CLI-00793,SUC-002,Guatemala,Model F,2025
EV-ACME-01307,ACEMDLB14RF001307,CLI-00804,SUC-006,Argentina,Model B,2024
EV-ACME-01308,ACEMDLE19SH001308,CLI-00375,SUC-008,Chile,Model E,2025
EV-ACME-01309,ACEMDLC14TD001309,CLI-00319,SUC-004,Costa Rica,Model C,2026
EV-ACME-01310,ACEMDLB15RE001310,CLI-00211,SUC-005,Colombia,Model B,2024
EV-ACME-01311,ACEMDLC12TG001311,CLI-00206,SUC-007,Canadá,Model C,2026
EV-ACME-01312,ACEMDLB12SE001312,CLI-00186,SUC-005,Colombia,Model B,2025
EV-ACME-01313,ACEMDLE17SJ001313,CLI-00121,SUC-009,Panamá,Model E,2025
EV-ACME-01314,ACEMDLF11TB001314,CLI-00653,SUC-002,Guatemala,Model F,2026
EV-ACME-01315,ACEMDLC17TH001315,CLI-00091,SUC-008,Chile,Model C,2026
EV-ACME-01316,ACEMDLB11SB001316,CLI-00756,SUC-002,Guatemala,Model B,2025
EV-ACME-01317,ACEMDLE11SH001317,CLI-00588,SUC-008,Chile,Model E,2025
EV-ACME-01318,ACEMDLD17TG001318,CLI-00465,SUC-007,Canadá,Model D,2026
EV-ACME-01319,ACEMDLE15SE001319,CLI-00246,SUC-005,Colombia,Model E,2025
EV-ACME-01320,ACEMDLE16SC001320,CLI-00895,SUC-003,Honduras,Model E,2025
EV-ACME-01321,ACEMDLF13SH001321,CLI-00280,SUC-008,Chile,Model F,2025
EV-ACME-01322,ACEMDLB15TK001322,CLI-00641,SUC-010,Perú,Model B,2026
EV-ACME-01323,ACEMDLE18SE001323,CLI-00437,SUC-005,Colombia,Model E,2025
EV-ACME-01324,ACEMDLC10RB001324,CLI-00454,SUC-002,Guatemala,Model C,2024
EV-ACME-01325,ACEMDLA13TK001325,CLI-00995,SUC-010,Perú,Model A,2026
EV-ACME-01326,ACEMDLD13RF001326,CLI-00098,SUC-006,Argentina,Model D,2024
EV-ACME-01327,ACEMDLB10SE001327,CLI-00581,SUC-005,Colombia,Model B,2025
EV-ACME-01328,ACEMDLA10TK001328,CLI-00491,SUC-010,Perú,Model A,2026
EV-ACME-01329,ACEMDLD10TD001329,CLI-00917,SUC-004,Costa Rica,Model D,2026
EV-ACME-01330,ACEMDLC15RB001330,CLI-00300,SUC-002,Guatemala,Model C,2024
EV-ACME-01331,ACEMDLE12RJ001331,CLI-00632,SUC-009,Panamá,Model E,2024
EV-ACME-01332,ACEMDLE11SD001332,CLI-00996,SUC-004,Costa Rica,Model E,2025
EV-ACME-01333,ACEMDLE13SD001333,CLI-00148,SUC-004,Costa Rica,Model E,2025
EV-ACME-01334,ACEMDLC11TK001334,CLI-00453,SUC-010,Perú,Model C,2026
EV-ACME-01335,ACEMDLB16TA001335,CLI-00066,SUC-001,México,Model B,2026
EV-ACME-01336,ACEMDLA14RD001336,CLI-00229,SUC-004,Costa Rica,Model A,2024
EV-ACME-01337,ACEMDLD18RJ001337,CLI-00112,SUC-009,Panamá,Model D,2024
EV-ACME-01338,ACEMDLA15SF001338,CLI-00372,SUC-006,Argentina,Model A,2025
EV-ACME-01339,ACEMDLB10SG001339,CLI-00164,SUC-007,Canadá,Model B,2025
EV-ACME-01340,ACEMDLE10SH001340,CLI-00749,SUC-008,Chile,Model E,2025
EV-ACME-01341,ACEMDLF18TD001341,CLI-00882,SUC-004,Costa Rica,Model F,2026
EV-ACME-01342,ACEMDLD19SB001342,CLI-00616,SUC-002,Guatemala,Model D,2025
EV-ACME-01343,ACEMDLB11RK001343,CLI-00410,SUC-010,Perú,Model B,2024
EV-ACME-01344,ACEMDLE15TF001344,CLI-00146,SUC-006,Argentina,Model E,2026
EV-ACME-01345,ACEMDLE12TF001345,CLI-00523,SUC-006,Argentina,Model E,2026
EV-ACME-01346,ACEMDLD14TE001346,CLI-00788,SUC-005,Colombia,Model D,2026
EV-ACME-01347,ACEMDLF14SF001347,CLI-00492,SUC-006,Argentina,Model F,2025
EV-ACME-01348,ACEMDLA10SJ001348,CLI-00526,SUC-009,Panamá,Model A,2025
EV-ACME-01349,ACEMDLF10RJ001349,CLI-00313,SUC-009,Panamá,Model F,2024
EV-ACME-01350,ACEMDLF16TF001350,CLI-00113,SUC-006,Argentina,Model F,2026
EV-ACME-01351,ACEMDLA12TC001351,CLI-00823,SUC-003,Honduras,Model A,2026
EV-ACME-01352,ACEMDLA18TC001352,CLI-00391,SUC-003,Honduras,Model A,2026
EV-ACME-01353,ACEMDLF10SH001353,CLI-00726,SUC-008,Chile,Model F,2025
EV-ACME-01354,ACEMDLD16RF001354,CLI-00645,SUC-006,Argentina,Model D,2024
EV-ACME-01355,ACEMDLD11SF001355,CLI-00978,SUC-006,Argentina,Model D,2025
EV-ACME-01356,ACEMDLB14RB001356,CLI-00771,SUC-002,Guatemala,Model B,2024
EV-ACME-01357,ACEMDLE15TH001357,CLI-00860,SUC-008,Chile,Model E,2026
EV-ACME-01358,ACEMDLF11TC001358,CLI-00463,SUC-003,Honduras,Model F,2026
EV-ACME-01359,ACEMDLD10RE001359,CLI-00074,SUC-005,Colombia,Model D,2024
EV-ACME-01360,ACEMDLE10SA001360,CLI-00529,SUC-001,México,Model E,2025
EV-ACME-01361,ACEMDLF12RJ001361,CLI-00829,SUC-009,Panamá,Model F,2024
EV-ACME-01362,ACEMDLD14RJ001362,CLI-00593,SUC-009,Panamá,Model D,2024
EV-ACME-01363,ACEMDLB13RB001363,CLI-00429,SUC-002,Guatemala,Model B,2024
EV-ACME-01364,ACEMDLD15SK001364,CLI-00542,SUC-010,Perú,Model D,2025
EV-ACME-01365,ACEMDLE10RH001365,CLI-00696,SUC-008,Chile,Model E,2024
EV-ACME-01366,ACEMDLD12SF001366,CLI-00110,SUC-006,Argentina,Model D,2025
EV-ACME-01367,ACEMDLA19RH001367,CLI-00563,SUC-008,Chile,Model A,2024
EV-ACME-01368,ACEMDLB17SK001368,CLI-00169,SUC-010,Perú,Model B,2025
EV-ACME-01369,ACEMDLC14TA001369,CLI-00210,SUC-001,México,Model C,2026
EV-ACME-01370,ACEMDLF14SB001370,CLI-00454,SUC-002,Guatemala,Model F,2025
EV-ACME-01371,ACEMDLE17SH001371,CLI-00763,SUC-008,Chile,Model E,2025
EV-ACME-01372,ACEMDLC15SG001372,CLI-00671,SUC-007,Canadá,Model C,2025
EV-ACME-01373,ACEMDLA18RJ001373,CLI-00664,SUC-009,Panamá,Model A,2024
EV-ACME-01374,ACEMDLD15SJ001374,CLI-00643,SUC-009,Panamá,Model D,2025
EV-ACME-01375,ACEMDLA11TA001375,CLI-00744,SUC-001,México,Model A,2026
EV-ACME-01376,ACEMDLB12SG001376,CLI-00852,SUC-007,Canadá,Model B,2025
EV-ACME-01377,ACEMDLA18RB001377,CLI-00603,SUC-002,Guatemala,Model A,2024
EV-ACME-01378,ACEMDLF19RB001378,CLI-00981,SUC-002,Guatemala,Model F,2024
EV-ACME-01379,ACEMDLE12TB001379,CLI-00988,SUC-002,Guatemala,Model E,2026
EV-ACME-01380,ACEMDLE17SK001380,CLI-00064,SUC-010,Perú,Model E,2025
EV-ACME-01381,ACEMDLF10TE001381,CLI-00337,SUC-005,Colombia,Model F,2026
EV-ACME-01382,ACEMDLD16TE001382,CLI-00500,SUC-005,Colombia,Model D,2026
EV-ACME-01383,ACEMDLF13RD001383,CLI-00901,SUC-004,Costa Rica,Model F,2024
EV-ACME-01384,ACEMDLC19SJ001384,CLI-00880,SUC-009,Panamá,Model C,2025
EV-ACME-01385,ACEMDLD18RH001385,CLI-00612,SUC-008,Chile,Model D,2024
EV-ACME-01386,ACEMDLD18SK001386,CLI-00638,SUC-010,Perú,Model D,2025
EV-ACME-01387,ACEMDLC10RH001387,CLI-00138,SUC-008,Chile,Model C,2024
EV-ACME-01388,ACEMDLA17SB001388,CLI-00670,SUC-002,Guatemala,Model A,2025
EV-ACME-01389,ACEMDLC15SG001389,CLI-00439,SUC-007,Canadá,Model C,2025
EV-ACME-01390,ACEMDLB13RE001390,CLI-00806,SUC-005,Colombia,Model B,2024
EV-ACME-01391,ACEMDLB12SF001391,CLI-00458,SUC-006,Argentina,Model B,2025
EV-ACME-01392,ACEMDLF10TJ001392,CLI-00127,SUC-009,Panamá,Model F,2026
EV-ACME-01393,ACEMDLE19SE001393,CLI-00436,SUC-005,Colombia,Model E,2025
EV-ACME-01394,ACEMDLD12TJ001394,CLI-00181,SUC-009,Panamá,Model D,2026
EV-ACME-01395,ACEMDLC18TA001395,CLI-00361,SUC-001,México,Model C,2026
EV-ACME-01396,ACEMDLC11RH001396,CLI-00608,SUC-008,Chile,Model C,2024
EV-ACME-01397,ACEMDLC18TE001397,CLI-00955,SUC-005,Colombia,Model C,2026
EV-ACME-01398,ACEMDLE19TK001398,CLI-00633,SUC-010,Perú,Model E,2026
EV-ACME-01399,ACEMDLC15SA001399,CLI-00353,SUC-001,México,Model C,2025
EV-ACME-01400,ACEMDLA12TJ001400,CLI-00402,SUC-009,Panamá,Model A,2026
EV-ACME-01401,ACEMDLB13SK001401,CLI-00094,SUC-010,Perú,Model B,2025
EV-ACME-01402,ACEMDLF11TH001402,CLI-00763,SUC-008,Chile,Model F,2026
EV-ACME-01403,ACEMDLF18RK001403,CLI-00710,SUC-010,Perú,Model F,2024
EV-ACME-01404,ACEMDLE16RB001404,CLI-00080,SUC-002,Guatemala,Model E,2024
EV-ACME-01405,ACEMDLE15RD001405,CLI-00051,SUC-004,Costa Rica,Model E,2024
EV-ACME-01406,ACEMDLD12RB001406,CLI-00622,SUC-002,Guatemala,Model D,2024
EV-ACME-01407,ACEMDLB19SG001407,CLI-00040,SUC-007,Canadá,Model B,2025
EV-ACME-01408,ACEMDLE15RE001408,CLI-00154,SUC-005,Colombia,Model E,2024
EV-ACME-01409,ACEMDLA16TC001409,CLI-00255,SUC-003,Honduras,Model A,2026
EV-ACME-01410,ACEMDLB12TJ001410,CLI-00586,SUC-009,Panamá,Model B,2026
EV-ACME-01411,ACEMDLC18SH001411,CLI-00195,SUC-008,Chile,Model C,2025
EV-ACME-01412,ACEMDLA19SK001412,CLI-00710,SUC-010,Perú,Model A,2025
EV-ACME-01413,ACEMDLC16RA001413,CLI-00133,SUC-001,México,Model C,2024
EV-ACME-01414,ACEMDLA10SF001414,CLI-00722,SUC-006,Argentina,Model A,2025
EV-ACME-01415,ACEMDLD12TE001415,CLI-00846,SUC-005,Colombia,Model D,2026
EV-ACME-01416,ACEMDLE18TE001416,CLI-00216,SUC-005,Colombia,Model E,2026
EV-ACME-01417,ACEMDLA17TB001417,CLI-00424,SUC-002,Guatemala,Model A,2026
EV-ACME-01418,ACEMDLC11RK001418,CLI-00750,SUC-010,Perú,Model C,2024
EV-ACME-01419,ACEMDLA14SJ001419,CLI-00266,SUC-009,Panamá,Model A,2025
EV-ACME-01420,ACEMDLD10RA001420,CLI-00876,SUC-001,México,Model D,2024
EV-ACME-01421,ACEMDLB15SJ001421,CLI-00099,SUC-009,Panamá,Model B,2025
EV-ACME-01422,ACEMDLE15SD001422,CLI-00787,SUC-004,Costa Rica,Model E,2025
EV-ACME-01423,ACEMDLB18RH001423,CLI-00018,SUC-008,Chile,Model B,2024
EV-ACME-01424,ACEMDLE14RJ001424,CLI-00115,SUC-009,Panamá,Model E,2024
EV-ACME-01425,ACEMDLE18SB001425,CLI-00513,SUC-002,Guatemala,Model E,2025
EV-ACME-01426,ACEMDLB10TF001426,CLI-00459,SUC-006,Argentina,Model B,2026
EV-ACME-01427,ACEMDLC14SJ001427,CLI-00434,SUC-009,Panamá,Model C,2025
EV-ACME-01428,ACEMDLB18RE001428,CLI-00220,SUC-005,Colombia,Model B,2024
EV-ACME-01429,ACEMDLA15TB001429,CLI-00196,SUC-002,Guatemala,Model A,2026
EV-ACME-01430,ACEMDLC10TE001430,CLI-00958,SUC-005,Colombia,Model C,2026
EV-ACME-01431,ACEMDLB16TC001431,CLI-00472,SUC-003,Honduras,Model B,2026
EV-ACME-01432,ACEMDLC17TC001432,CLI-00947,SUC-003,Honduras,Model C,2026
EV-ACME-01433,ACEMDLD15TC001433,CLI-00888,SUC-003,Honduras,Model D,2026
EV-ACME-01434,ACEMDLD13SA001434,CLI-00989,SUC-001,México,Model D,2025
EV-ACME-01435,ACEMDLF17SJ001435,CLI-00703,SUC-009,Panamá,Model F,2025
EV-ACME-01436,ACEMDLE11SD001436,CLI-00291,SUC-004,Costa Rica,Model E,2025
EV-ACME-01437,ACEMDLD16RK001437,CLI-00862,SUC-010,Perú,Model D,2024
EV-ACME-01438,ACEMDLC16RF001438,CLI-00956,SUC-006,Argentina,Model C,2024
EV-ACME-01439,ACEMDLA15TB001439,CLI-00652,SUC-002,Guatemala,Model A,2026
EV-ACME-01440,ACEMDLB19TA001440,CLI-00546,SUC-001,México,Model B,2026
EV-ACME-01441,ACEMDLC14SC001441,CLI-00503,SUC-003,Honduras,Model C,2025
EV-ACME-01442,ACEMDLE14TA001442,CLI-00820,SUC-001,México,Model E,2026
EV-ACME-01443,ACEMDLD17RE001443,CLI-00727,SUC-005,Colombia,Model D,2024
EV-ACME-01444,ACEMDLB10RE001444,CLI-00238,SUC-005,Colombia,Model B,2024
EV-ACME-01445,ACEMDLB16TA001445,CLI-00748,SUC-001,México,Model B,2026
EV-ACME-01446,ACEMDLE19TB001446,CLI-00527,SUC-002,Guatemala,Model E,2026
EV-ACME-01447,ACEMDLF12SC001447,CLI-00136,SUC-003,Honduras,Model F,2025
EV-ACME-01448,ACEMDLE11RJ001448,CLI-00404,SUC-009,Panamá,Model E,2024
EV-ACME-01449,ACEMDLD12SK001449,CLI-00283,SUC-010,Perú,Model D,2025
EV-ACME-01450,ACEMDLF15RC001450,CLI-00549,SUC-003,Honduras,Model F,2024
EV-ACME-01451,ACEMDLF10TE001451,CLI-00493,SUC-005,Colombia,Model F,2026
EV-ACME-01452,ACEMDLA12RJ001452,CLI-00684,SUC-009,Panamá,Model A,2024
EV-ACME-01453,ACEMDLC15SK001453,CLI-00923,SUC-010,Perú,Model C,2025
EV-ACME-01454,ACEMDLE14TC001454,CLI-00176,SUC-003,Honduras,Model E,2026
EV-ACME-01455,ACEMDLE16RF001455,CLI-00956,SUC-006,Argentina,Model E,2024
EV-ACME-01456,ACEMDLB19SC001456,CLI-00892,SUC-003,Honduras,Model B,2025
EV-ACME-01457,ACEMDLA10SA001457,CLI-00876,SUC-001,México,Model A,2025
EV-ACME-01458,ACEMDLA16SH001458,CLI-00123,SUC-008,Chile,Model A,2025
EV-ACME-01459,ACEMDLB10RJ001459,CLI-00501,SUC-009,Panamá,Model B,2024
EV-ACME-01460,ACEMDLF14SH001460,CLI-00387,SUC-008,Chile,Model F,2025
EV-ACME-01461,ACEMDLA12RC001461,CLI-00667,SUC-003,Honduras,Model A,2024
EV-ACME-01462,ACEMDLF10TJ001462,CLI-00049,SUC-009,Panamá,Model F,2026
EV-ACME-01463,ACEMDLF10RA001463,CLI-00234,SUC-001,México,Model F,2024
EV-ACME-01464,ACEMDLE18TJ001464,CLI-00379,SUC-009,Panamá,Model E,2026
EV-ACME-01465,ACEMDLB19RB001465,CLI-00857,SUC-002,Guatemala,Model B,2024
EV-ACME-01466,ACEMDLA14SA001466,CLI-00207,SUC-001,México,Model A,2025
EV-ACME-01467,ACEMDLF17SC001467,CLI-00209,SUC-003,Honduras,Model F,2025
EV-ACME-01468,ACEMDLF11RJ001468,CLI-00880,SUC-009,Panamá,Model F,2024
EV-ACME-01469,ACEMDLC10TK001469,CLI-00587,SUC-010,Perú,Model C,2026
EV-ACME-01470,ACEMDLD18SJ001470,CLI-00925,SUC-009,Panamá,Model D,2025
EV-ACME-01471,ACEMDLC13RE001471,CLI-00847,SUC-005,Colombia,Model C,2024
EV-ACME-01472,ACEMDLA13SK001472,CLI-00158,SUC-010,Perú,Model A,2025
EV-ACME-01473,ACEMDLE11TK001473,CLI-00855,SUC-010,Perú,Model E,2026
EV-ACME-01474,ACEMDLF19RF001474,CLI-00606,SUC-006,Argentina,Model F,2024
EV-ACME-01475,ACEMDLF18TF001475,CLI-00723,SUC-006,Argentina,Model F,2026
EV-ACME-01476,ACEMDLB18RC001476,CLI-00699,SUC-003,Honduras,Model B,2024
EV-ACME-01477,ACEMDLB10RF001477,CLI-00166,SUC-006,Argentina,Model B,2024
EV-ACME-01478,ACEMDLA10TG001478,CLI-00629,SUC-007,Canadá,Model A,2026
EV-ACME-01479,ACEMDLE13SD001479,CLI-00355,SUC-004,Costa Rica,Model E,2025
EV-ACME-01480,ACEMDLC13SF001480,CLI-00305,SUC-006,Argentina,Model C,2025
EV-ACME-01481,ACEMDLC10SD001481,CLI-00920,SUC-004,Costa Rica,Model C,2025
EV-ACME-01482,ACEMDLF17RB001482,CLI-00243,SUC-002,Guatemala,Model F,2024
EV-ACME-01483,ACEMDLD16TK001483,CLI-00286,SUC-010,Perú,Model D,2026
EV-ACME-01484,ACEMDLD15SK001484,CLI-00409,SUC-010,Perú,Model D,2025
EV-ACME-01485,ACEMDLA15SJ001485,CLI-00487,SUC-009,Panamá,Model A,2025
EV-ACME-01486,ACEMDLC12RK001486,CLI-00122,SUC-010,Perú,Model C,2024
EV-ACME-01487,ACEMDLF16SC001487,CLI-00826,SUC-003,Honduras,Model F,2025
EV-ACME-01488,ACEMDLE16RJ001488,CLI-00506,SUC-009,Panamá,Model E,2024
EV-ACME-01489,ACEMDLF17TF001489,CLI-00028,SUC-006,Argentina,Model F,2026
EV-ACME-01490,ACEMDLE14TJ001490,CLI-00599,SUC-009,Panamá,Model E,2026
EV-ACME-01491,ACEMDLA19SJ001491,CLI-00867,SUC-009,Panamá,Model A,2025
EV-ACME-01492,ACEMDLB18TB001492,CLI-00002,SUC-002,Guatemala,Model B,2026
EV-ACME-01493,ACEMDLA14SF001493,CLI-00990,SUC-006,Argentina,Model A,2025
EV-ACME-01494,ACEMDLC12TB001494,CLI-00276,SUC-002,Guatemala,Model C,2026
EV-ACME-01495,ACEMDLA17SH001495,CLI-00062,SUC-008,Chile,Model A,2025
EV-ACME-01496,ACEMDLC11SA001496,CLI-00029,SUC-001,México,Model C,2025
EV-ACME-01497,ACEMDLC14TB001497,CLI-00603,SUC-002,Guatemala,Model C,2026
EV-ACME-01498,ACEMDLD11SE001498,CLI-00358,SUC-005,Colombia,Model D,2025
EV-ACME-01499,ACEMDLE15SA001499,CLI-00452,SUC-001,México,Model E,2025
EV-ACME-01500,ACEMDLE16SD001500,CLI-00481,SUC-004,Costa Rica,Model E,2025
EV-ACME-01501,ACEMDLC18SB001501,CLI-00405,SUC-002,Guatemala,Model C,2025
EV-ACME-01502,ACEMDLB17SH001502,CLI-00830,SUC-008,Chile,Model B,2025
EV-ACME-01503,ACEMDLE13SJ001503,CLI-00879,SUC-009,Panamá,Model E,2025
EV-ACME-01504,ACEMDLC13TC001504,CLI-00591,SUC-003,Honduras,Model C,2026
EV-ACME-01505,ACEMDLA16TD001505,CLI-00008,SUC-004,Costa Rica,Model A,2026
EV-ACME-01506,ACEMDLF15RA001506,CLI-00050,SUC-001,México,Model F,2024
EV-ACME-01507,ACEMDLF18TJ001507,CLI-00101,SUC-009,Panamá,Model F,2026
EV-ACME-01508,ACEMDLE17TE001508,CLI-00999,SUC-005,Colombia,Model E,2026
EV-ACME-01509,ACEMDLC13TA001509,CLI-00041,SUC-001,México,Model C,2026
EV-ACME-01510,ACEMDLE13SE001510,CLI-00246,SUC-005,Colombia,Model E,2025
EV-ACME-01511,ACEMDLD12RK001511,CLI-00542,SUC-010,Perú,Model D,2024
EV-ACME-01512,ACEMDLF17SC001512,CLI-00841,SUC-003,Honduras,Model F,2025
EV-ACME-01513,ACEMDLE11SG001513,CLI-00905,SUC-007,Canadá,Model E,2025
EV-ACME-01514,ACEMDLD19RF001514,CLI-00507,SUC-006,Argentina,Model D,2024
EV-ACME-01515,ACEMDLE17RC001515,CLI-00549,SUC-003,Honduras,Model E,2024
EV-ACME-01516,ACEMDLF19TA001516,CLI-00853,SUC-001,México,Model F,2026
EV-ACME-01517,ACEMDLD18RK001517,CLI-00175,SUC-010,Perú,Model D,2024
EV-ACME-01518,ACEMDLE16TB001518,CLI-00129,SUC-002,Guatemala,Model E,2026
EV-ACME-01519,ACEMDLE15RA001519,CLI-00034,SUC-001,México,Model E,2024
EV-ACME-01520,ACEMDLA13SJ001520,CLI-00599,SUC-009,Panamá,Model A,2025
EV-ACME-01521,ACEMDLB10SJ001521,CLI-00703,SUC-009,Panamá,Model B,2025
EV-ACME-01522,ACEMDLF19RB001522,CLI-00187,SUC-002,Guatemala,Model F,2024
EV-ACME-01523,ACEMDLB15SB001523,CLI-00239,SUC-002,Guatemala,Model B,2025
EV-ACME-01524,ACEMDLB10TE001524,CLI-00743,SUC-005,Colombia,Model B,2026
EV-ACME-01525,ACEMDLF10RJ001525,CLI-00157,SUC-009,Panamá,Model F,2024
EV-ACME-01526,ACEMDLB16SJ001526,CLI-00761,SUC-009,Panamá,Model B,2025
EV-ACME-01527,ACEMDLD11TF001527,CLI-00163,SUC-006,Argentina,Model D,2026
EV-ACME-01528,ACEMDLB16SD001528,CLI-00535,SUC-004,Costa Rica,Model B,2025
EV-ACME-01529,ACEMDLB19RC001529,CLI-00268,SUC-003,Honduras,Model B,2024
EV-ACME-01530,ACEMDLC14RE001530,CLI-00499,SUC-005,Colombia,Model C,2024
EV-ACME-01531,ACEMDLA18RH001531,CLI-00091,SUC-008,Chile,Model A,2024
EV-ACME-01532,ACEMDLC12SC001532,CLI-00974,SUC-003,Honduras,Model C,2025
EV-ACME-01533,ACEMDLC19RH001533,CLI-00515,SUC-008,Chile,Model C,2024
EV-ACME-01534,ACEMDLA12RF001534,CLI-00878,SUC-006,Argentina,Model A,2024
EV-ACME-01535,ACEMDLC11SA001535,CLI-00152,SUC-001,México,Model C,2025
EV-ACME-01536,ACEMDLA11SA001536,CLI-00382,SUC-001,México,Model A,2025
EV-ACME-01537,ACEMDLE14RE001537,CLI-00345,SUC-005,Colombia,Model E,2024
EV-ACME-01538,ACEMDLD18TC001538,CLI-00392,SUC-003,Honduras,Model D,2026
EV-ACME-01539,ACEMDLD11RG001539,CLI-00206,SUC-007,Canadá,Model D,2024
EV-ACME-01540,ACEMDLD19TF001540,CLI-00626,SUC-006,Argentina,Model D,2026
EV-ACME-01541,ACEMDLD15RJ001541,CLI-00972,SUC-009,Panamá,Model D,2024
EV-ACME-01542,ACEMDLA14TF001542,CLI-00485,SUC-006,Argentina,Model A,2026
EV-ACME-01543,ACEMDLF11TC001543,CLI-00975,SUC-003,Honduras,Model F,2026
EV-ACME-01544,ACEMDLA12RJ001544,CLI-00879,SUC-009,Panamá,Model A,2024
EV-ACME-01545,ACEMDLB16TD001545,CLI-00783,SUC-004,Costa Rica,Model B,2026
EV-ACME-01546,ACEMDLB10TK001546,CLI-00169,SUC-010,Perú,Model B,2026
EV-ACME-01547,ACEMDLF13RA001547,CLI-00056,SUC-001,México,Model F,2024
EV-ACME-01548,ACEMDLD12TF001548,CLI-00244,SUC-006,Argentina,Model D,2026
EV-ACME-01549,ACEMDLF19TK001549,CLI-00097,SUC-010,Perú,Model F,2026
EV-ACME-01550,ACEMDLB12SF001550,CLI-00260,SUC-006,Argentina,Model B,2025
EV-ACME-01551,ACEMDLE12RE001551,CLI-00345,SUC-005,Colombia,Model E,2024
EV-ACME-01552,ACEMDLF16TE001552,CLI-00337,SUC-005,Colombia,Model F,2026
EV-ACME-01553,ACEMDLE14RC001553,CLI-00699,SUC-003,Honduras,Model E,2024
EV-ACME-01554,ACEMDLA10RG001554,CLI-00294,SUC-007,Canadá,Model A,2024
EV-ACME-01555,ACEMDLE15TF001555,CLI-00083,SUC-006,Argentina,Model E,2026
EV-ACME-01556,ACEMDLB11SH001556,CLI-00964,SUC-008,Chile,Model B,2025
EV-ACME-01557,ACEMDLE15SE001557,CLI-00807,SUC-005,Colombia,Model E,2025
EV-ACME-01558,ACEMDLC15SK001558,CLI-00569,SUC-010,Perú,Model C,2025
EV-ACME-01559,ACEMDLB18TE001559,CLI-00192,SUC-005,Colombia,Model B,2026
EV-ACME-01560,ACEMDLB13RH001560,CLI-00204,SUC-008,Chile,Model B,2024
EV-ACME-01561,ACEMDLF17TG001561,CLI-00435,SUC-007,Canadá,Model F,2026
EV-ACME-01562,ACEMDLB19RD001562,CLI-00061,SUC-004,Costa Rica,Model B,2024
EV-ACME-01563,ACEMDLB14RD001563,CLI-00882,SUC-004,Costa Rica,Model B,2024
EV-ACME-01564,ACEMDLF18SC001564,CLI-00525,SUC-003,Honduras,Model F,2025
EV-ACME-01565,ACEMDLC17SF001565,CLI-00523,SUC-006,Argentina,Model C,2025
EV-ACME-01566,ACEMDLC10SB001566,CLI-00087,SUC-002,Guatemala,Model C,2025
EV-ACME-01567,ACEMDLA10TK001567,CLI-00453,SUC-010,Perú,Model A,2026
EV-ACME-01568,ACEMDLB18TC001568,CLI-00442,SUC-003,Honduras,Model B,2026
EV-ACME-01569,ACEMDLC11RJ001569,CLI-00402,SUC-009,Panamá,Model C,2024
EV-ACME-01570,ACEMDLE19TK001570,CLI-00189,SUC-010,Perú,Model E,2026
EV-ACME-01571,ACEMDLB10TH001571,CLI-00538,SUC-008,Chile,Model B,2026
EV-ACME-01572,ACEMDLD17RE001572,CLI-00592,SUC-005,Colombia,Model D,2024
EV-ACME-01573,ACEMDLB13TH001573,CLI-00739,SUC-008,Chile,Model B,2026
EV-ACME-01574,ACEMDLB18TA001574,CLI-00660,SUC-001,México,Model B,2026
EV-ACME-01575,ACEMDLC18TB001575,CLI-00666,SUC-002,Guatemala,Model C,2026
EV-ACME-01576,ACEMDLB11TD001576,CLI-00922,SUC-004,Costa Rica,Model B,2026
EV-ACME-01577,ACEMDLF14SF001577,CLI-00425,SUC-006,Argentina,Model F,2025
EV-ACME-01578,ACEMDLC12TC001578,CLI-00613,SUC-003,Honduras,Model C,2026
EV-ACME-01579,ACEMDLA15TB001579,CLI-00326,SUC-002,Guatemala,Model A,2026
EV-ACME-01580,ACEMDLE13TG001580,CLI-00040,SUC-007,Canadá,Model E,2026
EV-ACME-01581,ACEMDLA17SD001581,CLI-00605,SUC-004,Costa Rica,Model A,2025
EV-ACME-01582,ACEMDLD15TG001582,CLI-00212,SUC-007,Canadá,Model D,2026
EV-ACME-01583,ACEMDLD18SK001583,CLI-00346,SUC-010,Perú,Model D,2025
EV-ACME-01584,ACEMDLB12RE001584,CLI-00065,SUC-005,Colombia,Model B,2024
EV-ACME-01585,ACEMDLF12SG001585,CLI-00439,SUC-007,Canadá,Model F,2025
EV-ACME-01586,ACEMDLE11TJ001586,CLI-00371,SUC-009,Panamá,Model E,2026
EV-ACME-01587,ACEMDLF14TF001587,CLI-00893,SUC-006,Argentina,Model F,2026
EV-ACME-01588,ACEMDLE16TD001588,CLI-00249,SUC-004,Costa Rica,Model E,2026
EV-ACME-01589,ACEMDLB13TG001589,CLI-00465,SUC-007,Canadá,Model B,2026
EV-ACME-01590,ACEMDLD14SA001590,CLI-00850,SUC-001,México,Model D,2025
EV-ACME-01591,ACEMDLF14RF001591,CLI-00458,SUC-006,Argentina,Model F,2024
EV-ACME-01592,ACEMDLE17RE001592,CLI-00929,SUC-005,Colombia,Model E,2024
EV-ACME-01593,ACEMDLB17SB001593,CLI-00961,SUC-002,Guatemala,Model B,2025
EV-ACME-01594,ACEMDLC15TJ001594,CLI-00060,SUC-009,Panamá,Model C,2026
EV-ACME-01595,ACEMDLF17SD001595,CLI-00217,SUC-004,Costa Rica,Model F,2025
EV-ACME-01596,ACEMDLC18TD001596,CLI-00634,SUC-004,Costa Rica,Model C,2026
EV-ACME-01597,ACEMDLB12TE001597,CLI-00627,SUC-005,Colombia,Model B,2026
EV-ACME-01598,ACEMDLF19RE001598,CLI-00358,SUC-005,Colombia,Model F,2024
EV-ACME-01599,ACEMDLB12RF001599,CLI-00522,SUC-006,Argentina,Model B,2024
EV-ACME-01600,ACEMDLA13SK001600,CLI-00179,SUC-010,Perú,Model A,2025
EV-ACME-01601,ACEMDLB16RF001601,CLI-00116,SUC-006,Argentina,Model B,2024
EV-ACME-01602,ACEMDLC14RA001602,CLI-00906,SUC-001,México,Model C,2024
EV-ACME-01603,ACEMDLE12TJ001603,CLI-00969,SUC-009,Panamá,Model E,2026
EV-ACME-01604,ACEMDLF11TK001604,CLI-00409,SUC-010,Perú,Model F,2026
EV-ACME-01605,ACEMDLF12SB001605,CLI-00087,SUC-002,Guatemala,Model F,2025
EV-ACME-01606,ACEMDLB17SE001606,CLI-00436,SUC-005,Colombia,Model B,2025
EV-ACME-01607,ACEMDLB11SC001607,CLI-00863,SUC-003,Honduras,Model B,2025
EV-ACME-01608,ACEMDLD10RE001608,CLI-00681,SUC-005,Colombia,Model D,2024
EV-ACME-01609,ACEMDLB19TJ001609,CLI-00150,SUC-009,Panamá,Model B,2026
EV-ACME-01610,ACEMDLB14TE001610,CLI-00075,SUC-005,Colombia,Model B,2026
EV-ACME-01611,ACEMDLA11TE001611,CLI-00211,SUC-005,Colombia,Model A,2026
EV-ACME-01612,ACEMDLB18RB001612,CLI-00486,SUC-002,Guatemala,Model B,2024
EV-ACME-01613,ACEMDLC13SH001613,CLI-00375,SUC-008,Chile,Model C,2025
EV-ACME-01614,ACEMDLC12RB001614,CLI-00178,SUC-002,Guatemala,Model C,2024
EV-ACME-01615,ACEMDLE13TK001615,CLI-00400,SUC-010,Perú,Model E,2026
EV-ACME-01616,ACEMDLA14TF001616,CLI-00872,SUC-006,Argentina,Model A,2026
EV-ACME-01617,ACEMDLF10TJ001617,CLI-00232,SUC-009,Panamá,Model F,2026
EV-ACME-01618,ACEMDLD15TB001618,CLI-00281,SUC-002,Guatemala,Model D,2026
EV-ACME-01619,ACEMDLF15SC001619,CLI-00463,SUC-003,Honduras,Model F,2025
EV-ACME-01620,ACEMDLF11RF001620,CLI-00372,SUC-006,Argentina,Model F,2024
EV-ACME-01621,ACEMDLF15RF001621,CLI-00163,SUC-006,Argentina,Model F,2024
EV-ACME-01622,ACEMDLF14SF001622,CLI-00098,SUC-006,Argentina,Model F,2025
EV-ACME-01623,ACEMDLC17TC001623,CLI-00086,SUC-003,Honduras,Model C,2026
EV-ACME-01624,ACEMDLE16RF001624,CLI-00289,SUC-006,Argentina,Model E,2024
EV-ACME-01625,ACEMDLD14SJ001625,CLI-00101,SUC-009,Panamá,Model D,2025
EV-ACME-01626,ACEMDLC12RJ001626,CLI-00813,SUC-009,Panamá,Model C,2024
EV-ACME-01627,ACEMDLF17RC001627,CLI-00947,SUC-003,Honduras,Model F,2024
EV-ACME-01628,ACEMDLE17TE001628,CLI-00521,SUC-005,Colombia,Model E,2026
EV-ACME-01629,ACEMDLE18RC001629,CLI-00602,SUC-003,Honduras,Model E,2024
EV-ACME-01630,ACEMDLC15TK001630,CLI-00471,SUC-010,Perú,Model C,2026
EV-ACME-01631,ACEMDLE13TB001631,CLI-00219,SUC-002,Guatemala,Model E,2026
EV-ACME-01632,ACEMDLC10RK001632,CLI-00484,SUC-010,Perú,Model C,2024
EV-ACME-01633,ACEMDLE19RK001633,CLI-00870,SUC-010,Perú,Model E,2024
EV-ACME-01634,ACEMDLC10SD001634,CLI-00623,SUC-004,Costa Rica,Model C,2025
EV-ACME-01635,ACEMDLB12RG001635,CLI-00802,SUC-007,Canadá,Model B,2024
EV-ACME-01636,ACEMDLF19RH001636,CLI-00245,SUC-008,Chile,Model F,2024
EV-ACME-01637,ACEMDLC17SB001637,CLI-00231,SUC-002,Guatemala,Model C,2025
EV-ACME-01638,ACEMDLA19TD001638,CLI-00859,SUC-004,Costa Rica,Model A,2026
EV-ACME-01639,ACEMDLB12RF001639,CLI-00533,SUC-006,Argentina,Model B,2024
EV-ACME-01640,ACEMDLB10RK001640,CLI-00470,SUC-010,Perú,Model B,2024
EV-ACME-01641,ACEMDLB18SA001641,CLI-00264,SUC-001,México,Model B,2025
EV-ACME-01642,ACEMDLD13TD001642,CLI-00896,SUC-004,Costa Rica,Model D,2026
EV-ACME-01643,ACEMDLF18SA001643,CLI-00152,SUC-001,México,Model F,2025
EV-ACME-01644,ACEMDLA15SF001644,CLI-00420,SUC-006,Argentina,Model A,2025
EV-ACME-01645,ACEMDLF14TE001645,CLI-00032,SUC-005,Colombia,Model F,2026
EV-ACME-01646,ACEMDLE12TH001646,CLI-00726,SUC-008,Chile,Model E,2026
EV-ACME-01647,ACEMDLA14RJ001647,CLI-00250,SUC-009,Panamá,Model A,2024
EV-ACME-01648,ACEMDLC18SF001648,CLI-00156,SUC-006,Argentina,Model C,2025
EV-ACME-01649,ACEMDLA18RC001649,CLI-00975,SUC-003,Honduras,Model A,2024
EV-ACME-01650,ACEMDLC12SE001650,CLI-00043,SUC-005,Colombia,Model C,2025
EV-ACME-01651,ACEMDLD14TD001651,CLI-00959,SUC-004,Costa Rica,Model D,2026
EV-ACME-01652,ACEMDLA19SF001652,CLI-00723,SUC-006,Argentina,Model A,2025
EV-ACME-01653,ACEMDLC15SF001653,CLI-00113,SUC-006,Argentina,Model C,2025
EV-ACME-01654,ACEMDLD17SF001654,CLI-00738,SUC-006,Argentina,Model D,2025
EV-ACME-01655,ACEMDLB12RK001655,CLI-00201,SUC-010,Perú,Model B,2024
EV-ACME-01656,ACEMDLB14RD001656,CLI-00918,SUC-004,Costa Rica,Model B,2024
EV-ACME-01657,ACEMDLD10TH001657,CLI-00155,SUC-008,Chile,Model D,2026
EV-ACME-01658,ACEMDLF10TG001658,CLI-00206,SUC-007,Canadá,Model F,2026
EV-ACME-01659,ACEMDLD19SA001659,CLI-00580,SUC-001,México,Model D,2025
EV-ACME-01660,ACEMDLD17RE001660,CLI-00436,SUC-005,Colombia,Model D,2024
EV-ACME-01661,ACEMDLD18SC001661,CLI-00875,SUC-003,Honduras,Model D,2025
EV-ACME-01662,ACEMDLF19RJ001662,CLI-00121,SUC-009,Panamá,Model F,2024
EV-ACME-01663,ACEMDLF16RE001663,CLI-00479,SUC-005,Colombia,Model F,2024
EV-ACME-01664,ACEMDLD17SG001664,CLI-00040,SUC-007,Canadá,Model D,2025
EV-ACME-01665,ACEMDLF11TA001665,CLI-00287,SUC-001,México,Model F,2026
EV-ACME-01666,ACEMDLB19RJ001666,CLI-00115,SUC-009,Panamá,Model B,2024
EV-ACME-01667,ACEMDLB11RD001667,CLI-00005,SUC-004,Costa Rica,Model B,2024
EV-ACME-01668,ACEMDLD10RJ001668,CLI-00761,SUC-009,Panamá,Model D,2024
EV-ACME-01669,ACEMDLB10SK001669,CLI-00993,SUC-010,Perú,Model B,2025
EV-ACME-01670,ACEMDLD19SC001670,CLI-00460,SUC-003,Honduras,Model D,2025
EV-ACME-01671,ACEMDLB18SK001671,CLI-00366,SUC-010,Perú,Model B,2025
EV-ACME-01672,ACEMDLE14RB001672,CLI-00486,SUC-002,Guatemala,Model E,2024
EV-ACME-01673,ACEMDLE17RB001673,CLI-00187,SUC-002,Guatemala,Model E,2024
EV-ACME-01674,ACEMDLC17SD001674,CLI-00649,SUC-004,Costa Rica,Model C,2025
EV-ACME-01675,ACEMDLC19SF001675,CLI-00687,SUC-006,Argentina,Model C,2025
EV-ACME-01676,ACEMDLA17SJ001676,CLI-00072,SUC-009,Panamá,Model A,2025
EV-ACME-01677,ACEMDLD10TK001677,CLI-00137,SUC-010,Perú,Model D,2026
EV-ACME-01678,ACEMDLC12RF001678,CLI-00978,SUC-006,Argentina,Model C,2024
EV-ACME-01679,ACEMDLC19TK001679,CLI-00710,SUC-010,Perú,Model C,2026
EV-ACME-01680,ACEMDLE14RC001680,CLI-00823,SUC-003,Honduras,Model E,2024
EV-ACME-01681,ACEMDLD19SA001681,CLI-00361,SUC-001,México,Model D,2025
EV-ACME-01682,ACEMDLC15SK001682,CLI-00169,SUC-010,Perú,Model C,2025
EV-ACME-01683,ACEMDLA10RK001683,CLI-00351,SUC-010,Perú,Model A,2024
EV-ACME-01684,ACEMDLB17SF001684,CLI-00420,SUC-006,Argentina,Model B,2025
EV-ACME-01685,ACEMDLB12SE001685,CLI-00365,SUC-005,Colombia,Model B,2025
EV-ACME-01686,ACEMDLB13RJ001686,CLI-00879,SUC-009,Panamá,Model B,2024
EV-ACME-01687,ACEMDLF16RJ001687,CLI-00389,SUC-009,Panamá,Model F,2024
EV-ACME-01688,ACEMDLD11SF001688,CLI-00359,SUC-006,Argentina,Model D,2025
EV-ACME-01689,ACEMDLB15RC001689,CLI-00826,SUC-003,Honduras,Model B,2024
EV-ACME-01690,ACEMDLB19SC001690,CLI-00571,SUC-003,Honduras,Model B,2025
EV-ACME-01691,ACEMDLF17RK001691,CLI-00001,SUC-010,Perú,Model F,2024
EV-ACME-01692,ACEMDLB13SE001692,CLI-00672,SUC-005,Colombia,Model B,2025
EV-ACME-01693,ACEMDLE17SF001693,CLI-00289,SUC-006,Argentina,Model E,2025
EV-ACME-01694,ACEMDLB18RF001694,CLI-00952,SUC-006,Argentina,Model B,2024
EV-ACME-01695,ACEMDLC16TG001695,CLI-00439,SUC-007,Canadá,Model C,2026
EV-ACME-01696,ACEMDLA11RH001696,CLI-00447,SUC-008,Chile,Model A,2024
EV-ACME-01697,ACEMDLA14SK001697,CLI-00409,SUC-010,Perú,Model A,2025
EV-ACME-01698,ACEMDLD14TD001698,CLI-00779,SUC-004,Costa Rica,Model D,2026
EV-ACME-01699,ACEMDLF13TE001699,CLI-00211,SUC-005,Colombia,Model F,2026
EV-ACME-01700,ACEMDLA14SD001700,CLI-00873,SUC-004,Costa Rica,Model A,2025
EV-ACME-01701,ACEMDLD12RD001701,CLI-00330,SUC-004,Costa Rica,Model D,2024
EV-ACME-01702,ACEMDLB10RJ001702,CLI-00899,SUC-009,Panamá,Model B,2024
EV-ACME-01703,ACEMDLE11SJ001703,CLI-00235,SUC-009,Panamá,Model E,2025
EV-ACME-01704,ACEMDLA14SG001704,CLI-00555,SUC-007,Canadá,Model A,2025
EV-ACME-01705,ACEMDLB16TA001705,CLI-00682,SUC-001,México,Model B,2026
EV-ACME-01706,ACEMDLA18SF001706,CLI-00095,SUC-006,Argentina,Model A,2025
EV-ACME-01707,ACEMDLC14TK001707,CLI-00446,SUC-010,Perú,Model C,2026
EV-ACME-01708,ACEMDLF17TK001708,CLI-00094,SUC-010,Perú,Model F,2026
EV-ACME-01709,ACEMDLB15TB001709,CLI-00651,SUC-002,Guatemala,Model B,2026
EV-ACME-01710,ACEMDLD18SK001710,CLI-00068,SUC-010,Perú,Model D,2025
EV-ACME-01711,ACEMDLD15SJ001711,CLI-00406,SUC-009,Panamá,Model D,2025
EV-ACME-01712,ACEMDLD17TD001712,CLI-00896,SUC-004,Costa Rica,Model D,2026
EV-ACME-01713,ACEMDLD14TK001713,CLI-00729,SUC-010,Perú,Model D,2026
EV-ACME-01714,ACEMDLB10SD001714,CLI-00971,SUC-004,Costa Rica,Model B,2025
EV-ACME-01715,ACEMDLD18TG001715,CLI-00560,SUC-007,Canadá,Model D,2026
EV-ACME-01716,ACEMDLE18TA001716,CLI-00537,SUC-001,México,Model E,2026
EV-ACME-01717,ACEMDLB18SE001717,CLI-00521,SUC-005,Colombia,Model B,2025
EV-ACME-01718,ACEMDLF17RF001718,CLI-00738,SUC-006,Argentina,Model F,2024
EV-ACME-01719,ACEMDLA16TE001719,CLI-00665,SUC-005,Colombia,Model A,2026
EV-ACME-01720,ACEMDLA18RG001720,CLI-00740,SUC-007,Canadá,Model A,2024
EV-ACME-01721,ACEMDLA12SD001721,CLI-00135,SUC-004,Costa Rica,Model A,2025
EV-ACME-01722,ACEMDLE10TK001722,CLI-00711,SUC-010,Perú,Model E,2026
EV-ACME-01723,ACEMDLB18TC001723,CLI-00875,SUC-003,Honduras,Model B,2026
EV-ACME-01724,ACEMDLF18SD001724,CLI-00182,SUC-004,Costa Rica,Model F,2025
EV-ACME-01725,ACEMDLC12SF001725,CLI-00046,SUC-006,Argentina,Model C,2025
EV-ACME-01726,ACEMDLE12RK001726,CLI-00175,SUC-010,Perú,Model E,2024
EV-ACME-01727,ACEMDLC14TE001727,CLI-00473,SUC-005,Colombia,Model C,2026
EV-ACME-01728,ACEMDLE15TJ001728,CLI-00115,SUC-009,Panamá,Model E,2026
EV-ACME-01729,ACEMDLB14TG001729,CLI-00762,SUC-007,Canadá,Model B,2026
EV-ACME-01730,ACEMDLE15SA001730,CLI-00572,SUC-001,México,Model E,2025
EV-ACME-01731,ACEMDLF12SD001731,CLI-00898,SUC-004,Costa Rica,Model F,2025
EV-ACME-01732,ACEMDLD15TB001732,CLI-00087,SUC-002,Guatemala,Model D,2026
EV-ACME-01733,ACEMDLE11SD001733,CLI-00636,SUC-004,Costa Rica,Model E,2025
EV-ACME-01734,ACEMDLF19TG001734,CLI-00194,SUC-007,Canadá,Model F,2026
EV-ACME-01735,ACEMDLB11SK001735,CLI-00410,SUC-010,Perú,Model B,2025
EV-ACME-01736,ACEMDLA19RH001736,CLI-00508,SUC-008,Chile,Model A,2024
EV-ACME-01737,ACEMDLD10TB001737,CLI-00421,SUC-002,Guatemala,Model D,2026
EV-ACME-01738,ACEMDLA17SJ001738,CLI-00950,SUC-009,Panamá,Model A,2025
EV-ACME-01739,ACEMDLE18SE001739,CLI-00023,SUC-005,Colombia,Model E,2025
EV-ACME-01740,ACEMDLE13SB001740,CLI-00651,SUC-002,Guatemala,Model E,2025
EV-ACME-01741,ACEMDLA18SB001741,CLI-00619,SUC-002,Guatemala,Model A,2025
EV-ACME-01742,ACEMDLF11RF001742,CLI-00766,SUC-006,Argentina,Model F,2024
EV-ACME-01743,ACEMDLD16TE001743,CLI-00216,SUC-005,Colombia,Model D,2026
EV-ACME-01744,ACEMDLC11SD001744,CLI-00464,SUC-004,Costa Rica,Model C,2025
EV-ACME-01745,ACEMDLD13SK001745,CLI-00328,SUC-010,Perú,Model D,2025
EV-ACME-01746,ACEMDLA11SG001746,CLI-00448,SUC-007,Canadá,Model A,2025
EV-ACME-01747,ACEMDLE18TF001747,CLI-00965,SUC-006,Argentina,Model E,2026
EV-ACME-01748,ACEMDLB12RG001748,CLI-00288,SUC-007,Canadá,Model B,2024
EV-ACME-01749,ACEMDLC11TH001749,CLI-00343,SUC-008,Chile,Model C,2026
EV-ACME-01750,ACEMDLD18TK001750,CLI-00633,SUC-010,Perú,Model D,2026
EV-ACME-01751,ACEMDLC17RE001751,CLI-00806,SUC-005,Colombia,Model C,2024
EV-ACME-01752,ACEMDLE19SK001752,CLI-00283,SUC-010,Perú,Model E,2025
EV-ACME-01753,ACEMDLB11RD001753,CLI-00278,SUC-004,Costa Rica,Model B,2024
EV-ACME-01754,ACEMDLC17TC001754,CLI-00197,SUC-003,Honduras,Model C,2026
EV-ACME-01755,ACEMDLE12SB001755,CLI-00652,SUC-002,Guatemala,Model E,2025
EV-ACME-01756,ACEMDLE13RH001756,CLI-00913,SUC-008,Chile,Model E,2024
EV-ACME-01757,ACEMDLB10RJ001757,CLI-00647,SUC-009,Panamá,Model B,2024
EV-ACME-01758,ACEMDLA14RJ001758,CLI-00449,SUC-009,Panamá,Model A,2024
EV-ACME-01759,ACEMDLB15SD001759,CLI-00634,SUC-004,Costa Rica,Model B,2025
EV-ACME-01760,ACEMDLB12RB001760,CLI-00281,SUC-002,Guatemala,Model B,2024
EV-ACME-01761,ACEMDLB19TC001761,CLI-00826,SUC-003,Honduras,Model B,2026
EV-ACME-01762,ACEMDLD14RF001762,CLI-00965,SUC-006,Argentina,Model D,2024
EV-ACME-01763,ACEMDLC11TH001763,CLI-00515,SUC-008,Chile,Model C,2026
EV-ACME-01764,ACEMDLC11SC001764,CLI-00503,SUC-003,Honduras,Model C,2025
EV-ACME-01765,ACEMDLA10SH001765,CLI-00696,SUC-008,Chile,Model A,2025
EV-ACME-01766,ACEMDLE14TJ001766,CLI-00817,SUC-009,Panamá,Model E,2026
EV-ACME-01767,ACEMDLB12SD001767,CLI-00787,SUC-004,Costa Rica,Model B,2025
EV-ACME-01768,ACEMDLB19SJ001768,CLI-00526,SUC-009,Panamá,Model B,2025
EV-ACME-01769,ACEMDLB17RE001769,CLI-00154,SUC-005,Colombia,Model B,2024
EV-ACME-01770,ACEMDLC13SK001770,CLI-00169,SUC-010,Perú,Model C,2025
EV-ACME-01771,ACEMDLE15SD001771,CLI-00309,SUC-004,Costa Rica,Model E,2025
EV-ACME-01772,ACEMDLC16RD001772,CLI-00182,SUC-004,Costa Rica,Model C,2024
EV-ACME-01773,ACEMDLA15RC001773,CLI-00357,SUC-003,Honduras,Model A,2024
EV-ACME-01774,ACEMDLA12SC001774,CLI-00875,SUC-003,Honduras,Model A,2025
EV-ACME-01775,ACEMDLE12RA001775,CLI-00017,SUC-001,México,Model E,2024
EV-ACME-01776,ACEMDLE12SB001776,CLI-00272,SUC-002,Guatemala,Model E,2025
EV-ACME-01777,ACEMDLF16TJ001777,CLI-00232,SUC-009,Panamá,Model F,2026
EV-ACME-01778,ACEMDLF16SD001778,CLI-00683,SUC-004,Costa Rica,Model F,2025
EV-ACME-01779,ACEMDLE18SC001779,CLI-00688,SUC-003,Honduras,Model E,2025
EV-ACME-01780,ACEMDLC16RC001780,CLI-00863,SUC-003,Honduras,Model C,2024
EV-ACME-01781,ACEMDLE18SF001781,CLI-00630,SUC-006,Argentina,Model E,2025
EV-ACME-01782,ACEMDLD18RD001782,CLI-00709,SUC-004,Costa Rica,Model D,2024
EV-ACME-01783,ACEMDLF14SE001783,CLI-00797,SUC-005,Colombia,Model F,2025
EV-ACME-01784,ACEMDLC16TD001784,CLI-00631,SUC-004,Costa Rica,Model C,2026
EV-ACME-01785,ACEMDLB17RD001785,CLI-00828,SUC-004,Costa Rica,Model B,2024
EV-ACME-01786,ACEMDLD15TE001786,CLI-00257,SUC-005,Colombia,Model D,2026
EV-ACME-01787,ACEMDLB15SB001787,CLI-00857,SUC-002,Guatemala,Model B,2025
EV-ACME-01788,ACEMDLE18SH001788,CLI-00245,SUC-008,Chile,Model E,2025
EV-ACME-01789,ACEMDLB15SG001789,CLI-00524,SUC-007,Canadá,Model B,2025
EV-ACME-01790,ACEMDLF12SF001790,CLI-00966,SUC-006,Argentina,Model F,2025
EV-ACME-01791,ACEMDLA11TK001791,CLI-00471,SUC-010,Perú,Model A,2026
EV-ACME-01792,ACEMDLF16SJ001792,CLI-00617,SUC-009,Panamá,Model F,2025
EV-ACME-01793,ACEMDLA14SF001793,CLI-00166,SUC-006,Argentina,Model A,2025
EV-ACME-01794,ACEMDLB11TH001794,CLI-00153,SUC-008,Chile,Model B,2026
EV-ACME-01795,ACEMDLB15RH001795,CLI-00385,SUC-008,Chile,Model B,2024
EV-ACME-01796,ACEMDLE17SJ001796,CLI-00854,SUC-009,Panamá,Model E,2025
EV-ACME-01797,ACEMDLA18TJ001797,CLI-00712,SUC-009,Panamá,Model A,2026
EV-ACME-01798,ACEMDLB13RH001798,CLI-00515,SUC-008,Chile,Model B,2024
EV-ACME-01799,ACEMDLF16SD001799,CLI-00297,SUC-004,Costa Rica,Model F,2025
EV-ACME-01800,ACEMDLC17RC001800,CLI-00460,SUC-003,Honduras,Model C,2024
EV-ACME-01801,ACEMDLC14SJ001801,CLI-00951,SUC-009,Panamá,Model C,2025
EV-ACME-01802,ACEMDLD13SK001802,CLI-00870,SUC-010,Perú,Model D,2025
EV-ACME-01803,ACEMDLF18TJ001803,CLI-00202,SUC-009,Panamá,Model F,2026
EV-ACME-01804,ACEMDLB10TC001804,CLI-00536,SUC-003,Honduras,Model B,2026
EV-ACME-01805,ACEMDLC11TJ001805,CLI-00117,SUC-009,Panamá,Model C,2026
EV-ACME-01806,ACEMDLA13RE001806,CLI-00732,SUC-005,Colombia,Model A,2024
EV-ACME-01807,ACEMDLF18RJ001807,CLI-00970,SUC-009,Panamá,Model F,2024
EV-ACME-01808,ACEMDLB12TH001808,CLI-00601,SUC-008,Chile,Model B,2026
EV-ACME-01809,ACEMDLC10RG001809,CLI-00212,SUC-007,Canadá,Model C,2024
EV-ACME-01810,ACEMDLA19TB001810,CLI-00756,SUC-002,Guatemala,Model A,2026
EV-ACME-01811,ACEMDLB11TH001811,CLI-00657,SUC-008,Chile,Model B,2026
EV-ACME-01812,ACEMDLD13RF001812,CLI-00350,SUC-006,Argentina,Model D,2024
EV-ACME-01813,ACEMDLD14RB001813,CLI-00622,SUC-002,Guatemala,Model D,2024
EV-ACME-01814,ACEMDLF16RJ001814,CLI-00408,SUC-009,Panamá,Model F,2024
EV-ACME-01815,ACEMDLA15TG001815,CLI-00304,SUC-007,Canadá,Model A,2026
EV-ACME-01816,ACEMDLA16SF001816,CLI-00816,SUC-006,Argentina,Model A,2025
EV-ACME-01817,ACEMDLF17SF001817,CLI-00459,SUC-006,Argentina,Model F,2025
EV-ACME-01818,ACEMDLD16RE001818,CLI-00224,SUC-005,Colombia,Model D,2024
EV-ACME-01819,ACEMDLE19TD001819,CLI-00859,SUC-004,Costa Rica,Model E,2026
EV-ACME-01820,ACEMDLF17TK001820,CLI-00169,SUC-010,Perú,Model F,2026
EV-ACME-01821,ACEMDLC11TD001821,CLI-00777,SUC-004,Costa Rica,Model C,2026
EV-ACME-01822,ACEMDLB17SK001822,CLI-00328,SUC-010,Perú,Model B,2025
EV-ACME-01823,ACEMDLB11SA001823,CLI-00103,SUC-001,México,Model B,2025
EV-ACME-01824,ACEMDLE19SA001824,CLI-00329,SUC-001,México,Model E,2025
EV-ACME-01825,ACEMDLE14SF001825,CLI-00098,SUC-006,Argentina,Model E,2025
EV-ACME-01826,ACEMDLD18RG001826,CLI-00395,SUC-007,Canadá,Model D,2024
EV-ACME-01827,ACEMDLC12RK001827,CLI-00169,SUC-010,Perú,Model C,2024
EV-ACME-01828,ACEMDLF12TF001828,CLI-00222,SUC-006,Argentina,Model F,2026
EV-ACME-01829,ACEMDLE13SF001829,CLI-00903,SUC-006,Argentina,Model E,2025
EV-ACME-01830,ACEMDLA11TG001830,CLI-00465,SUC-007,Canadá,Model A,2026
EV-ACME-01831,ACEMDLA10SE001831,CLI-00225,SUC-005,Colombia,Model A,2025
EV-ACME-01832,ACEMDLA17TE001832,CLI-00052,SUC-005,Colombia,Model A,2026
EV-ACME-01833,ACEMDLA15TG001833,CLI-00212,SUC-007,Canadá,Model A,2026
EV-ACME-01834,ACEMDLC15TJ001834,CLI-00761,SUC-009,Panamá,Model C,2026
EV-ACME-01835,ACEMDLA19TA001835,CLI-00208,SUC-001,México,Model A,2026
EV-ACME-01836,ACEMDLF13RG001836,CLI-00294,SUC-007,Canadá,Model F,2024
EV-ACME-01837,ACEMDLA11RE001837,CLI-00747,SUC-005,Colombia,Model A,2024
EV-ACME-01838,ACEMDLB19SG001838,CLI-00349,SUC-007,Canadá,Model B,2025
EV-ACME-01839,ACEMDLD12RH001839,CLI-00073,SUC-008,Chile,Model D,2024
EV-ACME-01840,ACEMDLA10SF001840,CLI-00686,SUC-006,Argentina,Model A,2025
EV-ACME-01841,ACEMDLC14SJ001841,CLI-00648,SUC-009,Panamá,Model C,2025
EV-ACME-01842,ACEMDLF12SB001842,CLI-00616,SUC-002,Guatemala,Model F,2025
EV-ACME-01843,ACEMDLA19RD001843,CLI-00939,SUC-004,Costa Rica,Model A,2024
EV-ACME-01844,ACEMDLE13TA001844,CLI-00332,SUC-001,México,Model E,2026
EV-ACME-01845,ACEMDLF19SE001845,CLI-00495,SUC-005,Colombia,Model F,2025
EV-ACME-01846,ACEMDLE15SH001846,CLI-00780,SUC-008,Chile,Model E,2025
EV-ACME-01847,ACEMDLF16RH001847,CLI-00657,SUC-008,Chile,Model F,2024
EV-ACME-01848,ACEMDLE13RD001848,CLI-00383,SUC-004,Costa Rica,Model E,2024
EV-ACME-01849,ACEMDLE13RE001849,CLI-00521,SUC-005,Colombia,Model E,2024
EV-ACME-01850,ACEMDLB13SE001850,CLI-00930,SUC-005,Colombia,Model B,2025
EV-ACME-01851,ACEMDLA14TJ001851,CLI-00184,SUC-009,Panamá,Model A,2026
EV-ACME-01852,ACEMDLF19RA001852,CLI-00853,SUC-001,México,Model F,2024
EV-ACME-01853,ACEMDLB19TD001853,CLI-00545,SUC-004,Costa Rica,Model B,2026
EV-ACME-01854,ACEMDLD15SE001854,CLI-00573,SUC-005,Colombia,Model D,2025
EV-ACME-01855,ACEMDLB15RF001855,CLI-00723,SUC-006,Argentina,Model B,2024
EV-ACME-01856,ACEMDLC19SF001856,CLI-00540,SUC-006,Argentina,Model C,2025
EV-ACME-01857,ACEMDLE10SJ001857,CLI-00969,SUC-009,Panamá,Model E,2025
EV-ACME-01858,ACEMDLF17RE001858,CLI-00065,SUC-005,Colombia,Model F,2024
EV-ACME-01859,ACEMDLB18SF001859,CLI-00113,SUC-006,Argentina,Model B,2025
EV-ACME-01860,ACEMDLD12SC001860,CLI-00503,SUC-003,Honduras,Model D,2025
EV-ACME-01861,ACEMDLF14TJ001861,CLI-00909,SUC-009,Panamá,Model F,2026
EV-ACME-01862,ACEMDLD17SJ001862,CLI-00724,SUC-009,Panamá,Model D,2025
EV-ACME-01863,ACEMDLB17TA001863,CLI-00853,SUC-001,México,Model B,2026
EV-ACME-01864,ACEMDLA19TB001864,CLI-00774,SUC-002,Guatemala,Model A,2026
EV-ACME-01865,ACEMDLE17TE001865,CLI-00370,SUC-005,Colombia,Model E,2026
EV-ACME-01866,ACEMDLD14SH001866,CLI-00385,SUC-008,Chile,Model D,2025
EV-ACME-01867,ACEMDLB16TG001867,CLI-00554,SUC-007,Canadá,Model B,2026
EV-ACME-01868,ACEMDLF12TK001868,CLI-00137,SUC-010,Perú,Model F,2026
EV-ACME-01869,ACEMDLD13SF001869,CLI-00530,SUC-006,Argentina,Model D,2025
EV-ACME-01870,ACEMDLA10TE001870,CLI-00437,SUC-005,Colombia,Model A,2026
EV-ACME-01871,ACEMDLC13RC001871,CLI-00490,SUC-003,Honduras,Model C,2024
EV-ACME-01872,ACEMDLA12RA001872,CLI-00403,SUC-001,México,Model A,2024
EV-ACME-01873,ACEMDLF11TF001873,CLI-00095,SUC-006,Argentina,Model F,2026
EV-ACME-01874,ACEMDLB17SA001874,CLI-00562,SUC-001,México,Model B,2025
EV-ACME-01875,ACEMDLA15TJ001875,CLI-00313,SUC-009,Panamá,Model A,2026
EV-ACME-01876,ACEMDLE18RC001876,CLI-00667,SUC-003,Honduras,Model E,2024
EV-ACME-01877,ACEMDLE11RA001877,CLI-00754,SUC-001,México,Model E,2024
EV-ACME-01878,ACEMDLC11SF001878,CLI-00455,SUC-006,Argentina,Model C,2025
EV-ACME-01879,ACEMDLC18SE001879,CLI-00574,SUC-005,Colombia,Model C,2025
EV-ACME-01880,ACEMDLB14RB001880,CLI-00243,SUC-002,Guatemala,Model B,2024
EV-ACME-01881,ACEMDLF18SE001881,CLI-00216,SUC-005,Colombia,Model F,2025
EV-ACME-01882,ACEMDLB12TA001882,CLI-00876,SUC-001,México,Model B,2026
EV-ACME-01883,ACEMDLE12SD001883,CLI-00159,SUC-004,Costa Rica,Model E,2025
EV-ACME-01884,ACEMDLF13SJ001884,CLI-00115,SUC-009,Panamá,Model F,2025
EV-ACME-01885,ACEMDLA16TH001885,CLI-00831,SUC-008,Chile,Model A,2026
EV-ACME-01886,ACEMDLD10TA001886,CLI-00534,SUC-001,México,Model D,2026
EV-ACME-01887,ACEMDLE13RC001887,CLI-00322,SUC-003,Honduras,Model E,2024
EV-ACME-01888,ACEMDLD13RC001888,CLI-00667,SUC-003,Honduras,Model D,2024
EV-ACME-01889,ACEMDLC13TC001889,CLI-00423,SUC-003,Honduras,Model C,2026
EV-ACME-01890,ACEMDLC15TC001890,CLI-00731,SUC-003,Honduras,Model C,2026
EV-ACME-01891,ACEMDLB13RE001891,CLI-00085,SUC-005,Colombia,Model B,2024
EV-ACME-01892,ACEMDLB18SC001892,CLI-00444,SUC-003,Honduras,Model B,2025
EV-ACME-01893,ACEMDLC17RE001893,CLI-00743,SUC-005,Colombia,Model C,2024
EV-ACME-01894,ACEMDLE11TF001894,CLI-00282,SUC-006,Argentina,Model E,2026
EV-ACME-01895,ACEMDLD18TD001895,CLI-00511,SUC-004,Costa Rica,Model D,2026
EV-ACME-01896,ACEMDLC18RF001896,CLI-00865,SUC-006,Argentina,Model C,2024
EV-ACME-01897,ACEMDLB11RK001897,CLI-00908,SUC-010,Perú,Model B,2024
EV-ACME-01898,ACEMDLF11TG001898,CLI-00042,SUC-007,Canadá,Model F,2026
EV-ACME-01899,ACEMDLE12SG001899,CLI-00852,SUC-007,Canadá,Model E,2025
EV-ACME-01900,ACEMDLF10RG001900,CLI-00762,SUC-007,Canadá,Model F,2024
EV-ACME-01901,ACEMDLF15RF001901,CLI-00163,SUC-006,Argentina,Model F,2024
EV-ACME-01902,ACEMDLA10RD001902,CLI-00605,SUC-004,Costa Rica,Model A,2024
EV-ACME-01903,ACEMDLF15SH001903,CLI-00877,SUC-008,Chile,Model F,2025
EV-ACME-01904,ACEMDLE11TA001904,CLI-00386,SUC-001,México,Model E,2026
EV-ACME-01905,ACEMDLE18RE001905,CLI-00279,SUC-005,Colombia,Model E,2024
EV-ACME-01906,ACEMDLA12SK001906,CLI-00068,SUC-010,Perú,Model A,2025
EV-ACME-01907,ACEMDLF11SG001907,CLI-00635,SUC-007,Canadá,Model F,2025
EV-ACME-01908,ACEMDLA17SF001908,CLI-00285,SUC-006,Argentina,Model A,2025
EV-ACME-01909,ACEMDLA19RB001909,CLI-00488,SUC-002,Guatemala,Model A,2024
EV-ACME-01910,ACEMDLF13RK001910,CLI-00858,SUC-010,Perú,Model F,2024
EV-ACME-01911,ACEMDLB19TK001911,CLI-00960,SUC-010,Perú,Model B,2026
EV-ACME-01912,ACEMDLE18RB001912,CLI-00274,SUC-002,Guatemala,Model E,2024
EV-ACME-01913,ACEMDLC13TA001913,CLI-00368,SUC-001,México,Model C,2026
EV-ACME-01914,ACEMDLD18SJ001914,CLI-00886,SUC-009,Panamá,Model D,2025
EV-ACME-01915,ACEMDLF18SC001915,CLI-00022,SUC-003,Honduras,Model F,2025
EV-ACME-01916,ACEMDLF11RE001916,CLI-00500,SUC-005,Colombia,Model F,2024
EV-ACME-01917,ACEMDLA15SC001917,CLI-00536,SUC-003,Honduras,Model A,2025
EV-ACME-01918,ACEMDLB11RK001918,CLI-00094,SUC-010,Perú,Model B,2024
EV-ACME-01919,ACEMDLE11TF001919,CLI-00796,SUC-006,Argentina,Model E,2026
EV-ACME-01920,ACEMDLA16SJ001920,CLI-00879,SUC-009,Panamá,Model A,2025
EV-ACME-01921,ACEMDLA17TJ001921,CLI-00157,SUC-009,Panamá,Model A,2026
EV-ACME-01922,ACEMDLA19TF001922,CLI-00113,SUC-006,Argentina,Model A,2026
EV-ACME-01923,ACEMDLC10SE001923,CLI-00493,SUC-005,Colombia,Model C,2025
EV-ACME-01924,ACEMDLF10RK001924,CLI-00884,SUC-010,Perú,Model F,2024
EV-ACME-01925,ACEMDLC13RK001925,CLI-00203,SUC-010,Perú,Model C,2024
EV-ACME-01926,ACEMDLA13RC001926,CLI-00549,SUC-003,Honduras,Model A,2024
EV-ACME-01927,ACEMDLE19RE001927,CLI-00192,SUC-005,Colombia,Model E,2024
EV-ACME-01928,ACEMDLD10RE001928,CLI-00627,SUC-005,Colombia,Model D,2024
EV-ACME-01929,ACEMDLE12SH001929,CLI-00204,SUC-008,Chile,Model E,2025
EV-ACME-01930,ACEMDLB12TE001930,CLI-00128,SUC-005,Colombia,Model B,2026
EV-ACME-01931,ACEMDLF18TK001931,CLI-00960,SUC-010,Perú,Model F,2026
EV-ACME-01932,ACEMDLA12SF001932,CLI-00911,SUC-006,Argentina,Model A,2025
EV-ACME-01933,ACEMDLC18SA001933,CLI-00210,SUC-001,México,Model C,2025
EV-ACME-01934,ACEMDLE15TC001934,CLI-00265,SUC-003,Honduras,Model E,2026
EV-ACME-01935,ACEMDLF19RD001935,CLI-00777,SUC-004,Costa Rica,Model F,2024
EV-ACME-01936,ACEMDLB17SG001936,CLI-00040,SUC-007,Canadá,Model B,2025
EV-ACME-01937,ACEMDLE16TF001937,CLI-00156,SUC-006,Argentina,Model E,2026
EV-ACME-01938,ACEMDLD14RA001938,CLI-00844,SUC-001,México,Model D,2024
EV-ACME-01939,ACEMDLF18SB001939,CLI-00469,SUC-002,Guatemala,Model F,2025
EV-ACME-01940,ACEMDLB16RK001940,CLI-00158,SUC-010,Perú,Model B,2024
EV-ACME-01941,ACEMDLB11SD001941,CLI-00160,SUC-004,Costa Rica,Model B,2025
EV-ACME-01942,ACEMDLD14SA001942,CLI-00844,SUC-001,México,Model D,2025
EV-ACME-01943,ACEMDLB15SK001943,CLI-00122,SUC-010,Perú,Model B,2025
EV-ACME-01944,ACEMDLC15TH001944,CLI-00502,SUC-008,Chile,Model C,2026
EV-ACME-01945,ACEMDLF19SD001945,CLI-00828,SUC-004,Costa Rica,Model F,2025
EV-ACME-01946,ACEMDLD17TB001946,CLI-00578,SUC-002,Guatemala,Model D,2026
EV-ACME-01947,ACEMDLD14RD001947,CLI-00433,SUC-004,Costa Rica,Model D,2024
EV-ACME-01948,ACEMDLD15RF001948,CLI-00114,SUC-006,Argentina,Model D,2024
EV-ACME-01949,ACEMDLD11TG001949,CLI-00531,SUC-007,Canadá,Model D,2026
EV-ACME-01950,ACEMDLB15RK001950,CLI-00733,SUC-010,Perú,Model B,2024
EV-ACME-01951,ACEMDLA15RF001951,CLI-00540,SUC-006,Argentina,Model A,2024
EV-ACME-01952,ACEMDLA10TG001952,CLI-00111,SUC-007,Canadá,Model A,2026
EV-ACME-01953,ACEMDLD15RE001953,CLI-00618,SUC-005,Colombia,Model D,2024
EV-ACME-01954,ACEMDLF19SD001954,CLI-00174,SUC-004,Costa Rica,Model F,2025
EV-ACME-01955,ACEMDLC15RE001955,CLI-00132,SUC-005,Colombia,Model C,2024
EV-ACME-01956,ACEMDLD12SE001956,CLI-00216,SUC-005,Colombia,Model D,2025
EV-ACME-01957,ACEMDLE14SB001957,CLI-00300,SUC-002,Guatemala,Model E,2025
EV-ACME-01958,ACEMDLE14RE001958,CLI-00926,SUC-005,Colombia,Model E,2024
EV-ACME-01959,ACEMDLA12RK001959,CLI-00884,SUC-010,Perú,Model A,2024
EV-ACME-01960,ACEMDLC12TD001960,CLI-00363,SUC-004,Costa Rica,Model C,2026
EV-ACME-01961,ACEMDLE10SB001961,CLI-00438,SUC-002,Guatemala,Model E,2025
EV-ACME-01962,ACEMDLA18TD001962,CLI-00634,SUC-004,Costa Rica,Model A,2026
EV-ACME-01963,ACEMDLF12SJ001963,CLI-00632,SUC-009,Panamá,Model F,2025
EV-ACME-01964,ACEMDLF17TJ001964,CLI-00099,SUC-009,Panamá,Model F,2026
EV-ACME-01965,ACEMDLC11TG001965,CLI-00576,SUC-007,Canadá,Model C,2026
EV-ACME-01966,ACEMDLC10TG001966,CLI-00462,SUC-007,Canadá,Model C,2026
EV-ACME-01967,ACEMDLF10TC001967,CLI-00975,SUC-003,Honduras,Model F,2026
EV-ACME-01968,ACEMDLA19RF001968,CLI-00630,SUC-006,Argentina,Model A,2024
EV-ACME-01969,ACEMDLE14TA001969,CLI-00082,SUC-001,México,Model E,2026
EV-ACME-01970,ACEMDLB19RH001970,CLI-00339,SUC-008,Chile,Model B,2024
EV-ACME-01971,ACEMDLD10RE001971,CLI-00324,SUC-005,Colombia,Model D,2024
EV-ACME-01972,ACEMDLC17TJ001972,CLI-00506,SUC-009,Panamá,Model C,2026
EV-ACME-01973,ACEMDLF17RG001973,CLI-00111,SUC-007,Canadá,Model F,2024
EV-ACME-01974,ACEMDLD12RC001974,CLI-00895,SUC-003,Honduras,Model D,2024
EV-ACME-01975,ACEMDLC16SA001975,CLI-00983,SUC-001,México,Model C,2025
EV-ACME-01976,ACEMDLE12TA001976,CLI-00700,SUC-001,México,Model E,2026
EV-ACME-01977,ACEMDLD11RF001977,CLI-00792,SUC-006,Argentina,Model D,2024
EV-ACME-01978,ACEMDLA12TC001978,CLI-00885,SUC-003,Honduras,Model A,2026
EV-ACME-01979,ACEMDLB15TD001979,CLI-00702,SUC-004,Costa Rica,Model B,2026
EV-ACME-01980,ACEMDLE14SD001980,CLI-00331,SUC-004,Costa Rica,Model E,2025
EV-ACME-01981,ACEMDLC16TG001981,CLI-00762,SUC-007,Canadá,Model C,2026
EV-ACME-01982,ACEMDLB10SF001982,CLI-00282,SUC-006,Argentina,Model B,2025
EV-ACME-01983,ACEMDLC10RC001983,CLI-00885,SUC-003,Honduras,Model C,2024
EV-ACME-01984,ACEMDLB11TJ001984,CLI-00232,SUC-009,Panamá,Model B,2026
EV-ACME-01985,ACEMDLD13RA001985,CLI-00675,SUC-001,México,Model D,2024
EV-ACME-01986,ACEMDLD19SK001986,CLI-00366,SUC-010,Perú,Model D,2025
EV-ACME-01987,ACEMDLE10TF001987,CLI-00778,SUC-006,Argentina,Model E,2026
EV-ACME-01988,ACEMDLE14RH001988,CLI-00280,SUC-008,Chile,Model E,2024
EV-ACME-01989,ACEMDLB11TH001989,CLI-00089,SUC-008,Chile,Model B,2026
EV-ACME-01990,ACEMDLB18SC001990,CLI-00818,SUC-003,Honduras,Model B,2025
EV-ACME-01991,ACEMDLC19TE001991,CLI-00303,SUC-005,Colombia,Model C,2026
EV-ACME-01992,ACEMDLB13TD001992,CLI-00901,SUC-004,Costa Rica,Model B,2026
EV-ACME-01993,ACEMDLC11TJ001993,CLI-00374,SUC-009,Panamá,Model C,2026
EV-ACME-01994,ACEMDLD14RH001994,CLI-00775,SUC-008,Chile,Model D,2024
EV-ACME-01995,ACEMDLB18RB001995,CLI-00407,SUC-002,Guatemala,Model B,2024
EV-ACME-01996,ACEMDLD18SB001996,CLI-00013,SUC-002,Guatemala,Model D,2025
EV-ACME-01997,ACEMDLF12SK001997,CLI-00491,SUC-010,Perú,Model F,2025
EV-ACME-01998,ACEMDLC16RJ001998,CLI-00117,SUC-009,Panamá,Model C,2024
EV-ACME-01999,ACEMDLA13RC001999,CLI-00803,SUC-003,Honduras,Model A,2024
EV-ACME-02000,ACEMDLB18RJ002000,CLI-00049,SUC-009,Panamá,Model B,2024
EV-ACME-02001,ACEMDLF10RA002001,CLI-00572,SUC-001,México,Model F,2024
EV-ACME-02002,ACEMDLD10RG002002,CLI-00620,SUC-007,Canadá,Model D,2024
EV-ACME-02003,ACEMDLE15SF002003,CLI-00458,SUC-006,Argentina,Model E,2025
EV-ACME-02004,ACEMDLB19TA002004,CLI-00329,SUC-001,México,Model B,2026
EV-ACME-02005,ACEMDLD10TK002005,CLI-00461,SUC-010,Perú,Model D,2026
EV-ACME-02006,ACEMDLB12SG002006,CLI-00111,SUC-007,Canadá,Model B,2025
EV-ACME-02007,ACEMDLE19RE002007,CLI-00579,SUC-005,Colombia,Model E,2024
EV-ACME-02008,ACEMDLB15RD002008,CLI-00159,SUC-004,Costa Rica,Model B,2024
EV-ACME-02009,ACEMDLB19TC002009,CLI-00430,SUC-003,Honduras,Model B,2026
EV-ACME-02010,ACEMDLF13SF002010,CLI-00564,SUC-006,Argentina,Model F,2025
EV-ACME-02011,ACEMDLF13SK002011,CLI-00711,SUC-010,Perú,Model F,2025
EV-ACME-02012,ACEMDLF15TC002012,CLI-00053,SUC-003,Honduras,Model F,2026
EV-ACME-02013,ACEMDLD12RD002013,CLI-00457,SUC-004,Costa Rica,Model D,2024
EV-ACME-02014,ACEMDLD16RJ002014,CLI-00845,SUC-009,Panamá,Model D,2024
EV-ACME-02015,ACEMDLD16RF002015,CLI-00188,SUC-006,Argentina,Model D,2024
EV-ACME-02016,ACEMDLF12RK002016,CLI-00516,SUC-010,Perú,Model F,2024
EV-ACME-02017,ACEMDLC14SE002017,CLI-00220,SUC-005,Colombia,Model C,2025
EV-ACME-02018,ACEMDLB13TD002018,CLI-00980,SUC-004,Costa Rica,Model B,2026
EV-ACME-02019,ACEMDLB18RE002019,CLI-00132,SUC-005,Colombia,Model B,2024
EV-ACME-02020,ACEMDLB10TK002020,CLI-00633,SUC-010,Perú,Model B,2026
EV-ACME-02021,ACEMDLF17SC002021,CLI-00086,SUC-003,Honduras,Model F,2025
EV-ACME-02022,ACEMDLC13SC002022,CLI-00265,SUC-003,Honduras,Model C,2025
EV-ACME-02023,ACEMDLD11RC002023,CLI-00525,SUC-003,Honduras,Model D,2024
EV-ACME-02024,ACEMDLE17TH002024,CLI-00335,SUC-008,Chile,Model E,2026
EV-ACME-02025,ACEMDLF13TF002025,CLI-00367,SUC-006,Argentina,Model F,2026
EV-ACME-02026,ACEMDLC16RF002026,CLI-00492,SUC-006,Argentina,Model C,2024
EV-ACME-02027,ACEMDLA12RK002027,CLI-00858,SUC-010,Perú,Model A,2024
EV-ACME-02028,ACEMDLA15TF002028,CLI-00098,SUC-006,Argentina,Model A,2026
EV-ACME-02029,ACEMDLD16TC002029,CLI-00823,SUC-003,Honduras,Model D,2026
EV-ACME-02030,ACEMDLB10TJ002030,CLI-00119,SUC-009,Panamá,Model B,2026
EV-ACME-02031,ACEMDLF17SK002031,CLI-00565,SUC-010,Perú,Model F,2025
EV-ACME-02032,ACEMDLC12RD002032,CLI-00419,SUC-004,Costa Rica,Model C,2024
EV-ACME-02033,ACEMDLB19SJ002033,CLI-00518,SUC-009,Panamá,Model B,2025
EV-ACME-02034,ACEMDLB12TC002034,CLI-00892,SUC-003,Honduras,Model B,2026
EV-ACME-02035,ACEMDLB19SB002035,CLI-00771,SUC-002,Guatemala,Model B,2025
EV-ACME-02036,ACEMDLE14TF002036,CLI-00282,SUC-006,Argentina,Model E,2026
EV-ACME-02037,ACEMDLE10SE002037,CLI-00727,SUC-005,Colombia,Model E,2025
EV-ACME-02038,ACEMDLA11SB002038,CLI-00274,SUC-002,Guatemala,Model A,2025
EV-ACME-02039,ACEMDLC12SE002039,CLI-00220,SUC-005,Colombia,Model C,2025
EV-ACME-02040,ACEMDLF10RK002040,CLI-00758,SUC-010,Perú,Model F,2024
EV-ACME-02041,ACEMDLF14SK002041,CLI-00158,SUC-010,Perú,Model F,2025
EV-ACME-02042,ACEMDLB13SA002042,CLI-00333,SUC-001,México,Model B,2025
EV-ACME-02043,ACEMDLC14SG002043,CLI-00042,SUC-007,Canadá,Model C,2025
EV-ACME-02044,ACEMDLF12TK002044,CLI-00582,SUC-010,Perú,Model F,2026
EV-ACME-02045,ACEMDLC12RF002045,CLI-00028,SUC-006,Argentina,Model C,2024
EV-ACME-02046,ACEMDLB18TG002046,CLI-00019,SUC-007,Canadá,Model B,2026
EV-ACME-02047,ACEMDLC19TB002047,CLI-00274,SUC-002,Guatemala,Model C,2026
EV-ACME-02048,ACEMDLA18SJ002048,CLI-00973,SUC-009,Panamá,Model A,2025
EV-ACME-02049,ACEMDLF14RB002049,CLI-00145,SUC-002,Guatemala,Model F,2024
EV-ACME-02050,ACEMDLE13SH002050,CLI-00563,SUC-008,Chile,Model E,2025
EV-ACME-02051,ACEMDLC17RD002051,CLI-00873,SUC-004,Costa Rica,Model C,2024
EV-ACME-02052,ACEMDLE15SD002052,CLI-00309,SUC-004,Costa Rica,Model E,2025
EV-ACME-02053,ACEMDLD12TC002053,CLI-00823,SUC-003,Honduras,Model D,2026
EV-ACME-02054,ACEMDLA11RA002054,CLI-00520,SUC-001,México,Model A,2024
EV-ACME-02055,ACEMDLB16RC002055,CLI-00914,SUC-003,Honduras,Model B,2024
EV-ACME-02056,ACEMDLC12SC002056,CLI-00215,SUC-003,Honduras,Model C,2025
EV-ACME-02057,ACEMDLB18SE002057,CLI-00358,SUC-005,Colombia,Model B,2025
EV-ACME-02058,ACEMDLC10TJ002058,CLI-00379,SUC-009,Panamá,Model C,2026
EV-ACME-02059,ACEMDLA11RH002059,CLI-00891,SUC-008,Chile,Model A,2024
EV-ACME-02060,ACEMDLE10TH002060,CLI-00280,SUC-008,Chile,Model E,2026
EV-ACME-02061,ACEMDLC12SE002061,CLI-00324,SUC-005,Colombia,Model C,2025
EV-ACME-02062,ACEMDLE16SJ002062,CLI-00049,SUC-009,Panamá,Model E,2025
EV-ACME-02063,ACEMDLA11TB002063,CLI-00907,SUC-002,Guatemala,Model A,2026
EV-ACME-02064,ACEMDLA11TF002064,CLI-00455,SUC-006,Argentina,Model A,2026
EV-ACME-02065,ACEMDLA10SK002065,CLI-00203,SUC-010,Perú,Model A,2025
EV-ACME-02066,ACEMDLB19SD002066,CLI-00957,SUC-004,Costa Rica,Model B,2025
EV-ACME-02067,ACEMDLF15TG002067,CLI-00772,SUC-007,Canadá,Model F,2026
EV-ACME-02068,ACEMDLD18TD002068,CLI-00777,SUC-004,Costa Rica,Model D,2026
EV-ACME-02069,ACEMDLB14RC002069,CLI-00549,SUC-003,Honduras,Model B,2024
EV-ACME-02070,ACEMDLB10RF002070,CLI-00485,SUC-006,Argentina,Model B,2024
EV-ACME-02071,ACEMDLE18RH002071,CLI-00130,SUC-008,Chile,Model E,2024
EV-ACME-02072,ACEMDLF15SD002072,CLI-00898,SUC-004,Costa Rica,Model F,2025
EV-ACME-02073,ACEMDLB12TA002073,CLI-00403,SUC-001,México,Model B,2026
EV-ACME-02074,ACEMDLB15TA002074,CLI-00368,SUC-001,México,Model B,2026
EV-ACME-02075,ACEMDLA18TK002075,CLI-00714,SUC-010,Perú,Model A,2026
EV-ACME-02076,ACEMDLD15RB002076,CLI-00716,SUC-002,Guatemala,Model D,2024
EV-ACME-02077,ACEMDLF10TB002077,CLI-00616,SUC-002,Guatemala,Model F,2026
EV-ACME-02078,ACEMDLA11RF002078,CLI-00911,SUC-006,Argentina,Model A,2024
EV-ACME-02079,ACEMDLF17RB002079,CLI-00277,SUC-002,Guatemala,Model F,2024
EV-ACME-02080,ACEMDLA18RF002080,CLI-00685,SUC-006,Argentina,Model A,2024
EV-ACME-02081,ACEMDLC16RE002081,CLI-00929,SUC-005,Colombia,Model C,2024
EV-ACME-02082,ACEMDLB11TA002082,CLI-00753,SUC-001,México,Model B,2026
EV-ACME-02083,ACEMDLA15RK002083,CLI-00991,SUC-010,Perú,Model A,2024
EV-ACME-02084,ACEMDLE19RC002084,CLI-00472,SUC-003,Honduras,Model E,2024
EV-ACME-02085,ACEMDLD18RG002085,CLI-00019,SUC-007,Canadá,Model D,2024
EV-ACME-02086,ACEMDLA10SJ002086,CLI-00434,SUC-009,Panamá,Model A,2025
EV-ACME-02087,ACEMDLD10TF002087,CLI-00367,SUC-006,Argentina,Model D,2026
EV-ACME-02088,ACEMDLB15SB002088,CLI-00284,SUC-002,Guatemala,Model B,2025
EV-ACME-02089,ACEMDLF11TH002089,CLI-00830,SUC-008,Chile,Model F,2026
EV-ACME-02090,ACEMDLF15SH002090,CLI-00749,SUC-008,Chile,Model F,2025
EV-ACME-02091,ACEMDLA12SH002091,CLI-00910,SUC-008,Chile,Model A,2025
EV-ACME-02092,ACEMDLA17RH002092,CLI-00130,SUC-008,Chile,Model A,2024
EV-ACME-02093,ACEMDLA15RA002093,CLI-00889,SUC-001,México,Model A,2024
EV-ACME-02094,ACEMDLF10RG002094,CLI-00111,SUC-007,Canadá,Model F,2024
EV-ACME-02095,ACEMDLD16SC002095,CLI-00426,SUC-003,Honduras,Model D,2025
EV-ACME-02096,ACEMDLA13TE002096,CLI-00797,SUC-005,Colombia,Model A,2026
EV-ACME-02097,ACEMDLF14TA002097,CLI-00403,SUC-001,México,Model F,2026
EV-ACME-02098,ACEMDLA18TE002098,CLI-00295,SUC-005,Colombia,Model A,2026
EV-ACME-02099,ACEMDLD14TK002099,CLI-00794,SUC-010,Perú,Model D,2026
EV-ACME-02100,ACEMDLF13RK002100,CLI-00585,SUC-010,Perú,Model F,2024
EV-ACME-02101,ACEMDLF10SF002101,CLI-00014,SUC-006,Argentina,Model F,2025
EV-ACME-02102,ACEMDLC19RE002102,CLI-00581,SUC-005,Colombia,Model C,2024
EV-ACME-02103,ACEMDLB11TB002103,CLI-00771,SUC-002,Guatemala,Model B,2026
EV-ACME-02104,ACEMDLA10RH002104,CLI-00387,SUC-008,Chile,Model A,2024
EV-ACME-02105,ACEMDLF19TJ002105,CLI-00544,SUC-009,Panamá,Model F,2026
EV-ACME-02106,ACEMDLE16TH002106,CLI-00563,SUC-008,Chile,Model E,2026
EV-ACME-02107,ACEMDLD13TD002107,CLI-00008,SUC-004,Costa Rica,Model D,2026
EV-ACME-02108,ACEMDLE16SA002108,CLI-00604,SUC-001,México,Model E,2025
EV-ACME-02109,ACEMDLB15SH002109,CLI-00387,SUC-008,Chile,Model B,2025
EV-ACME-02110,ACEMDLE16SK002110,CLI-00528,SUC-010,Perú,Model E,2025
EV-ACME-02111,ACEMDLD19SC002111,CLI-00086,SUC-003,Honduras,Model D,2025
EV-ACME-02112,ACEMDLB19RH002112,CLI-00153,SUC-008,Chile,Model B,2024
EV-ACME-02113,ACEMDLB14TK002113,CLI-00400,SUC-010,Perú,Model B,2026
EV-ACME-02114,ACEMDLF15SE002114,CLI-00551,SUC-005,Colombia,Model F,2025
EV-ACME-02115,ACEMDLE14RK002115,CLI-00302,SUC-010,Perú,Model E,2024
EV-ACME-02116,ACEMDLA11SK002116,CLI-00900,SUC-010,Perú,Model A,2025
EV-ACME-02117,ACEMDLB13SA002117,CLI-00744,SUC-001,México,Model B,2025
EV-ACME-02118,ACEMDLC16RJ002118,CLI-00662,SUC-009,Panamá,Model C,2024
EV-ACME-02119,ACEMDLB17SF002119,CLI-00978,SUC-006,Argentina,Model B,2025
EV-ACME-02120,ACEMDLE18SD002120,CLI-00611,SUC-004,Costa Rica,Model E,2025
EV-ACME-02121,ACEMDLE13RC002121,CLI-00885,SUC-003,Honduras,Model E,2024
EV-ACME-02122,ACEMDLE12SB002122,CLI-00575,SUC-002,Guatemala,Model E,2025
EV-ACME-02123,ACEMDLE15TF002123,CLI-00801,SUC-006,Argentina,Model E,2026
EV-ACME-02124,ACEMDLD17SA002124,CLI-00041,SUC-001,México,Model D,2025
EV-ACME-02125,ACEMDLC15RG002125,CLI-00934,SUC-007,Canadá,Model C,2024
EV-ACME-02126,ACEMDLB13SB002126,CLI-00108,SUC-002,Guatemala,Model B,2025
EV-ACME-02127,ACEMDLF11TD002127,CLI-00655,SUC-004,Costa Rica,Model F,2026
EV-ACME-02128,ACEMDLA16SC002128,CLI-00322,SUC-003,Honduras,Model A,2025
EV-ACME-02129,ACEMDLB19SJ002129,CLI-00867,SUC-009,Panamá,Model B,2025
EV-ACME-02130,ACEMDLE11RC002130,CLI-00848,SUC-003,Honduras,Model E,2024
EV-ACME-02131,ACEMDLD18TD002131,CLI-00005,SUC-004,Costa Rica,Model D,2026
EV-ACME-02132,ACEMDLA15RB002132,CLI-00384,SUC-002,Guatemala,Model A,2024
EV-ACME-02133,ACEMDLA16RF002133,CLI-00686,SUC-006,Argentina,Model A,2024
EV-ACME-02134,ACEMDLE14SB002134,CLI-00405,SUC-002,Guatemala,Model E,2025
EV-ACME-02135,ACEMDLB13SA002135,CLI-00298,SUC-001,México,Model B,2025
EV-ACME-02136,ACEMDLA18SK002136,CLI-00026,SUC-010,Perú,Model A,2025
EV-ACME-02137,ACEMDLA19RC002137,CLI-00510,SUC-003,Honduras,Model A,2024
EV-ACME-02138,ACEMDLA12RD002138,CLI-00631,SUC-004,Costa Rica,Model A,2024
EV-ACME-02139,ACEMDLE17SG002139,CLI-00294,SUC-007,Canadá,Model E,2025
EV-ACME-02140,ACEMDLF19TK002140,CLI-00213,SUC-010,Perú,Model F,2026
EV-ACME-02141,ACEMDLC17SJ002141,CLI-00198,SUC-009,Panamá,Model C,2025
EV-ACME-02142,ACEMDLB11RH002142,CLI-00563,SUC-008,Chile,Model B,2024
EV-ACME-02143,ACEMDLA12TD002143,CLI-00383,SUC-004,Costa Rica,Model A,2026
EV-ACME-02144,ACEMDLD17SF002144,CLI-00952,SUC-006,Argentina,Model D,2025
EV-ACME-02145,ACEMDLA16TJ002145,CLI-00434,SUC-009,Panamá,Model A,2026
EV-ACME-02146,ACEMDLC15RD002146,CLI-00051,SUC-004,Costa Rica,Model C,2024
EV-ACME-02147,ACEMDLC17SH002147,CLI-00314,SUC-008,Chile,Model C,2025
EV-ACME-02148,ACEMDLA10TH002148,CLI-00314,SUC-008,Chile,Model A,2026
EV-ACME-02149,ACEMDLA10RK002149,CLI-00179,SUC-010,Perú,Model A,2024
EV-ACME-02150,ACEMDLB14RG002150,CLI-00067,SUC-007,Canadá,Model B,2024
EV-ACME-02151,ACEMDLC12RK002151,CLI-00094,SUC-010,Perú,Model C,2024
EV-ACME-02152,ACEMDLB16SJ002152,CLI-00377,SUC-009,Panamá,Model B,2025
EV-ACME-02153,ACEMDLF14RF002153,CLI-00872,SUC-006,Argentina,Model F,2024
EV-ACME-02154,ACEMDLB14SJ002154,CLI-00662,SUC-009,Panamá,Model B,2025
EV-ACME-02155,ACEMDLC14TG002155,CLI-00938,SUC-007,Canadá,Model C,2026
EV-ACME-02156,ACEMDLF10SD002156,CLI-00247,SUC-004,Costa Rica,Model F,2025
EV-ACME-02157,ACEMDLB12SC002157,CLI-00248,SUC-003,Honduras,Model B,2025
EV-ACME-02158,ACEMDLF19SC002158,CLI-00191,SUC-003,Honduras,Model F,2025
EV-ACME-02159,ACEMDLB17RD002159,CLI-00709,SUC-004,Costa Rica,Model B,2024
EV-ACME-02160,ACEMDLE16TG002160,CLI-00802,SUC-007,Canadá,Model E,2026
EV-ACME-02161,ACEMDLD16TA002161,CLI-00558,SUC-001,México,Model D,2026
EV-ACME-02162,ACEMDLA18RK002162,CLI-00351,SUC-010,Perú,Model A,2024
EV-ACME-02163,ACEMDLD17RA002163,CLI-00889,SUC-001,México,Model D,2024
EV-ACME-02164,ACEMDLB16TD002164,CLI-00135,SUC-004,Costa Rica,Model B,2026
EV-ACME-02165,ACEMDLC11TB002165,CLI-00478,SUC-002,Guatemala,Model C,2026
EV-ACME-02166,ACEMDLD18TK002166,CLI-00175,SUC-010,Perú,Model D,2026
EV-ACME-02167,ACEMDLD16RF002167,CLI-00865,SUC-006,Argentina,Model D,2024
EV-ACME-02168,ACEMDLA19RF002168,CLI-00644,SUC-006,Argentina,Model A,2024
EV-ACME-02169,ACEMDLE12RD002169,CLI-00655,SUC-004,Costa Rica,Model E,2024
EV-ACME-02170,ACEMDLE15RE002170,CLI-00958,SUC-005,Colombia,Model E,2024
EV-ACME-02171,ACEMDLE11RF002171,CLI-00372,SUC-006,Argentina,Model E,2024
EV-ACME-02172,ACEMDLA15TK002172,CLI-00203,SUC-010,Perú,Model A,2026
EV-ACME-02173,ACEMDLB14TC002173,CLI-00472,SUC-003,Honduras,Model B,2026
EV-ACME-02174,ACEMDLF13SB002174,CLI-00651,SUC-002,Guatemala,Model F,2025
EV-ACME-02175,ACEMDLB17RC002175,CLI-00248,SUC-003,Honduras,Model B,2024
EV-ACME-02176,ACEMDLE11SD002176,CLI-00061,SUC-004,Costa Rica,Model E,2025
EV-ACME-02177,ACEMDLC10SB002177,CLI-00274,SUC-002,Guatemala,Model C,2025
EV-ACME-02178,ACEMDLD14SK002178,CLI-00400,SUC-010,Perú,Model D,2025
EV-ACME-02179,ACEMDLE10RA002179,CLI-00293,SUC-001,México,Model E,2024
EV-ACME-02180,ACEMDLF15TB002180,CLI-00277,SUC-002,Guatemala,Model F,2026
EV-ACME-02181,ACEMDLE16TA002181,CLI-00017,SUC-001,México,Model E,2026
EV-ACME-02182,ACEMDLB16TH002182,CLI-00195,SUC-008,Chile,Model B,2026
EV-ACME-02183,ACEMDLB19SA002183,CLI-00754,SUC-001,México,Model B,2025
EV-ACME-02184,ACEMDLD15TA002184,CLI-00661,SUC-001,México,Model D,2026
EV-ACME-02185,ACEMDLC14RC002185,CLI-00841,SUC-003,Honduras,Model C,2024
EV-ACME-02186,ACEMDLA12RD002186,CLI-00330,SUC-004,Costa Rica,Model A,2024
EV-ACME-02187,ACEMDLE12TF002187,CLI-00180,SUC-006,Argentina,Model E,2026
EV-ACME-02188,ACEMDLB10TB002188,CLI-00002,SUC-002,Guatemala,Model B,2026
EV-ACME-02189,ACEMDLF12SC002189,CLI-00621,SUC-003,Honduras,Model F,2025
EV-ACME-02190,ACEMDLB18SJ002190,CLI-00547,SUC-009,Panamá,Model B,2025
EV-ACME-02191,ACEMDLE15TG002191,CLI-00610,SUC-007,Canadá,Model E,2026
EV-ACME-02192,ACEMDLA17RF002192,CLI-00083,SUC-006,Argentina,Model A,2024
EV-ACME-02193,ACEMDLA11TD002193,CLI-00005,SUC-004,Costa Rica,Model A,2026
EV-ACME-02194,ACEMDLA16TJ002194,CLI-00408,SUC-009,Panamá,Model A,2026
EV-ACME-02195,ACEMDLA11TD002195,CLI-00070,SUC-004,Costa Rica,Model A,2026
EV-ACME-02196,ACEMDLC19TK002196,CLI-00024,SUC-010,Perú,Model C,2026
EV-ACME-02197,ACEMDLF14RG002197,CLI-00106,SUC-007,Canadá,Model F,2024
EV-ACME-02198,ACEMDLE10TA002198,CLI-00329,SUC-001,México,Model E,2026
EV-ACME-02199,ACEMDLE16RA002199,CLI-00066,SUC-001,México,Model E,2024
EV-ACME-02200,ACEMDLC16RG002200,CLI-00462,SUC-007,Canadá,Model C,2024
EV-ACME-02201,ACEMDLD12RA002201,CLI-00876,SUC-001,México,Model D,2024
EV-ACME-02202,ACEMDLE10RD002202,CLI-00217,SUC-004,Costa Rica,Model E,2024
EV-ACME-02203,ACEMDLC10SD002203,CLI-00541,SUC-004,Costa Rica,Model C,2025
EV-ACME-02204,ACEMDLD14RG002204,CLI-00321,SUC-007,Canadá,Model D,2024
EV-ACME-02205,ACEMDLE11RH002205,CLI-00016,SUC-008,Chile,Model E,2024
EV-ACME-02206,ACEMDLA11SH002206,CLI-00728,SUC-008,Chile,Model A,2025
EV-ACME-02207,ACEMDLB10RG002207,CLI-00395,SUC-007,Canadá,Model B,2024
EV-ACME-02208,ACEMDLB16RD002208,CLI-00160,SUC-004,Costa Rica,Model B,2024
EV-ACME-02209,ACEMDLB12SG002209,CLI-00773,SUC-007,Canadá,Model B,2025
EV-ACME-02210,ACEMDLF14RA002210,CLI-00356,SUC-001,México,Model F,2024
EV-ACME-02211,ACEMDLE19TD002211,CLI-00702,SUC-004,Costa Rica,Model E,2026
EV-ACME-02212,ACEMDLE13RB002212,CLI-00276,SUC-002,Guatemala,Model E,2024
EV-ACME-02213,ACEMDLC15SJ002213,CLI-00256,SUC-009,Panamá,Model C,2025
EV-ACME-02214,ACEMDLB14SD002214,CLI-00051,SUC-004,Costa Rica,Model B,2025
EV-ACME-02215,ACEMDLE11RE002215,CLI-00032,SUC-005,Colombia,Model E,2024
EV-ACME-02216,ACEMDLC19TG002216,CLI-00620,SUC-007,Canadá,Model C,2026
EV-ACME-02217,ACEMDLB15TE002217,CLI-00479,SUC-005,Colombia,Model B,2026
EV-ACME-02218,ACEMDLC10SJ002218,CLI-00250,SUC-009,Panamá,Model C,2025
EV-ACME-02219,ACEMDLA16SJ002219,CLI-00449,SUC-009,Panamá,Model A,2025
EV-ACME-02220,ACEMDLE13RJ002220,CLI-00072,SUC-009,Panamá,Model E,2024
EV-ACME-02221,ACEMDLD10TA002221,CLI-00259,SUC-001,México,Model D,2026
EV-ACME-02222,ACEMDLE11RD002222,CLI-00636,SUC-004,Costa Rica,Model E,2024
EV-ACME-02223,ACEMDLB15SB002223,CLI-00907,SUC-002,Guatemala,Model B,2025
EV-ACME-02224,ACEMDLB16RE002224,CLI-00344,SUC-005,Colombia,Model B,2024
EV-ACME-02225,ACEMDLE14RG002225,CLI-00721,SUC-007,Canadá,Model E,2024
EV-ACME-02226,ACEMDLB10TB002226,CLI-00129,SUC-002,Guatemala,Model B,2026
EV-ACME-02227,ACEMDLD18RH002227,CLI-00195,SUC-008,Chile,Model D,2024
EV-ACME-02228,ACEMDLA11SG002228,CLI-00679,SUC-007,Canadá,Model A,2025
EV-ACME-02229,ACEMDLE10RA002229,CLI-00315,SUC-001,México,Model E,2024
EV-ACME-02230,ACEMDLE19RB002230,CLI-00941,SUC-002,Guatemala,Model E,2024
EV-ACME-02231,ACEMDLF15RD002231,CLI-00431,SUC-004,Costa Rica,Model F,2024
EV-ACME-02232,ACEMDLC10SK002232,CLI-00491,SUC-010,Perú,Model C,2025
EV-ACME-02233,ACEMDLC18SB002233,CLI-00651,SUC-002,Guatemala,Model C,2025
EV-ACME-02234,ACEMDLB17RJ002234,CLI-00060,SUC-009,Panamá,Model B,2024
EV-ACME-02235,ACEMDLA10TB002235,CLI-00640,SUC-002,Guatemala,Model A,2026
EV-ACME-02236,ACEMDLA10SE002236,CLI-00085,SUC-005,Colombia,Model A,2025
EV-ACME-02237,ACEMDLA17RA002237,CLI-00126,SUC-001,México,Model A,2024
EV-ACME-02238,ACEMDLD14RH002238,CLI-00015,SUC-008,Chile,Model D,2024
EV-ACME-02239,ACEMDLE14TE002239,CLI-00065,SUC-005,Colombia,Model E,2026
EV-ACME-02240,ACEMDLB10SF002240,CLI-00289,SUC-006,Argentina,Model B,2025
EV-ACME-02241,ACEMDLA12SJ002241,CLI-00389,SUC-009,Panamá,Model A,2025
EV-ACME-02242,ACEMDLF15SH002242,CLI-00245,SUC-008,Chile,Model F,2025
EV-ACME-02243,ACEMDLC11TH002243,CLI-00894,SUC-008,Chile,Model C,2026
EV-ACME-02244,ACEMDLE12TJ002244,CLI-00099,SUC-009,Panamá,Model E,2026
EV-ACME-02245,ACEMDLD19RE002245,CLI-00211,SUC-005,Colombia,Model D,2024
EV-ACME-02246,ACEMDLB16RA002246,CLI-00386,SUC-001,México,Model B,2024
EV-ACME-02247,ACEMDLA12SK002247,CLI-00026,SUC-010,Perú,Model A,2025
EV-ACME-02248,ACEMDLC16RJ002248,CLI-00867,SUC-009,Panamá,Model C,2024
EV-ACME-02249,ACEMDLF19SG002249,CLI-00393,SUC-007,Canadá,Model F,2025
EV-ACME-02250,ACEMDLD19TA002250,CLI-00654,SUC-001,México,Model D,2026
EV-ACME-02251,ACEMDLE10RA002251,CLI-00537,SUC-001,México,Model E,2024
EV-ACME-02252,ACEMDLE17RD002252,CLI-00605,SUC-004,Costa Rica,Model E,2024
EV-ACME-02253,ACEMDLA15SF002253,CLI-00071,SUC-006,Argentina,Model A,2025
EV-ACME-02254,ACEMDLA13RG002254,CLI-00393,SUC-007,Canadá,Model A,2024
EV-ACME-02255,ACEMDLD15TD002255,CLI-00920,SUC-004,Costa Rica,Model D,2026
EV-ACME-02256,ACEMDLA15SK002256,CLI-00750,SUC-010,Perú,Model A,2025
EV-ACME-02257,ACEMDLA14SK002257,CLI-00482,SUC-010,Perú,Model A,2025
EV-ACME-02258,ACEMDLA11SH002258,CLI-00089,SUC-008,Chile,Model A,2025
EV-ACME-02259,ACEMDLE12TE002259,CLI-00154,SUC-005,Colombia,Model E,2026
EV-ACME-02260,ACEMDLC11SE002260,CLI-00075,SUC-005,Colombia,Model C,2025
EV-ACME-02261,ACEMDLC15SE002261,CLI-00810,SUC-005,Colombia,Model C,2025
EV-ACME-02262,ACEMDLE12RC002262,CLI-00819,SUC-003,Honduras,Model E,2024
EV-ACME-02263,ACEMDLC14TJ002263,CLI-00434,SUC-009,Panamá,Model C,2026
EV-ACME-02264,ACEMDLA15RE002264,CLI-00054,SUC-005,Colombia,Model A,2024
EV-ACME-02265,ACEMDLE18RE002265,CLI-00303,SUC-005,Colombia,Model E,2024
EV-ACME-02266,ACEMDLF10SA002266,CLI-00299,SUC-001,México,Model F,2025
EV-ACME-02267,ACEMDLC10TC002267,CLI-00888,SUC-003,Honduras,Model C,2026
EV-ACME-02268,ACEMDLD12TC002268,CLI-00504,SUC-003,Honduras,Model D,2026
EV-ACME-02269,ACEMDLE17TK002269,CLI-00750,SUC-010,Perú,Model E,2026
EV-ACME-02270,ACEMDLA13SD002270,CLI-00363,SUC-004,Costa Rica,Model A,2025
EV-ACME-02271,ACEMDLE12TF002271,CLI-00903,SUC-006,Argentina,Model E,2026
EV-ACME-02272,ACEMDLF17RD002272,CLI-00383,SUC-004,Costa Rica,Model F,2024
EV-ACME-02273,ACEMDLC15RA002273,CLI-00207,SUC-001,México,Model C,2024
EV-ACME-02274,ACEMDLA11RF002274,CLI-00425,SUC-006,Argentina,Model A,2024
EV-ACME-02275,ACEMDLF11SF002275,CLI-00399,SUC-006,Argentina,Model F,2025
EV-ACME-02276,ACEMDLC15RB002276,CLI-00281,SUC-002,Guatemala,Model C,2024
EV-ACME-02277,ACEMDLD10RC002277,CLI-00976,SUC-003,Honduras,Model D,2024
EV-ACME-02278,ACEMDLB15TJ002278,CLI-00079,SUC-009,Panamá,Model B,2026
EV-ACME-02279,ACEMDLB18SD002279,CLI-00247,SUC-004,Costa Rica,Model B,2025
EV-ACME-02280,ACEMDLC14TF002280,CLI-00990,SUC-006,Argentina,Model C,2026
EV-ACME-02281,ACEMDLA13SE002281,CLI-00757,SUC-005,Colombia,Model A,2025
EV-ACME-02282,ACEMDLA15TK002282,CLI-00516,SUC-010,Perú,Model A,2026
EV-ACME-02283,ACEMDLC17TF002283,CLI-00456,SUC-006,Argentina,Model C,2026
EV-ACME-02284,ACEMDLF16SF002284,CLI-00014,SUC-006,Argentina,Model F,2025
EV-ACME-02285,ACEMDLA17TF002285,CLI-00978,SUC-006,Argentina,Model A,2026
EV-ACME-02286,ACEMDLC18TH002286,CLI-00118,SUC-008,Chile,Model C,2026
EV-ACME-02287,ACEMDLD12TJ002287,CLI-00313,SUC-009,Panamá,Model D,2026
EV-ACME-02288,ACEMDLD16RC002288,CLI-00432,SUC-003,Honduras,Model D,2024
EV-ACME-02289,ACEMDLD16RB002289,CLI-00653,SUC-002,Guatemala,Model D,2024
EV-ACME-02290,ACEMDLC17TG002290,CLI-00092,SUC-007,Canadá,Model C,2026
EV-ACME-02291,ACEMDLC12RK002291,CLI-00689,SUC-010,Perú,Model C,2024
EV-ACME-02292,ACEMDLE11SF002292,CLI-00796,SUC-006,Argentina,Model E,2025
EV-ACME-02293,ACEMDLB13TG002293,CLI-00206,SUC-007,Canadá,Model B,2026
EV-ACME-02294,ACEMDLA16RB002294,CLI-00907,SUC-002,Guatemala,Model A,2024
EV-ACME-02295,ACEMDLA15TD002295,CLI-00649,SUC-004,Costa Rica,Model A,2026
EV-ACME-02296,ACEMDLE18SJ002296,CLI-00902,SUC-009,Panamá,Model E,2025
EV-ACME-02297,ACEMDLC10RA002297,CLI-00010,SUC-001,México,Model C,2024
EV-ACME-02298,ACEMDLE15TG002298,CLI-00077,SUC-007,Canadá,Model E,2026
EV-ACME-02299,ACEMDLF10SA002299,CLI-00318,SUC-001,México,Model F,2025
EV-ACME-02300,ACEMDLF16RH002300,CLI-00018,SUC-008,Chile,Model F,2024
EV-ACME-02301,ACEMDLC13RJ002301,CLI-00364,SUC-009,Panamá,Model C,2024
EV-ACME-02302,ACEMDLC15SE002302,CLI-00167,SUC-005,Colombia,Model C,2025
EV-ACME-02303,ACEMDLD13TB002303,CLI-00284,SUC-002,Guatemala,Model D,2026
EV-ACME-02304,ACEMDLB15RH002304,CLI-00763,SUC-008,Chile,Model B,2024
EV-ACME-02305,ACEMDLA14RG002305,CLI-00111,SUC-007,Canadá,Model A,2024
EV-ACME-02306,ACEMDLA14TK002306,CLI-00710,SUC-010,Perú,Model A,2026
EV-ACME-02307,ACEMDLC17SC002307,CLI-00731,SUC-003,Honduras,Model C,2025
EV-ACME-02308,ACEMDLF15TK002308,CLI-00484,SUC-010,Perú,Model F,2026
EV-ACME-02309,ACEMDLB10SB002309,CLI-00988,SUC-002,Guatemala,Model B,2025
EV-ACME-02310,ACEMDLB10TC002310,CLI-00583,SUC-003,Honduras,Model B,2026
EV-ACME-02311,ACEMDLE14TF002311,CLI-00098,SUC-006,Argentina,Model E,2026
EV-ACME-02312,ACEMDLF18TD002312,CLI-00918,SUC-004,Costa Rica,Model F,2026
EV-ACME-02313,ACEMDLF17TJ002313,CLI-00615,SUC-009,Panamá,Model F,2026
EV-ACME-02314,ACEMDLA17SG002314,CLI-00111,SUC-007,Canadá,Model A,2025
EV-ACME-02315,ACEMDLC17SC002315,CLI-00764,SUC-003,Honduras,Model C,2025
EV-ACME-02316,ACEMDLB15RA002316,CLI-00558,SUC-001,México,Model B,2024
EV-ACME-02317,ACEMDLF12RC002317,CLI-00360,SUC-003,Honduras,Model F,2024
EV-ACME-02318,ACEMDLF11RD002318,CLI-00939,SUC-004,Costa Rica,Model F,2024
EV-ACME-02319,ACEMDLB19RC002319,CLI-00863,SUC-003,Honduras,Model B,2024
EV-ACME-02320,ACEMDLD15SB002320,CLI-00088,SUC-002,Guatemala,Model D,2025
EV-ACME-02321,ACEMDLE16SH002321,CLI-00508,SUC-008,Chile,Model E,2025
EV-ACME-02322,ACEMDLB13RK002322,CLI-00821,SUC-010,Perú,Model B,2024
EV-ACME-02323,ACEMDLD13SK002323,CLI-00068,SUC-010,Perú,Model D,2025
EV-ACME-02324,ACEMDLA18RJ002324,CLI-00334,SUC-009,Panamá,Model A,2024
EV-ACME-02325,ACEMDLC16TB002325,CLI-00676,SUC-002,Guatemala,Model C,2026
EV-ACME-02326,ACEMDLD13RF002326,CLI-00163,SUC-006,Argentina,Model D,2024
EV-ACME-02327,ACEMDLD12RF002327,CLI-00878,SUC-006,Argentina,Model D,2024
EV-ACME-02328,ACEMDLA18TA002328,CLI-00754,SUC-001,México,Model A,2026
EV-ACME-02329,ACEMDLF10RK002329,CLI-00543,SUC-010,Perú,Model F,2024
EV-ACME-02330,ACEMDLB14RA002330,CLI-00753,SUC-001,México,Model B,2024
EV-ACME-02331,ACEMDLE19RJ002331,CLI-00607,SUC-009,Panamá,Model E,2024
EV-ACME-02332,ACEMDLA13RA002332,CLI-00745,SUC-001,México,Model A,2024
EV-ACME-02333,ACEMDLD18RD002333,CLI-00517,SUC-004,Costa Rica,Model D,2024
EV-ACME-02334,ACEMDLC15RJ002334,CLI-00707,SUC-009,Panamá,Model C,2024
EV-ACME-02335,ACEMDLE18TH002335,CLI-00089,SUC-008,Chile,Model E,2026
EV-ACME-02336,ACEMDLC14TB002336,CLI-00640,SUC-002,Guatemala,Model C,2026
EV-ACME-02337,ACEMDLD11SB002337,CLI-00486,SUC-002,Guatemala,Model D,2025
EV-ACME-02338,ACEMDLD19TE002338,CLI-00032,SUC-005,Colombia,Model D,2026
EV-ACME-02339,ACEMDLF19SJ002339,CLI-00120,SUC-009,Panamá,Model F,2025
EV-ACME-02340,ACEMDLD11TJ002340,CLI-00864,SUC-009,Panamá,Model D,2026
EV-ACME-02341,ACEMDLC19SK002341,CLI-00001,SUC-010,Perú,Model C,2025
EV-ACME-02342,ACEMDLE19TA002342,CLI-00700,SUC-001,México,Model E,2026
EV-ACME-02343,ACEMDLA12TD002343,CLI-00570,SUC-004,Costa Rica,Model A,2026
EV-ACME-02344,ACEMDLC13RJ002344,CLI-00235,SUC-009,Panamá,Model C,2024
EV-ACME-02345,ACEMDLC16SK002345,CLI-00710,SUC-010,Perú,Model C,2025
EV-ACME-02346,ACEMDLA10SA002346,CLI-00082,SUC-001,México,Model A,2025
EV-ACME-02347,ACEMDLC10RC002347,CLI-00885,SUC-003,Honduras,Model C,2024
EV-ACME-02348,ACEMDLF10SB002348,CLI-00187,SUC-002,Guatemala,Model F,2025
EV-ACME-02349,ACEMDLD18TB002349,CLI-00839,SUC-002,Guatemala,Model D,2026
EV-ACME-02350,ACEMDLB12TH002350,CLI-00559,SUC-008,Chile,Model B,2026
EV-ACME-02351,ACEMDLF16RE002351,CLI-00344,SUC-005,Colombia,Model F,2024
EV-ACME-02352,ACEMDLA13TA002352,CLI-00553,SUC-001,México,Model A,2026
EV-ACME-02353,ACEMDLF19SF002353,CLI-00338,SUC-006,Argentina,Model F,2025
EV-ACME-02354,ACEMDLC12TB002354,CLI-00300,SUC-002,Guatemala,Model C,2026
EV-ACME-02355,ACEMDLA10SJ002355,CLI-00404,SUC-009,Panamá,Model A,2025
EV-ACME-02356,ACEMDLA10RE002356,CLI-00450,SUC-005,Colombia,Model A,2024
EV-ACME-02357,ACEMDLC17TH002357,CLI-00280,SUC-008,Chile,Model C,2026
EV-ACME-02358,ACEMDLC11SH002358,CLI-00385,SUC-008,Chile,Model C,2025
EV-ACME-02359,ACEMDLE12SF002359,CLI-00459,SUC-006,Argentina,Model E,2025
EV-ACME-02360,ACEMDLB18TG002360,CLI-00448,SUC-007,Canadá,Model B,2026
EV-ACME-02361,ACEMDLF14SG002361,CLI-00294,SUC-007,Canadá,Model F,2025
EV-ACME-02362,ACEMDLB10RG002362,CLI-00554,SUC-007,Canadá,Model B,2024
EV-ACME-02363,ACEMDLC12SF002363,CLI-00824,SUC-006,Argentina,Model C,2025
EV-ACME-02364,ACEMDLC15TB002364,CLI-00139,SUC-002,Guatemala,Model C,2026
EV-ACME-02365,ACEMDLD15RB002365,CLI-00652,SUC-002,Guatemala,Model D,2024
EV-ACME-02366,ACEMDLE18SF002366,CLI-00095,SUC-006,Argentina,Model E,2025
EV-ACME-02367,ACEMDLA17SA002367,CLI-00844,SUC-001,México,Model A,2025
EV-ACME-02368,ACEMDLE14RF002368,CLI-00812,SUC-006,Argentina,Model E,2024
EV-ACME-02369,ACEMDLE13SE002369,CLI-00451,SUC-005,Colombia,Model E,2025
EV-ACME-02370,ACEMDLE10TC002370,CLI-00888,SUC-003,Honduras,Model E,2026
EV-ACME-02371,ACEMDLF18TF002371,CLI-00459,SUC-006,Argentina,Model F,2026
EV-ACME-02372,ACEMDLF18SG002372,CLI-00639,SUC-007,Canadá,Model F,2025
EV-ACME-02373,ACEMDLA14RJ002373,CLI-00072,SUC-009,Panamá,Model A,2024
EV-ACME-02374,ACEMDLF16SA002374,CLI-00443,SUC-001,México,Model F,2025
EV-ACME-02375,ACEMDLD18TH002375,CLI-00343,SUC-008,Chile,Model D,2026
EV-ACME-02376,ACEMDLE16TD002376,CLI-00428,SUC-004,Costa Rica,Model E,2026
EV-ACME-02377,ACEMDLA18SK002377,CLI-00097,SUC-010,Perú,Model A,2025
EV-ACME-02378,ACEMDLB16SG002378,CLI-00212,SUC-007,Canadá,Model B,2025
EV-ACME-02379,ACEMDLD19RJ002379,CLI-00049,SUC-009,Panamá,Model D,2024
EV-ACME-02380,ACEMDLD13RB002380,CLI-00196,SUC-002,Guatemala,Model D,2024
EV-ACME-02381,ACEMDLB10TC002381,CLI-00731,SUC-003,Honduras,Model B,2026
EV-ACME-02382,ACEMDLF18TH002382,CLI-00314,SUC-008,Chile,Model F,2026
EV-ACME-02383,ACEMDLE13SJ002383,CLI-00127,SUC-009,Panamá,Model E,2025
EV-ACME-02384,ACEMDLD13TA002384,CLI-00814,SUC-001,México,Model D,2026
EV-ACME-02385,ACEMDLD11RE002385,CLI-00043,SUC-005,Colombia,Model D,2024
EV-ACME-02386,ACEMDLB16SG002386,CLI-00539,SUC-007,Canadá,Model B,2025
EV-ACME-02387,ACEMDLC13SD002387,CLI-00959,SUC-004,Costa Rica,Model C,2025
EV-ACME-02388,ACEMDLD18RC002388,CLI-00915,SUC-003,Honduras,Model D,2024
EV-ACME-02389,ACEMDLE11SC002389,CLI-00263,SUC-003,Honduras,Model E,2025
EV-ACME-02390,ACEMDLB18TA002390,CLI-00537,SUC-001,México,Model B,2026
EV-ACME-02391,ACEMDLC17TG002391,CLI-00760,SUC-007,Canadá,Model C,2026
EV-ACME-02392,ACEMDLF16RK002392,CLI-00811,SUC-010,Perú,Model F,2024
EV-ACME-02393,ACEMDLA11TG002393,CLI-00679,SUC-007,Canadá,Model A,2026
EV-ACME-02394,ACEMDLA13SB002394,CLI-00187,SUC-002,Guatemala,Model A,2025
EV-ACME-02395,ACEMDLD19RK002395,CLI-00733,SUC-010,Perú,Model D,2024
EV-ACME-02396,ACEMDLB13TK002396,CLI-00409,SUC-010,Perú,Model B,2026
EV-ACME-02397,ACEMDLC18RD002397,CLI-00787,SUC-004,Costa Rica,Model C,2024
EV-ACME-02398,ACEMDLB11TB002398,CLI-00603,SUC-002,Guatemala,Model B,2026
EV-ACME-02399,ACEMDLB18TK002399,CLI-00746,SUC-010,Perú,Model B,2026
EV-ACME-02400,ACEMDLF15TF002400,CLI-00507,SUC-006,Argentina,Model F,2026
EV-ACME-02401,ACEMDLF19SJ002401,CLI-00834,SUC-009,Panamá,Model F,2025
EV-ACME-02402,ACEMDLA15TF002402,CLI-00425,SUC-006,Argentina,Model A,2026
EV-ACME-02403,ACEMDLF10SJ002403,CLI-00408,SUC-009,Panamá,Model F,2025
EV-ACME-02404,ACEMDLD14TF002404,CLI-00105,SUC-006,Argentina,Model D,2026
EV-ACME-02405,ACEMDLB16TJ002405,CLI-00060,SUC-009,Panamá,Model B,2026
EV-ACME-02406,ACEMDLD12TG002406,CLI-00620,SUC-007,Canadá,Model D,2026
EV-ACME-02407,ACEMDLB15SK002407,CLI-00714,SUC-010,Perú,Model B,2025
EV-ACME-02408,ACEMDLA11SE002408,CLI-00238,SUC-005,Colombia,Model A,2025
EV-ACME-02409,ACEMDLF19SK002409,CLI-00446,SUC-010,Perú,Model F,2025
EV-ACME-02410,ACEMDLC11SE002410,CLI-00190,SUC-005,Colombia,Model C,2025
EV-ACME-02411,ACEMDLB11TF002411,CLI-00530,SUC-006,Argentina,Model B,2026
EV-ACME-02412,ACEMDLB17SC002412,CLI-00699,SUC-003,Honduras,Model B,2025
EV-ACME-02413,ACEMDLB10SC002413,CLI-00494,SUC-003,Honduras,Model B,2025
EV-ACME-02414,ACEMDLD19RK002414,CLI-00410,SUC-010,Perú,Model D,2024
EV-ACME-02415,ACEMDLC17TB002415,CLI-00012,SUC-002,Guatemala,Model C,2026
EV-ACME-02416,ACEMDLF13RB002416,CLI-00653,SUC-002,Guatemala,Model F,2024
EV-ACME-02417,ACEMDLA17TA002417,CLI-00208,SUC-001,México,Model A,2026
EV-ACME-02418,ACEMDLC19SH002418,CLI-00715,SUC-008,Chile,Model C,2025
EV-ACME-02419,ACEMDLD17RH002419,CLI-00657,SUC-008,Chile,Model D,2024
EV-ACME-02420,ACEMDLD11SC002420,CLI-00442,SUC-003,Honduras,Model D,2025
EV-ACME-02421,ACEMDLD14TB002421,CLI-00429,SUC-002,Guatemala,Model D,2026
EV-ACME-02422,ACEMDLD13TA002422,CLI-00604,SUC-001,México,Model D,2026
EV-ACME-02423,ACEMDLC17TD002423,CLI-00070,SUC-004,Costa Rica,Model C,2026
EV-ACME-02424,ACEMDLA13TC002424,CLI-00937,SUC-003,Honduras,Model A,2026
EV-ACME-02425,ACEMDLE17SA002425,CLI-00660,SUC-001,México,Model E,2025
EV-ACME-02426,ACEMDLA16TG002426,CLI-00465,SUC-007,Canadá,Model A,2026
EV-ACME-02427,ACEMDLF19SF002427,CLI-00878,SUC-006,Argentina,Model F,2025
EV-ACME-02428,ACEMDLD13TB002428,CLI-00239,SUC-002,Guatemala,Model D,2026
EV-ACME-02429,ACEMDLB15TE002429,CLI-00579,SUC-005,Colombia,Model B,2026
EV-ACME-02430,ACEMDLD10RH002430,CLI-00073,SUC-008,Chile,Model D,2024
EV-ACME-02431,ACEMDLB13RK002431,CLI-00489,SUC-010,Perú,Model B,2024
EV-ACME-02432,ACEMDLC15TJ002432,CLI-00684,SUC-009,Panamá,Model C,2026
EV-ACME-02433,ACEMDLF15RJ002433,CLI-00950,SUC-009,Panamá,Model F,2024
EV-ACME-02434,ACEMDLA18TH002434,CLI-00736,SUC-008,Chile,Model A,2026
EV-ACME-02435,ACEMDLA14SG002435,CLI-00560,SUC-007,Canadá,Model A,2025
EV-ACME-02436,ACEMDLB18TA002436,CLI-00332,SUC-001,México,Model B,2026
EV-ACME-02437,ACEMDLC10RE002437,CLI-00394,SUC-005,Colombia,Model C,2024
EV-ACME-02438,ACEMDLE18RH002438,CLI-00205,SUC-008,Chile,Model E,2024
EV-ACME-02439,ACEMDLE15SA002439,CLI-00057,SUC-001,México,Model E,2025
EV-ACME-02440,ACEMDLA14SJ002440,CLI-00724,SUC-009,Panamá,Model A,2025
EV-ACME-02441,ACEMDLE18SK002441,CLI-00409,SUC-010,Perú,Model E,2025
EV-ACME-02442,ACEMDLC10TK002442,CLI-00565,SUC-010,Perú,Model C,2026
EV-ACME-02443,ACEMDLA13SJ002443,CLI-00150,SUC-009,Panamá,Model A,2025
EV-ACME-02444,ACEMDLE15SF002444,CLI-00723,SUC-006,Argentina,Model E,2025
EV-ACME-02445,ACEMDLC11SA002445,CLI-00034,SUC-001,México,Model C,2025
EV-ACME-02446,ACEMDLA14RE002446,CLI-00075,SUC-005,Colombia,Model A,2024
EV-ACME-02447,ACEMDLA18TD002447,CLI-00240,SUC-004,Costa Rica,Model A,2026
EV-ACME-02448,ACEMDLF14RF002448,CLI-00241,SUC-006,Argentina,Model F,2024
EV-ACME-02449,ACEMDLA17RB002449,CLI-00429,SUC-002,Guatemala,Model A,2024
EV-ACME-02450,ACEMDLF12SK002450,CLI-00131,SUC-010,Perú,Model F,2025
EV-ACME-02451,ACEMDLB15TE002451,CLI-00043,SUC-005,Colombia,Model B,2026
EV-ACME-02452,ACEMDLE16SK002452,CLI-00638,SUC-010,Perú,Model E,2025
EV-ACME-02453,ACEMDLC10TF002453,CLI-00459,SUC-006,Argentina,Model C,2026
EV-ACME-02454,ACEMDLC11TC002454,CLI-00320,SUC-003,Honduras,Model C,2026
EV-ACME-02455,ACEMDLE15RC002455,CLI-00253,SUC-003,Honduras,Model E,2024
EV-ACME-02456,ACEMDLD12RH002456,CLI-00109,SUC-008,Chile,Model D,2024
EV-ACME-02457,ACEMDLE16RB002457,CLI-00509,SUC-002,Guatemala,Model E,2024
EV-ACME-02458,ACEMDLF11RH002458,CLI-00781,SUC-008,Chile,Model F,2024
EV-ACME-02459,ACEMDLA14TE002459,CLI-00290,SUC-005,Colombia,Model A,2026
EV-ACME-02460,ACEMDLF11RA002460,CLI-00625,SUC-001,México,Model F,2024
EV-ACME-02461,ACEMDLF17TK002461,CLI-00641,SUC-010,Perú,Model F,2026
EV-ACME-02462,ACEMDLF11TD002462,CLI-00859,SUC-004,Costa Rica,Model F,2026
EV-ACME-02463,ACEMDLD16TA002463,CLI-00889,SUC-001,México,Model D,2026
EV-ACME-02464,ACEMDLE15TK002464,CLI-00960,SUC-010,Perú,Model E,2026
EV-ACME-02465,ACEMDLE14TJ002465,CLI-00596,SUC-009,Panamá,Model E,2026
EV-ACME-02466,ACEMDLD15SC002466,CLI-00230,SUC-003,Honduras,Model D,2025
EV-ACME-02467,ACEMDLA12RD002467,CLI-00570,SUC-004,Costa Rica,Model A,2024
EV-ACME-02468,ACEMDLE11TE002468,CLI-00897,SUC-005,Colombia,Model E,2026
EV-ACME-02469,ACEMDLD15SC002469,CLI-00800,SUC-003,Honduras,Model D,2025
EV-ACME-02470,ACEMDLC16SA002470,CLI-00697,SUC-001,México,Model C,2025
EV-ACME-02471,ACEMDLA18TE002471,CLI-00727,SUC-005,Colombia,Model A,2026
EV-ACME-02472,ACEMDLF18SK002472,CLI-00302,SUC-010,Perú,Model F,2025
EV-ACME-02473,ACEMDLC19SE002473,CLI-00797,SUC-005,Colombia,Model C,2025
EV-ACME-02474,ACEMDLE18RC002474,CLI-00818,SUC-003,Honduras,Model E,2024
EV-ACME-02475,ACEMDLE14TF002475,CLI-00492,SUC-006,Argentina,Model E,2026
EV-ACME-02476,ACEMDLA13TJ002476,CLI-00717,SUC-009,Panamá,Model A,2026
EV-ACME-02477,ACEMDLE17RE002477,CLI-00663,SUC-005,Colombia,Model E,2024
EV-ACME-02478,ACEMDLA19RB002478,CLI-00997,SUC-002,Guatemala,Model A,2024
EV-ACME-02479,ACEMDLD12RH002479,CLI-00736,SUC-008,Chile,Model D,2024
EV-ACME-02480,ACEMDLF18SB002480,CLI-00438,SUC-002,Guatemala,Model F,2025
EV-ACME-02481,ACEMDLF12TD002481,CLI-00475,SUC-004,Costa Rica,Model F,2026
EV-ACME-02482,ACEMDLC11SG002482,CLI-00035,SUC-007,Canadá,Model C,2025
EV-ACME-02483,ACEMDLD10TJ002483,CLI-00701,SUC-009,Panamá,Model D,2026
EV-ACME-02484,ACEMDLF17TK002484,CLI-00149,SUC-010,Perú,Model F,2026
EV-ACME-02485,ACEMDLF19RJ002485,CLI-00566,SUC-009,Panamá,Model F,2024
EV-ACME-02486,ACEMDLF16TJ002486,CLI-00707,SUC-009,Panamá,Model F,2026
EV-ACME-02487,ACEMDLB18TF002487,CLI-00011,SUC-006,Argentina,Model B,2026
EV-ACME-02488,ACEMDLE14SC002488,CLI-00841,SUC-003,Honduras,Model E,2025
EV-ACME-02489,ACEMDLB17SK002489,CLI-00855,SUC-010,Perú,Model B,2025
EV-ACME-02490,ACEMDLD15SE002490,CLI-00065,SUC-005,Colombia,Model D,2025
EV-ACME-02491,ACEMDLA18RJ002491,CLI-00834,SUC-009,Panamá,Model A,2024
EV-ACME-02492,ACEMDLE18SA002492,CLI-00537,SUC-001,México,Model E,2025
EV-ACME-02493,ACEMDLB11TB002493,CLI-00981,SUC-002,Guatemala,Model B,2026
EV-ACME-02494,ACEMDLA10TC002494,CLI-00316,SUC-003,Honduras,Model A,2026
EV-ACME-02495,ACEMDLD14SD002495,CLI-00240,SUC-004,Costa Rica,Model D,2025
EV-ACME-02496,ACEMDLE15RG002496,CLI-00762,SUC-007,Canadá,Model E,2024
EV-ACME-02497,ACEMDLE11TH002497,CLI-00736,SUC-008,Chile,Model E,2026
EV-ACME-02498,ACEMDLD19RF002498,CLI-00305,SUC-006,Argentina,Model D,2024
EV-ACME-02499,ACEMDLD19RJ002499,CLI-00313,SUC-009,Panamá,Model D,2024
EV-ACME-02500,ACEMDLB18SB002500,CLI-00652,SUC-002,Guatemala,Model B,2025
EV-ACME-02501,ACEMDLA17TE002501,CLI-00552,SUC-005,Colombia,Model A,2026
EV-ACME-02502,ACEMDLC19SF002502,CLI-00685,SUC-006,Argentina,Model C,2025
EV-ACME-02503,ACEMDLB15TA002503,CLI-00553,SUC-001,México,Model B,2026
EV-ACME-02504,ACEMDLC13TD002504,CLI-00779,SUC-004,Costa Rica,Model C,2026
EV-ACME-02505,ACEMDLD13TF002505,CLI-00792,SUC-006,Argentina,Model D,2026
EV-ACME-02506,ACEMDLC19SA002506,CLI-00992,SUC-001,México,Model C,2025
EV-ACME-02507,ACEMDLA12TC002507,CLI-00176,SUC-003,Honduras,Model A,2026
EV-ACME-02508,ACEMDLB15RF002508,CLI-00350,SUC-006,Argentina,Model B,2024
EV-ACME-02509,ACEMDLE15RD002509,CLI-00070,SUC-004,Costa Rica,Model E,2024
EV-ACME-02510,ACEMDLE17TE002510,CLI-00167,SUC-005,Colombia,Model E,2026
EV-ACME-02511,ACEMDLE14SH002511,CLI-00502,SUC-008,Chile,Model E,2025
EV-ACME-02512,ACEMDLA13SC002512,CLI-00039,SUC-003,Honduras,Model A,2025
EV-ACME-02513,ACEMDLF17TA002513,CLI-00315,SUC-001,México,Model F,2026
EV-ACME-02514,ACEMDLB16RE002514,CLI-00246,SUC-005,Colombia,Model B,2024
EV-ACME-02515,ACEMDLB13TG002515,CLI-00928,SUC-007,Canadá,Model B,2026
EV-ACME-02516,ACEMDLE15RD002516,CLI-00237,SUC-004,Costa Rica,Model E,2024
EV-ACME-02517,ACEMDLE17TK002517,CLI-00641,SUC-010,Perú,Model E,2026
EV-ACME-02518,ACEMDLF14RG002518,CLI-00840,SUC-007,Canadá,Model F,2024
EV-ACME-02519,ACEMDLE16TB002519,CLI-00486,SUC-002,Guatemala,Model E,2026
EV-ACME-02520,ACEMDLF12TD002520,CLI-00784,SUC-004,Costa Rica,Model F,2026
EV-ACME-02521,ACEMDLD14TJ002521,CLI-00982,SUC-009,Panamá,Model D,2026
EV-ACME-02522,ACEMDLB19SE002522,CLI-00953,SUC-005,Colombia,Model B,2025
EV-ACME-02523,ACEMDLF13TE002523,CLI-00847,SUC-005,Colombia,Model F,2026
EV-ACME-02524,ACEMDLD14TK002524,CLI-00094,SUC-010,Perú,Model D,2026
EV-ACME-02525,ACEMDLA11TE002525,CLI-00220,SUC-005,Colombia,Model A,2026
EV-ACME-02526,ACEMDLC17TF002526,CLI-00687,SUC-006,Argentina,Model C,2026
EV-ACME-02527,ACEMDLC11RA002527,CLI-00025,SUC-001,México,Model C,2024
EV-ACME-02528,ACEMDLA17SE002528,CLI-00574,SUC-005,Colombia,Model A,2025
EV-ACME-02529,ACEMDLA16RK002529,CLI-00461,SUC-010,Perú,Model A,2024
EV-ACME-02530,ACEMDLB10RF002530,CLI-00668,SUC-006,Argentina,Model B,2024
EV-ACME-02531,ACEMDLE16SE002531,CLI-00926,SUC-005,Colombia,Model E,2025
EV-ACME-02532,ACEMDLF17TB002532,CLI-00100,SUC-002,Guatemala,Model F,2026
EV-ACME-02533,ACEMDLA15RG002533,CLI-00740,SUC-007,Canadá,Model A,2024
EV-ACME-02534,ACEMDLB12RF002534,CLI-00317,SUC-006,Argentina,Model B,2024
EV-ACME-02535,ACEMDLD17SH002535,CLI-00073,SUC-008,Chile,Model D,2025
EV-ACME-02536,ACEMDLD16RA002536,CLI-00293,SUC-001,México,Model D,2024
EV-ACME-02537,ACEMDLA13RH002537,CLI-00538,SUC-008,Chile,Model A,2024
EV-ACME-02538,ACEMDLC16SG002538,CLI-00288,SUC-007,Canadá,Model C,2025
EV-ACME-02539,ACEMDLA15RB002539,CLI-00698,SUC-002,Guatemala,Model A,2024
EV-ACME-02540,ACEMDLC18RF002540,CLI-00014,SUC-006,Argentina,Model C,2024
EV-ACME-02541,ACEMDLE17TA002541,CLI-00234,SUC-001,México,Model E,2026
EV-ACME-02542,ACEMDLA11RC002542,CLI-00875,SUC-003,Honduras,Model A,2024
EV-ACME-02543,ACEMDLE19RJ002543,CLI-00371,SUC-009,Panamá,Model E,2024
EV-ACME-02544,ACEMDLB14TC002544,CLI-00583,SUC-003,Honduras,Model B,2026
EV-ACME-02545,ACEMDLD14RJ002545,CLI-00982,SUC-009,Panamá,Model D,2024
EV-ACME-02546,ACEMDLD16SH002546,CLI-00780,SUC-008,Chile,Model D,2025
EV-ACME-02547,ACEMDLA16SE002547,CLI-00788,SUC-005,Colombia,Model A,2025
EV-ACME-02548,ACEMDLB11TC002548,CLI-00472,SUC-003,Honduras,Model B,2026
EV-ACME-02549,ACEMDLB17TH002549,CLI-00861,SUC-008,Chile,Model B,2026
EV-ACME-02550,ACEMDLD10SB002550,CLI-00616,SUC-002,Guatemala,Model D,2025
EV-ACME-02551,ACEMDLB16SF002551,CLI-00686,SUC-006,Argentina,Model B,2025
EV-ACME-02552,ACEMDLA13RG002552,CLI-00144,SUC-007,Canadá,Model A,2024
EV-ACME-02553,ACEMDLD18SA002553,CLI-00700,SUC-001,México,Model D,2025
EV-ACME-02554,ACEMDLE13TD002554,CLI-00297,SUC-004,Costa Rica,Model E,2026
EV-ACME-02555,ACEMDLF15SB002555,CLI-00080,SUC-002,Guatemala,Model F,2025
EV-ACME-02556,ACEMDLA19SB002556,CLI-00774,SUC-002,Guatemala,Model A,2025
EV-ACME-02557,ACEMDLA18TF002557,CLI-00338,SUC-006,Argentina,Model A,2026
EV-ACME-02558,ACEMDLF18SJ002558,CLI-00406,SUC-009,Panamá,Model F,2025
EV-ACME-02559,ACEMDLA18TH002559,CLI-00021,SUC-008,Chile,Model A,2026
EV-ACME-02560,ACEMDLB11SG002560,CLI-00019,SUC-007,Canadá,Model B,2025
EV-ACME-02561,ACEMDLC13RJ002561,CLI-00707,SUC-009,Panamá,Model C,2024
EV-ACME-02562,ACEMDLB15RD002562,CLI-00422,SUC-004,Costa Rica,Model B,2024
EV-ACME-02563,ACEMDLB14TB002563,CLI-00651,SUC-002,Guatemala,Model B,2026
EV-ACME-02564,ACEMDLF18TC002564,CLI-00391,SUC-003,Honduras,Model F,2026
EV-ACME-02565,ACEMDLF10TC002565,CLI-00510,SUC-003,Honduras,Model F,2026
EV-ACME-02566,ACEMDLC12SK002566,CLI-00203,SUC-010,Perú,Model C,2025
EV-ACME-02567,ACEMDLF13TB002567,CLI-00962,SUC-002,Guatemala,Model F,2026
EV-ACME-02568,ACEMDLC15RF002568,CLI-00359,SUC-006,Argentina,Model C,2024
EV-ACME-02569,ACEMDLD16SK002569,CLI-00542,SUC-010,Perú,Model D,2025
EV-ACME-02570,ACEMDLB13RK002570,CLI-00213,SUC-010,Perú,Model B,2024
EV-ACME-02571,ACEMDLF16SA002571,CLI-00261,SUC-001,México,Model F,2025
EV-ACME-02572,ACEMDLE13RD002572,CLI-00125,SUC-004,Costa Rica,Model E,2024
EV-ACME-02573,ACEMDLA11TG002573,CLI-00629,SUC-007,Canadá,Model A,2026
EV-ACME-02574,ACEMDLE18RD002574,CLI-00262,SUC-004,Costa Rica,Model E,2024
EV-ACME-02575,ACEMDLE11SB002575,CLI-00108,SUC-002,Guatemala,Model E,2025
EV-ACME-02576,ACEMDLF14RK002576,CLI-00328,SUC-010,Perú,Model F,2024
EV-ACME-02577,ACEMDLE15SC002577,CLI-00650,SUC-003,Honduras,Model E,2025
EV-ACME-02578,ACEMDLC14SC002578,CLI-00415,SUC-003,Honduras,Model C,2025
EV-ACME-02579,ACEMDLB14RE002579,CLI-00048,SUC-005,Colombia,Model B,2024
EV-ACME-02580,ACEMDLD16TA002580,CLI-00580,SUC-001,México,Model D,2026
EV-ACME-02581,ACEMDLC17SH002581,CLI-00769,SUC-008,Chile,Model C,2025
EV-ACME-02582,ACEMDLB19RK002582,CLI-00542,SUC-010,Perú,Model B,2024
EV-ACME-02583,ACEMDLF10TD002583,CLI-00135,SUC-004,Costa Rica,Model F,2026
EV-ACME-02584,ACEMDLD17SK002584,CLI-00461,SUC-010,Perú,Model D,2025
EV-ACME-02585,ACEMDLC17TJ002585,CLI-00256,SUC-009,Panamá,Model C,2026
EV-ACME-02586,ACEMDLB13RA002586,CLI-00580,SUC-001,México,Model B,2024
EV-ACME-02587,ACEMDLD13RC002587,CLI-00691,SUC-003,Honduras,Model D,2024
EV-ACME-02588,ACEMDLE10RD002588,CLI-00683,SUC-004,Costa Rica,Model E,2024
EV-ACME-02589,ACEMDLD19SC002589,CLI-00444,SUC-003,Honduras,Model D,2025
EV-ACME-02590,ACEMDLF19TB002590,CLI-00790,SUC-002,Guatemala,Model F,2026
EV-ACME-02591,ACEMDLD16SH002591,CLI-00515,SUC-008,Chile,Model D,2025
EV-ACME-02592,ACEMDLB19TG002592,CLI-00019,SUC-007,Canadá,Model B,2026
EV-ACME-02593,ACEMDLF11TG002593,CLI-00467,SUC-007,Canadá,Model F,2026
EV-ACME-02594,ACEMDLF15TK002594,CLI-00587,SUC-010,Perú,Model F,2026
EV-ACME-02595,ACEMDLC18SJ002595,CLI-00371,SUC-009,Panamá,Model C,2025
EV-ACME-02596,ACEMDLB18SE002596,CLI-00065,SUC-005,Colombia,Model B,2025
EV-ACME-02597,ACEMDLB19RD002597,CLI-00683,SUC-004,Costa Rica,Model B,2024
EV-ACME-02598,ACEMDLD11RF002598,CLI-00911,SUC-006,Argentina,Model D,2024
EV-ACME-02599,ACEMDLC17RK002599,CLI-00932,SUC-010,Perú,Model C,2024
EV-ACME-02600,ACEMDLC10RF002600,CLI-00735,SUC-006,Argentina,Model C,2024
EV-ACME-02601,ACEMDLE10SJ002601,CLI-00487,SUC-009,Panamá,Model E,2025
EV-ACME-02602,ACEMDLE14RJ002602,CLI-00942,SUC-009,Panamá,Model E,2024
EV-ACME-02603,ACEMDLE11SE002603,CLI-00290,SUC-005,Colombia,Model E,2025
EV-ACME-02604,ACEMDLA16RF002604,CLI-00956,SUC-006,Argentina,Model A,2024
EV-ACME-02605,ACEMDLD10TK002605,CLI-00094,SUC-010,Perú,Model D,2026
EV-ACME-02606,ACEMDLE14TE002606,CLI-00479,SUC-005,Colombia,Model E,2026
EV-ACME-02607,ACEMDLD14SD002607,CLI-00605,SUC-004,Costa Rica,Model D,2025
EV-ACME-02608,ACEMDLC18RJ002608,CLI-00940,SUC-009,Panamá,Model C,2024
EV-ACME-02609,ACEMDLD18SB002609,CLI-00429,SUC-002,Guatemala,Model D,2025
EV-ACME-02610,ACEMDLC13SC002610,CLI-00595,SUC-003,Honduras,Model C,2025
EV-ACME-02611,ACEMDLD14TG002611,CLI-00555,SUC-007,Canadá,Model D,2026
EV-ACME-02612,ACEMDLC19RF002612,CLI-00146,SUC-006,Argentina,Model C,2024
EV-ACME-02613,ACEMDLA16SB002613,CLI-00424,SUC-002,Guatemala,Model A,2025
EV-ACME-02614,ACEMDLB19SD002614,CLI-00148,SUC-004,Costa Rica,Model B,2025
EV-ACME-02615,ACEMDLE14TA002615,CLI-00614,SUC-001,México,Model E,2026
EV-ACME-02616,ACEMDLA11TD002616,CLI-00240,SUC-004,Costa Rica,Model A,2026
EV-ACME-02617,ACEMDLE11RA002617,CLI-00287,SUC-001,México,Model E,2024
EV-ACME-02618,ACEMDLF10SJ002618,CLI-00379,SUC-009,Panamá,Model F,2025
EV-ACME-02619,ACEMDLD10SC002619,CLI-00888,SUC-003,Honduras,Model D,2025
EV-ACME-02620,ACEMDLC15TG002620,CLI-00465,SUC-007,Canadá,Model C,2026
EV-ACME-02621,ACEMDLC17TB002621,CLI-00424,SUC-002,Guatemala,Model C,2026
EV-ACME-02622,ACEMDLC17RD002622,CLI-00174,SUC-004,Costa Rica,Model C,2024
EV-ACME-02623,ACEMDLE12SJ002623,CLI-00202,SUC-009,Panamá,Model E,2025
EV-ACME-02624,ACEMDLD12TJ002624,CLI-00942,SUC-009,Panamá,Model D,2026
EV-ACME-02625,ACEMDLA11RC002625,CLI-00230,SUC-003,Honduras,Model A,2024
EV-ACME-02626,ACEMDLC18TB002626,CLI-00988,SUC-002,Guatemala,Model C,2026
EV-ACME-02627,ACEMDLF12RK002627,CLI-00064,SUC-010,Perú,Model F,2024
EV-ACME-02628,ACEMDLD14SA002628,CLI-00853,SUC-001,México,Model D,2025
EV-ACME-02629,ACEMDLC16RD002629,CLI-00787,SUC-004,Costa Rica,Model C,2024
EV-ACME-02630,ACEMDLB17TK002630,CLI-00718,SUC-010,Perú,Model B,2026
EV-ACME-02631,ACEMDLC18SA002631,CLI-00207,SUC-001,México,Model C,2025
EV-ACME-02632,ACEMDLE12SF002632,CLI-00751,SUC-006,Argentina,Model E,2025
EV-ACME-02633,ACEMDLC15SK002633,CLI-00446,SUC-010,Perú,Model C,2025
EV-ACME-02634,ACEMDLF16TE002634,CLI-00043,SUC-005,Colombia,Model F,2026
EV-ACME-02635,ACEMDLB19TA002635,CLI-00814,SUC-001,México,Model B,2026
EV-ACME-02636,ACEMDLD16TA002636,CLI-00931,SUC-001,México,Model D,2026
EV-ACME-02637,ACEMDLF19SD002637,CLI-00051,SUC-004,Costa Rica,Model F,2025
EV-ACME-02638,ACEMDLA14RK002638,CLI-00311,SUC-010,Perú,Model A,2024
EV-ACME-02639,ACEMDLC16RG002639,CLI-00294,SUC-007,Canadá,Model C,2024
EV-ACME-02640,ACEMDLE14TJ002640,CLI-00586,SUC-009,Panamá,Model E,2026
EV-ACME-02641,ACEMDLD12TC002641,CLI-00504,SUC-003,Honduras,Model D,2026
EV-ACME-02642,ACEMDLA18TE002642,CLI-00295,SUC-005,Colombia,Model A,2026
EV-ACME-02643,ACEMDLF11TH002643,CLI-00138,SUC-008,Chile,Model F,2026
EV-ACME-02644,ACEMDLF18SE002644,CLI-00211,SUC-005,Colombia,Model F,2025
EV-ACME-02645,ACEMDLC18TE002645,CLI-00373,SUC-005,Colombia,Model C,2026
EV-ACME-02646,ACEMDLB13SB002646,CLI-00509,SUC-002,Guatemala,Model B,2025
EV-ACME-02647,ACEMDLD17RB002647,CLI-00003,SUC-002,Guatemala,Model D,2024
EV-ACME-02648,ACEMDLA16SC002648,CLI-00357,SUC-003,Honduras,Model A,2025
EV-ACME-02649,ACEMDLA12TD002649,CLI-00649,SUC-004,Costa Rica,Model A,2026
EV-ACME-02650,ACEMDLC16SK002650,CLI-00351,SUC-010,Perú,Model C,2025
EV-ACME-02651,ACEMDLE12SB002651,CLI-00390,SUC-002,Guatemala,Model E,2025
EV-ACME-02652,ACEMDLE15SG002652,CLI-00934,SUC-007,Canadá,Model E,2025
EV-ACME-02653,ACEMDLE18SJ002653,CLI-00963,SUC-009,Panamá,Model E,2025
EV-ACME-02654,ACEMDLB13RE002654,CLI-00165,SUC-005,Colombia,Model B,2024
EV-ACME-02655,ACEMDLD10TF002655,CLI-00116,SUC-006,Argentina,Model D,2026
EV-ACME-02656,ACEMDLC10SD002656,CLI-00561,SUC-004,Costa Rica,Model C,2025
EV-ACME-02657,ACEMDLC17RJ002657,CLI-00389,SUC-009,Panamá,Model C,2024
EV-ACME-02658,ACEMDLF16SC002658,CLI-00038,SUC-003,Honduras,Model F,2025
EV-ACME-02659,ACEMDLB18SK002659,CLI-00912,SUC-010,Perú,Model B,2025
EV-ACME-02660,ACEMDLE18SD002660,CLI-00069,SUC-004,Costa Rica,Model E,2025
EV-ACME-02661,ACEMDLA19TJ002661,CLI-00112,SUC-009,Panamá,Model A,2026
EV-ACME-02662,ACEMDLD19RD002662,CLI-00151,SUC-004,Costa Rica,Model D,2024
EV-ACME-02663,ACEMDLE10TD002663,CLI-00327,SUC-004,Costa Rica,Model E,2026
EV-ACME-02664,ACEMDLD11RE002664,CLI-00663,SUC-005,Colombia,Model D,2024
EV-ACME-02665,ACEMDLE18SK002665,CLI-00789,SUC-010,Perú,Model E,2025
EV-ACME-02666,ACEMDLD17TE002666,CLI-00224,SUC-005,Colombia,Model D,2026
EV-ACME-02667,ACEMDLA18RA002667,CLI-00992,SUC-001,México,Model A,2024
EV-ACME-02668,ACEMDLE19RG002668,CLI-00674,SUC-007,Canadá,Model E,2024
EV-ACME-02669,ACEMDLB15TD002669,CLI-00784,SUC-004,Costa Rica,Model B,2026
EV-ACME-02670,ACEMDLE19TJ002670,CLI-00864,SUC-009,Panamá,Model E,2026
EV-ACME-02671,ACEMDLE18RE002671,CLI-00154,SUC-005,Colombia,Model E,2024
EV-ACME-02672,ACEMDLD15RF002672,CLI-00796,SUC-006,Argentina,Model D,2024
EV-ACME-02673,ACEMDLE10SB002673,CLI-00277,SUC-002,Guatemala,Model E,2025
EV-ACME-02674,ACEMDLB17RK002674,CLI-00569,SUC-010,Perú,Model B,2024
EV-ACME-02675,ACEMDLE19RH002675,CLI-00894,SUC-008,Chile,Model E,2024
EV-ACME-02676,ACEMDLC13SA002676,CLI-00034,SUC-001,México,Model C,2025
EV-ACME-02677,ACEMDLC10RK002677,CLI-00585,SUC-010,Perú,Model C,2024
EV-ACME-02678,ACEMDLF11RH002678,CLI-00021,SUC-008,Chile,Model F,2024
EV-ACME-02679,ACEMDLF19RD002679,CLI-00237,SUC-004,Costa Rica,Model F,2024
EV-ACME-02680,ACEMDLD11RC002680,CLI-00215,SUC-003,Honduras,Model D,2024
EV-ACME-02681,ACEMDLD12SB002681,CLI-00272,SUC-002,Guatemala,Model D,2025
EV-ACME-02682,ACEMDLE17SA002682,CLI-00580,SUC-001,México,Model E,2025
EV-ACME-02683,ACEMDLE11RD002683,CLI-00541,SUC-004,Costa Rica,Model E,2024
EV-ACME-02684,ACEMDLA16RE002684,CLI-00672,SUC-005,Colombia,Model A,2024
EV-ACME-02685,ACEMDLC15TF002685,CLI-00865,SUC-006,Argentina,Model C,2026
EV-ACME-02686,ACEMDLE17TB002686,CLI-00454,SUC-002,Guatemala,Model E,2026
EV-ACME-02687,ACEMDLA10TJ002687,CLI-00044,SUC-009,Panamá,Model A,2026
EV-ACME-02688,ACEMDLC10RB002688,CLI-00185,SUC-002,Guatemala,Model C,2024
EV-ACME-02689,ACEMDLF10TH002689,CLI-00267,SUC-008,Chile,Model F,2026
EV-ACME-02690,ACEMDLD18RK002690,CLI-00582,SUC-010,Perú,Model D,2024
EV-ACME-02691,ACEMDLC19RC002691,CLI-00480,SUC-003,Honduras,Model C,2024
EV-ACME-02692,ACEMDLF19RH002692,CLI-00637,SUC-008,Chile,Model F,2024
EV-ACME-02693,ACEMDLE16TG002693,CLI-00435,SUC-007,Canadá,Model E,2026
EV-ACME-02694,ACEMDLA13RF002694,CLI-00455,SUC-006,Argentina,Model A,2024
EV-ACME-02695,ACEMDLB12SC002695,CLI-00086,SUC-003,Honduras,Model B,2025
EV-ACME-02696,ACEMDLB18TJ002696,CLI-00371,SUC-009,Panamá,Model B,2026
EV-ACME-02697,ACEMDLD13TJ002697,CLI-00593,SUC-009,Panamá,Model D,2026
EV-ACME-02698,ACEMDLB18SJ002698,CLI-00963,SUC-009,Panamá,Model B,2025
EV-ACME-02699,ACEMDLA11SB002699,CLI-00716,SUC-002,Guatemala,Model A,2025
EV-ACME-02700,ACEMDLA10TA002700,CLI-00141,SUC-001,México,Model A,2026
EV-ACME-02701,ACEMDLD10SD002701,CLI-00247,SUC-004,Costa Rica,Model D,2025
EV-ACME-02702,ACEMDLB10TK002702,CLI-00325,SUC-010,Perú,Model B,2026
EV-ACME-02703,ACEMDLC11SG002703,CLI-00524,SUC-007,Canadá,Model C,2025
EV-ACME-02704,ACEMDLB17SE002704,CLI-00552,SUC-005,Colombia,Model B,2025
EV-ACME-02705,ACEMDLE13SC002705,CLI-00253,SUC-003,Honduras,Model E,2025
EV-ACME-02706,ACEMDLE14TB002706,CLI-00258,SUC-002,Guatemala,Model E,2026
EV-ACME-02707,ACEMDLB12TE002707,CLI-00341,SUC-005,Colombia,Model B,2026
EV-ACME-02708,ACEMDLB19SK002708,CLI-00590,SUC-010,Perú,Model B,2025
EV-ACME-02709,ACEMDLD11TF002709,CLI-00305,SUC-006,Argentina,Model D,2026
EV-ACME-02710,ACEMDLA17TC002710,CLI-00360,SUC-003,Honduras,Model A,2026
EV-ACME-02711,ACEMDLD15RC002711,CLI-00621,SUC-003,Honduras,Model D,2024
EV-ACME-02712,ACEMDLD17SE002712,CLI-00968,SUC-005,Colombia,Model D,2025
EV-ACME-02713,ACEMDLB12TA002713,CLI-00141,SUC-001,México,Model B,2026
EV-ACME-02714,ACEMDLF13TC002714,CLI-00183,SUC-003,Honduras,Model F,2026
EV-ACME-02715,ACEMDLE15TA002715,CLI-00753,SUC-001,México,Model E,2026
EV-ACME-02716,ACEMDLB12SG002716,CLI-00924,SUC-007,Canadá,Model B,2025
EV-ACME-02717,ACEMDLB11SH002717,CLI-00538,SUC-008,Chile,Model B,2025
EV-ACME-02718,ACEMDLE19TH002718,CLI-00559,SUC-008,Chile,Model E,2026
EV-ACME-02719,ACEMDLA13SJ002719,CLI-00712,SUC-009,Panamá,Model A,2025
EV-ACME-02720,ACEMDLB12SE002720,CLI-00926,SUC-005,Colombia,Model B,2025
EV-ACME-02721,ACEMDLD16SD002721,CLI-00939,SUC-004,Costa Rica,Model D,2025
EV-ACME-02722,ACEMDLA16RG002722,CLI-00206,SUC-007,Canadá,Model A,2024
EV-ACME-02723,ACEMDLF10TB002723,CLI-00849,SUC-002,Guatemala,Model F,2026
EV-ACME-02724,ACEMDLD10SE002724,CLI-00847,SUC-005,Colombia,Model D,2025
EV-ACME-02725,ACEMDLB15RG002725,CLI-00928,SUC-007,Canadá,Model B,2024
EV-ACME-02726,ACEMDLA15RK002726,CLI-00064,SUC-010,Perú,Model A,2024
EV-ACME-02727,ACEMDLE15SB002727,CLI-00790,SUC-002,Guatemala,Model E,2025
EV-ACME-02728,ACEMDLC16TG002728,CLI-00019,SUC-007,Canadá,Model C,2026
EV-ACME-02729,ACEMDLD17RK002729,CLI-00543,SUC-010,Perú,Model D,2024
EV-ACME-02730,ACEMDLB15RK002730,CLI-00991,SUC-010,Perú,Model B,2024
EV-ACME-02731,ACEMDLB17SA002731,CLI-00658,SUC-001,México,Model B,2025
EV-ACME-02732,ACEMDLC17RF002732,CLI-00338,SUC-006,Argentina,Model C,2024
EV-ACME-02733,ACEMDLE13TH002733,CLI-00726,SUC-008,Chile,Model E,2026
EV-ACME-02734,ACEMDLD18SJ002734,CLI-00496,SUC-009,Panamá,Model D,2025
EV-ACME-02735,ACEMDLA16RF002735,CLI-00903,SUC-006,Argentina,Model A,2024
EV-ACME-02736,ACEMDLE16SJ002736,CLI-00949,SUC-009,Panamá,Model E,2025
EV-ACME-02737,ACEMDLE15TC002737,CLI-00598,SUC-003,Honduras,Model E,2026
EV-ACME-02738,ACEMDLD12RE002738,CLI-00968,SUC-005,Colombia,Model D,2024
EV-ACME-02739,ACEMDLC15SC002739,CLI-00412,SUC-003,Honduras,Model C,2025
EV-ACME-02740,ACEMDLF15SG002740,CLI-00560,SUC-007,Canadá,Model F,2025
EV-ACME-02741,ACEMDLD16SF002741,CLI-00816,SUC-006,Argentina,Model D,2025
EV-ACME-02742,ACEMDLA11RB002742,CLI-00998,SUC-002,Guatemala,Model A,2024
EV-ACME-02743,ACEMDLC12RJ002743,CLI-00157,SUC-009,Panamá,Model C,2024
EV-ACME-02744,ACEMDLC11RK002744,CLI-00325,SUC-010,Perú,Model C,2024
EV-ACME-02745,ACEMDLB14SH002745,CLI-00195,SUC-008,Chile,Model B,2025
EV-ACME-02746,ACEMDLE14SH002746,CLI-00696,SUC-008,Chile,Model E,2025
EV-ACME-02747,ACEMDLE11SC002747,CLI-00460,SUC-003,Honduras,Model E,2025
EV-ACME-02748,ACEMDLC15SK002748,CLI-00064,SUC-010,Perú,Model C,2025
EV-ACME-02749,ACEMDLC17SK002749,CLI-00734,SUC-010,Perú,Model C,2025
EV-ACME-02750,ACEMDLC17RF002750,CLI-00686,SUC-006,Argentina,Model C,2024
EV-ACME-02751,ACEMDLB15SH002751,CLI-00073,SUC-008,Chile,Model B,2025
EV-ACME-02752,ACEMDLF19RA002752,CLI-00041,SUC-001,México,Model F,2024
EV-ACME-02753,ACEMDLF11TH002753,CLI-00763,SUC-008,Chile,Model F,2026
EV-ACME-02754,ACEMDLF10RD002754,CLI-00859,SUC-004,Costa Rica,Model F,2024
EV-ACME-02755,ACEMDLF16SC002755,CLI-00322,SUC-003,Honduras,Model F,2025
EV-ACME-02756,ACEMDLA10RB002756,CLI-00651,SUC-002,Guatemala,Model A,2024
EV-ACME-02757,ACEMDLA14TA002757,CLI-00057,SUC-001,México,Model A,2026
EV-ACME-02758,ACEMDLE11SF002758,CLI-00146,SUC-006,Argentina,Model E,2025
EV-ACME-02759,ACEMDLC14SB002759,CLI-00429,SUC-002,Guatemala,Model C,2025
EV-ACME-02760,ACEMDLC13RE002760,CLI-00216,SUC-005,Colombia,Model C,2024
EV-ACME-02761,ACEMDLF18RE002761,CLI-00075,SUC-005,Colombia,Model F,2024
EV-ACME-02762,ACEMDLE10TF002762,CLI-00459,SUC-006,Argentina,Model E,2026
EV-ACME-02763,ACEMDLC14TH002763,CLI-00006,SUC-008,Chile,Model C,2026
EV-ACME-02764,ACEMDLA15TF002764,CLI-00244,SUC-006,Argentina,Model A,2026
EV-ACME-02765,ACEMDLC10RC002765,CLI-00360,SUC-003,Honduras,Model C,2024
EV-ACME-02766,ACEMDLA16RE002766,CLI-00257,SUC-005,Colombia,Model A,2024
EV-ACME-02767,ACEMDLC19RF002767,CLI-00812,SUC-006,Argentina,Model C,2024
EV-ACME-02768,ACEMDLC15SH002768,CLI-00018,SUC-008,Chile,Model C,2025
EV-ACME-02769,ACEMDLA17SJ002769,CLI-00044,SUC-009,Panamá,Model A,2025
EV-ACME-02770,ACEMDLF17SD002770,CLI-00779,SUC-004,Costa Rica,Model F,2025
EV-ACME-02771,ACEMDLF12RD002771,CLI-00031,SUC-004,Costa Rica,Model F,2024
EV-ACME-02772,ACEMDLF19SC002772,CLI-00440,SUC-003,Honduras,Model F,2025
EV-ACME-02773,ACEMDLD16SE002773,CLI-00807,SUC-005,Colombia,Model D,2025
EV-ACME-02774,ACEMDLE10RB002774,CLI-00857,SUC-002,Guatemala,Model E,2024
EV-ACME-02775,ACEMDLA10SC002775,CLI-00230,SUC-003,Honduras,Model A,2025
EV-ACME-02776,ACEMDLC11SG002776,CLI-00560,SUC-007,Canadá,Model C,2025
EV-ACME-02777,ACEMDLA11RD002777,CLI-00920,SUC-004,Costa Rica,Model A,2024
EV-ACME-02778,ACEMDLD11RD002778,CLI-00822,SUC-004,Costa Rica,Model D,2024
EV-ACME-02779,ACEMDLA13TD002779,CLI-00008,SUC-004,Costa Rica,Model A,2026
EV-ACME-02780,ACEMDLD10TF002780,CLI-00305,SUC-006,Argentina,Model D,2026
EV-ACME-02781,ACEMDLB19SC002781,CLI-00253,SUC-003,Honduras,Model B,2025
EV-ACME-02782,ACEMDLB10TK002782,CLI-00283,SUC-010,Perú,Model B,2026
EV-ACME-02783,ACEMDLF13SD002783,CLI-00882,SUC-004,Costa Rica,Model F,2025
EV-ACME-02784,ACEMDLF10SF002784,CLI-00687,SUC-006,Argentina,Model F,2025
EV-ACME-02785,ACEMDLC17RD002785,CLI-00828,SUC-004,Costa Rica,Model C,2024
EV-ACME-02786,ACEMDLF19RK002786,CLI-00409,SUC-010,Perú,Model F,2024
EV-ACME-02787,ACEMDLB12TF002787,CLI-00014,SUC-006,Argentina,Model B,2026
EV-ACME-02788,ACEMDLE13SA002788,CLI-00443,SUC-001,México,Model E,2025
EV-ACME-02789,ACEMDLF13SB002789,CLI-00012,SUC-002,Guatemala,Model F,2025
EV-ACME-02790,ACEMDLB18TD002790,CLI-00822,SUC-004,Costa Rica,Model B,2026
EV-ACME-02791,ACEMDLC16SH002791,CLI-00936,SUC-008,Chile,Model C,2025
EV-ACME-02792,ACEMDLA16TH002792,CLI-00063,SUC-008,Chile,Model A,2026
EV-ACME-02793,ACEMDLE14TJ002793,CLI-00526,SUC-009,Panamá,Model E,2026
EV-ACME-02794,ACEMDLE19SF002794,CLI-00244,SUC-006,Argentina,Model E,2025
EV-ACME-02795,ACEMDLA17SK002795,CLI-00585,SUC-010,Perú,Model A,2025
EV-ACME-02796,ACEMDLE14RD002796,CLI-00669,SUC-004,Costa Rica,Model E,2024
EV-ACME-02797,ACEMDLF16SE002797,CLI-00216,SUC-005,Colombia,Model F,2025
EV-ACME-02798,ACEMDLD14TJ002798,CLI-00371,SUC-009,Panamá,Model D,2026
EV-ACME-02799,ACEMDLB13TA002799,CLI-00992,SUC-001,México,Model B,2026
EV-ACME-02800,ACEMDLB19SG002800,CLI-00206,SUC-007,Canadá,Model B,2025
EV-ACME-02801,ACEMDLC13SE002801,CLI-00211,SUC-005,Colombia,Model C,2025
EV-ACME-02802,ACEMDLC15TE002802,CLI-00085,SUC-005,Colombia,Model C,2026
EV-ACME-02803,ACEMDLB10TD002803,CLI-00433,SUC-004,Costa Rica,Model B,2026
EV-ACME-02804,ACEMDLA13SC002804,CLI-00536,SUC-003,Honduras,Model A,2025
EV-ACME-02805,ACEMDLD15TF002805,CLI-00782,SUC-006,Argentina,Model D,2026
EV-ACME-02806,ACEMDLF16SH002806,CLI-00009,SUC-008,Chile,Model F,2025
EV-ACME-02807,ACEMDLE14RD002807,CLI-00433,SUC-004,Costa Rica,Model E,2024
EV-ACME-02808,ACEMDLA14RG002808,CLI-00639,SUC-007,Canadá,Model A,2024
EV-ACME-02809,ACEMDLC17TH002809,CLI-00769,SUC-008,Chile,Model C,2026
EV-ACME-02810,ACEMDLB15TK002810,CLI-00995,SUC-010,Perú,Model B,2026
EV-ACME-02811,ACEMDLB11SA002811,CLI-00273,SUC-001,México,Model B,2025
EV-ACME-02812,ACEMDLD12TG002812,CLI-00067,SUC-007,Canadá,Model D,2026
EV-ACME-02813,ACEMDLF15TF002813,CLI-00824,SUC-006,Argentina,Model F,2026
EV-ACME-02814,ACEMDLF10SA002814,CLI-00057,SUC-001,México,Model F,2025
EV-ACME-02815,ACEMDLF12SB002815,CLI-00407,SUC-002,Guatemala,Model F,2025
EV-ACME-02816,ACEMDLB15RA002816,CLI-00050,SUC-001,México,Model B,2024
EV-ACME-02817,ACEMDLF11TE002817,CLI-00732,SUC-005,Colombia,Model F,2026
EV-ACME-02818,ACEMDLF13RK002818,CLI-00795,SUC-010,Perú,Model F,2024
EV-ACME-02819,ACEMDLA13RH002819,CLI-00538,SUC-008,Chile,Model A,2024
EV-ACME-02820,ACEMDLC16RD002820,CLI-00918,SUC-004,Costa Rica,Model C,2024
EV-ACME-02821,ACEMDLE18TE002821,CLI-00673,SUC-005,Colombia,Model E,2026
EV-ACME-02822,ACEMDLB17TK002822,CLI-00068,SUC-010,Perú,Model B,2026
EV-ACME-02823,ACEMDLC15RK002823,CLI-00945,SUC-010,Perú,Model C,2024
EV-ACME-02824,ACEMDLD10RH002824,CLI-00280,SUC-008,Chile,Model D,2024
EV-ACME-02825,ACEMDLE10TG002825,CLI-00674,SUC-007,Canadá,Model E,2026
EV-ACME-02826,ACEMDLA10SA002826,CLI-00403,SUC-001,México,Model A,2025
EV-ACME-02827,ACEMDLD11TK002827,CLI-00851,SUC-010,Perú,Model D,2026
EV-ACME-02828,ACEMDLD18SK002828,CLI-00147,SUC-010,Perú,Model D,2025
EV-ACME-02829,ACEMDLF17RG002829,CLI-00076,SUC-007,Canadá,Model F,2024
EV-ACME-02830,ACEMDLD17SE002830,CLI-00048,SUC-005,Colombia,Model D,2025
EV-ACME-02831,ACEMDLB11TD002831,CLI-00297,SUC-004,Costa Rica,Model B,2026
EV-ACME-02832,ACEMDLF13TD002832,CLI-00921,SUC-004,Costa Rica,Model F,2026
EV-ACME-02833,ACEMDLD11TF002833,CLI-00163,SUC-006,Argentina,Model D,2026
EV-ACME-02834,ACEMDLD14RH002834,CLI-00861,SUC-008,Chile,Model D,2024
EV-ACME-02835,ACEMDLC14SB002835,CLI-00429,SUC-002,Guatemala,Model C,2025
EV-ACME-02836,ACEMDLB19RE002836,CLI-00074,SUC-005,Colombia,Model B,2024
EV-ACME-02837,ACEMDLC12TJ002837,CLI-00963,SUC-009,Panamá,Model C,2026
EV-ACME-02838,ACEMDLF12SC002838,CLI-00914,SUC-003,Honduras,Model F,2025
EV-ACME-02839,ACEMDLB11RJ002839,CLI-00586,SUC-009,Panamá,Model B,2024
EV-ACME-02840,ACEMDLC14TJ002840,CLI-00408,SUC-009,Panamá,Model C,2026
EV-ACME-02841,ACEMDLB17RD002841,CLI-00535,SUC-004,Costa Rica,Model B,2024
EV-ACME-02842,ACEMDLE11TD002842,CLI-00927,SUC-004,Costa Rica,Model E,2026
EV-ACME-02843,ACEMDLA14SD002843,CLI-00784,SUC-004,Costa Rica,Model A,2025
EV-ACME-02844,ACEMDLF12SJ002844,CLI-00184,SUC-009,Panamá,Model F,2025
EV-ACME-02845,ACEMDLD19TG002845,CLI-00760,SUC-007,Canadá,Model D,2026
EV-ACME-02846,ACEMDLA19SG002846,CLI-00411,SUC-007,Canadá,Model A,2025
EV-ACME-02847,ACEMDLB13SG002847,CLI-00635,SUC-007,Canadá,Model B,2025
EV-ACME-02848,ACEMDLD18SJ002848,CLI-00072,SUC-009,Panamá,Model D,2025
EV-ACME-02849,ACEMDLE15RB002849,CLI-00421,SUC-002,Guatemala,Model E,2024
EV-ACME-02850,ACEMDLA16SB002850,CLI-00129,SUC-002,Guatemala,Model A,2025
EV-ACME-02851,ACEMDLD18TC002851,CLI-00140,SUC-003,Honduras,Model D,2026
EV-ACME-02852,ACEMDLB17RJ002852,CLI-00982,SUC-009,Panamá,Model B,2024
EV-ACME-02853,ACEMDLF12RB002853,CLI-00981,SUC-002,Guatemala,Model F,2024
EV-ACME-02854,ACEMDLA12TG002854,CLI-00092,SUC-007,Canadá,Model A,2026
EV-ACME-02855,ACEMDLA13TJ002855,CLI-00401,SUC-009,Panamá,Model A,2026
EV-ACME-02856,ACEMDLE10RC002856,CLI-00263,SUC-003,Honduras,Model E,2024
EV-ACME-02857,ACEMDLC12TD002857,CLI-00135,SUC-004,Costa Rica,Model C,2026
EV-ACME-02858,ACEMDLD18SA002858,CLI-00614,SUC-001,México,Model D,2025
EV-ACME-02859,ACEMDLB14TC002859,CLI-00591,SUC-003,Honduras,Model B,2026
EV-ACME-02860,ACEMDLF10RH002860,CLI-00891,SUC-008,Chile,Model F,2024
EV-ACME-02861,ACEMDLF18SD002861,CLI-00055,SUC-004,Costa Rica,Model F,2025
EV-ACME-02862,ACEMDLB16SA002862,CLI-00744,SUC-001,México,Model B,2025
EV-ACME-02863,ACEMDLE12SH002863,CLI-00657,SUC-008,Chile,Model E,2025
EV-ACME-02864,ACEMDLE18TH002864,CLI-00805,SUC-008,Chile,Model E,2026
EV-ACME-02865,ACEMDLF16TG002865,CLI-00393,SUC-007,Canadá,Model F,2026
EV-ACME-02866,ACEMDLC19SA002866,CLI-00682,SUC-001,México,Model C,2025
EV-ACME-02867,ACEMDLD15RA002867,CLI-00853,SUC-001,México,Model D,2024
EV-ACME-02868,ACEMDLA14TE002868,CLI-00048,SUC-005,Colombia,Model A,2026
EV-ACME-02869,ACEMDLC10SG002869,CLI-00411,SUC-007,Canadá,Model C,2025
EV-ACME-02870,ACEMDLA19SJ002870,CLI-00404,SUC-009,Panamá,Model A,2025
EV-ACME-02871,ACEMDLD17RE002871,CLI-00085,SUC-005,Colombia,Model D,2024
EV-ACME-02872,ACEMDLE11SE002872,CLI-00958,SUC-005,Colombia,Model E,2025
EV-ACME-02873,ACEMDLD10RH002873,CLI-00860,SUC-008,Chile,Model D,2024
EV-ACME-02874,ACEMDLD14SF002874,CLI-00468,SUC-006,Argentina,Model D,2025
EV-ACME-02875,ACEMDLB16RG002875,CLI-00380,SUC-007,Canadá,Model B,2024
EV-ACME-02876,ACEMDLD10RG002876,CLI-00462,SUC-007,Canadá,Model D,2024
EV-ACME-02877,ACEMDLA11RK002877,CLI-00484,SUC-010,Perú,Model A,2024
EV-ACME-02878,ACEMDLD19TK002878,CLI-00932,SUC-010,Perú,Model D,2026
EV-ACME-02879,ACEMDLF15RJ002879,CLI-00593,SUC-009,Panamá,Model F,2024
EV-ACME-02880,ACEMDLC12TJ002880,CLI-00101,SUC-009,Panamá,Model C,2026
EV-ACME-02881,ACEMDLE18RJ002881,CLI-00079,SUC-009,Panamá,Model E,2024
EV-ACME-02882,ACEMDLF13TH002882,CLI-00860,SUC-008,Chile,Model F,2026
EV-ACME-02883,ACEMDLA17SJ002883,CLI-00266,SUC-009,Panamá,Model A,2025
EV-ACME-02884,ACEMDLA18TA002884,CLI-00386,SUC-001,México,Model A,2026
EV-ACME-02885,ACEMDLE10TH002885,CLI-00913,SUC-008,Chile,Model E,2026
EV-ACME-02886,ACEMDLB10SB002886,CLI-00421,SUC-002,Guatemala,Model B,2025
EV-ACME-02887,ACEMDLC14RD002887,CLI-00278,SUC-004,Costa Rica,Model C,2024
EV-ACME-02888,ACEMDLF15TE002888,CLI-00551,SUC-005,Colombia,Model F,2026
EV-ACME-02889,ACEMDLA14SB002889,CLI-00438,SUC-002,Guatemala,Model A,2025
EV-ACME-02890,ACEMDLA15SE002890,CLI-00211,SUC-005,Colombia,Model A,2025
EV-ACME-02891,ACEMDLD12TD002891,CLI-00785,SUC-004,Costa Rica,Model D,2026
EV-ACME-02892,ACEMDLA14RC002892,CLI-00412,SUC-003,Honduras,Model A,2024
EV-ACME-02893,ACEMDLB18SC002893,CLI-00086,SUC-003,Honduras,Model B,2025
EV-ACME-02894,ACEMDLF11TK002894,CLI-00446,SUC-010,Perú,Model F,2026
EV-ACME-02895,ACEMDLC17SJ002895,CLI-00242,SUC-009,Panamá,Model C,2025
EV-ACME-02896,ACEMDLF10RA002896,CLI-00264,SUC-001,México,Model F,2024
EV-ACME-02897,ACEMDLA17SA002897,CLI-00298,SUC-001,México,Model A,2025
EV-ACME-02898,ACEMDLB10TK002898,CLI-00935,SUC-010,Perú,Model B,2026
EV-ACME-02899,ACEMDLC17RC002899,CLI-00444,SUC-003,Honduras,Model C,2024
EV-ACME-02900,ACEMDLD11RG002900,CLI-00539,SUC-007,Canadá,Model D,2024
EV-ACME-02901,ACEMDLE15TC002901,CLI-00440,SUC-003,Honduras,Model E,2026
EV-ACME-02902,ACEMDLA10RC002902,CLI-00490,SUC-003,Honduras,Model A,2024
EV-ACME-02903,ACEMDLB14SD002903,CLI-00836,SUC-004,Costa Rica,Model B,2025
EV-ACME-02904,ACEMDLF13SG002904,CLI-00435,SUC-007,Canadá,Model F,2025
EV-ACME-02905,ACEMDLA12SC002905,CLI-00248,SUC-003,Honduras,Model A,2025
EV-ACME-02906,ACEMDLA17TA002906,CLI-00318,SUC-001,México,Model A,2026
EV-ACME-02907,ACEMDLC16SD002907,CLI-01000,SUC-004,Costa Rica,Model C,2025
EV-ACME-02908,ACEMDLF12TK002908,CLI-00400,SUC-010,Perú,Model F,2026
EV-ACME-02909,ACEMDLF18RB002909,CLI-00390,SUC-002,Guatemala,Model F,2024
EV-ACME-02910,ACEMDLC16TK002910,CLI-00884,SUC-010,Perú,Model C,2026
EV-ACME-02911,ACEMDLB11SJ002911,CLI-00157,SUC-009,Panamá,Model B,2025
EV-ACME-02912,ACEMDLC14TF002912,CLI-00156,SUC-006,Argentina,Model C,2026
EV-ACME-02913,ACEMDLB18SC002913,CLI-00571,SUC-003,Honduras,Model B,2025
EV-ACME-02914,ACEMDLD17TC002914,CLI-00176,SUC-003,Honduras,Model D,2026
EV-ACME-02915,ACEMDLE16RB002915,CLI-00575,SUC-002,Guatemala,Model E,2024
EV-ACME-02916,ACEMDLF11SE002916,CLI-00358,SUC-005,Colombia,Model F,2025
EV-ACME-02917,ACEMDLF15RK002917,CLI-00750,SUC-010,Perú,Model F,2024
EV-ACME-02918,ACEMDLB13RH002918,CLI-00123,SUC-008,Chile,Model B,2024
EV-ACME-02919,ACEMDLC15SJ002919,CLI-00379,SUC-009,Panamá,Model C,2025
EV-ACME-02920,ACEMDLE16RD002920,CLI-00783,SUC-004,Costa Rica,Model E,2024
EV-ACME-02921,ACEMDLA15SF002921,CLI-00816,SUC-006,Argentina,Model A,2025
EV-ACME-02922,ACEMDLB16SJ002922,CLI-00724,SUC-009,Panamá,Model B,2025
EV-ACME-02923,ACEMDLD18TB002923,CLI-00651,SUC-002,Guatemala,Model D,2026
EV-ACME-02924,ACEMDLE12TD002924,CLI-00369,SUC-004,Costa Rica,Model E,2026
EV-ACME-02925,ACEMDLA19RF002925,CLI-00163,SUC-006,Argentina,Model A,2024
EV-ACME-02926,ACEMDLB14RK002926,CLI-00161,SUC-010,Perú,Model B,2024
EV-ACME-02927,ACEMDLA17TC002927,CLI-00490,SUC-003,Honduras,Model A,2026
EV-ACME-02928,ACEMDLB11TB002928,CLI-00405,SUC-002,Guatemala,Model B,2026
EV-ACME-02929,ACEMDLA11TF002929,CLI-00990,SUC-006,Argentina,Model A,2026
EV-ACME-02930,ACEMDLE13RF002930,CLI-00338,SUC-006,Argentina,Model E,2024
EV-ACME-02931,ACEMDLD12RH002931,CLI-00830,SUC-008,Chile,Model D,2024
EV-ACME-02932,ACEMDLA10TK002932,CLI-00641,SUC-010,Perú,Model A,2026
EV-ACME-02933,ACEMDLE16TJ002933,CLI-00232,SUC-009,Panamá,Model E,2026
EV-ACME-02934,ACEMDLE17TH002934,CLI-00775,SUC-008,Chile,Model E,2026
EV-ACME-02935,ACEMDLD19TD002935,CLI-00959,SUC-004,Costa Rica,Model D,2026
EV-ACME-02936,ACEMDLE17SH002936,CLI-00375,SUC-008,Chile,Model E,2025
EV-ACME-02937,ACEMDLF10SG002937,CLI-00721,SUC-007,Canadá,Model F,2025
EV-ACME-02938,ACEMDLC18SE002938,CLI-00085,SUC-005,Colombia,Model C,2025
EV-ACME-02939,ACEMDLB15RF002939,CLI-00116,SUC-006,Argentina,Model B,2024
EV-ACME-02940,ACEMDLD12SJ002940,CLI-00864,SUC-009,Panamá,Model D,2025
EV-ACME-02941,ACEMDLA17SD002941,CLI-00535,SUC-004,Costa Rica,Model A,2025
EV-ACME-02942,ACEMDLF16TD002942,CLI-00939,SUC-004,Costa Rica,Model F,2026
EV-ACME-02943,ACEMDLA13RB002943,CLI-00002,SUC-002,Guatemala,Model A,2024
EV-ACME-02944,ACEMDLA10SD002944,CLI-00971,SUC-004,Costa Rica,Model A,2025
EV-ACME-02945,ACEMDLC11RC002945,CLI-00803,SUC-003,Honduras,Model C,2024
EV-ACME-02946,ACEMDLA14RA002946,CLI-00050,SUC-001,México,Model A,2024
EV-ACME-02947,ACEMDLE16RJ002947,CLI-00252,SUC-009,Panamá,Model E,2024
EV-ACME-02948,ACEMDLD14TD002948,CLI-00683,SUC-004,Costa Rica,Model D,2026
EV-ACME-02949,ACEMDLA16TK002949,CLI-00409,SUC-010,Perú,Model A,2026
EV-ACME-02950,ACEMDLC11RJ002950,CLI-00060,SUC-009,Panamá,Model C,2024
EV-ACME-02951,ACEMDLD15RF002951,CLI-00105,SUC-006,Argentina,Model D,2024
EV-ACME-02952,ACEMDLB13RD002952,CLI-00381,SUC-004,Costa Rica,Model B,2024
EV-ACME-02953,ACEMDLB12TG002953,CLI-00349,SUC-007,Canadá,Model B,2026
EV-ACME-02954,ACEMDLC13SH002954,CLI-00107,SUC-008,Chile,Model C,2025
EV-ACME-02955,ACEMDLC10TJ002955,CLI-00501,SUC-009,Panamá,Model C,2026
EV-ACME-02956,ACEMDLA14SA002956,CLI-00906,SUC-001,México,Model A,2025
EV-ACME-02957,ACEMDLD15TF002957,CLI-00104,SUC-006,Argentina,Model D,2026
EV-ACME-02958,ACEMDLA10TK002958,CLI-00446,SUC-010,Perú,Model A,2026
EV-ACME-02959,ACEMDLC14TJ002959,CLI-00950,SUC-009,Panamá,Model C,2026
EV-ACME-02960,ACEMDLF17RG002960,CLI-00808,SUC-007,Canadá,Model F,2024
EV-ACME-02961,ACEMDLE18RA002961,CLI-00748,SUC-001,México,Model E,2024
EV-ACME-02962,ACEMDLA17TJ002962,CLI-00684,SUC-009,Panamá,Model A,2026
EV-ACME-02963,ACEMDLD13RJ002963,CLI-00266,SUC-009,Panamá,Model D,2024
EV-ACME-02964,ACEMDLE11TK002964,CLI-00883,SUC-010,Perú,Model E,2026
EV-ACME-02965,ACEMDLD12TA002965,CLI-00853,SUC-001,México,Model D,2026
EV-ACME-02966,ACEMDLE10TD002966,CLI-00174,SUC-004,Costa Rica,Model E,2026
EV-ACME-02967,ACEMDLE13TD002967,CLI-00381,SUC-004,Costa Rica,Model E,2026
EV-ACME-02968,ACEMDLB19TK002968,CLI-00870,SUC-010,Perú,Model B,2026
EV-ACME-02969,ACEMDLC19RJ002969,CLI-00079,SUC-009,Panamá,Model C,2024
EV-ACME-02970,ACEMDLB14RC002970,CLI-00357,SUC-003,Honduras,Model B,2024
EV-ACME-02971,ACEMDLA13SB002971,CLI-00670,SUC-002,Guatemala,Model A,2025
EV-ACME-02972,ACEMDLB13SA002972,CLI-00697,SUC-001,México,Model B,2025
EV-ACME-02973,ACEMDLA10TC002973,CLI-00320,SUC-003,Honduras,Model A,2026
EV-ACME-02974,ACEMDLC17TK002974,CLI-00795,SUC-010,Perú,Model C,2026
EV-ACME-02975,ACEMDLE17RG002975,CLI-00111,SUC-007,Canadá,Model E,2024
EV-ACME-02976,ACEMDLE15RE002976,CLI-00930,SUC-005,Colombia,Model E,2024
EV-ACME-02977,ACEMDLE19TC002977,CLI-00322,SUC-003,Honduras,Model E,2026
EV-ACME-02978,ACEMDLA19SA002978,CLI-00271,SUC-001,México,Model A,2025
EV-ACME-02979,ACEMDLF12RB002979,CLI-00354,SUC-002,Guatemala,Model F,2024
EV-ACME-02980,ACEMDLF17SK002980,CLI-00659,SUC-010,Perú,Model F,2025
EV-ACME-02981,ACEMDLF14RE002981,CLI-00246,SUC-005,Colombia,Model F,2024
EV-ACME-02982,ACEMDLA12SH002982,CLI-00715,SUC-008,Chile,Model A,2025
EV-ACME-02983,ACEMDLF18RB002983,CLI-00907,SUC-002,Guatemala,Model F,2024
EV-ACME-02984,ACEMDLB15SH002984,CLI-00994,SUC-008,Chile,Model B,2025
EV-ACME-02985,ACEMDLE19RK002985,CLI-00835,SUC-010,Perú,Model E,2024
EV-ACME-02986,ACEMDLF17TE002986,CLI-00290,SUC-005,Colombia,Model F,2026
EV-ACME-02987,ACEMDLF15TB002987,CLI-00981,SUC-002,Guatemala,Model F,2026
EV-ACME-02988,ACEMDLD17SC002988,CLI-00871,SUC-003,Honduras,Model D,2025
EV-ACME-02989,ACEMDLC11RH002989,CLI-00512,SUC-008,Chile,Model C,2024
EV-ACME-02990,ACEMDLA10SJ002990,CLI-00364,SUC-009,Panamá,Model A,2025
EV-ACME-02991,ACEMDLD15TK002991,CLI-00851,SUC-010,Perú,Model D,2026
EV-ACME-02992,ACEMDLD15TF002992,CLI-00222,SUC-006,Argentina,Model D,2026
EV-ACME-02993,ACEMDLE10SF002993,CLI-00014,SUC-006,Argentina,Model E,2025
EV-ACME-02994,ACEMDLD12SG002994,CLI-00555,SUC-007,Canadá,Model D,2025
EV-ACME-02995,ACEMDLD18SJ002995,CLI-00617,SUC-009,Panamá,Model D,2025
EV-ACME-02996,ACEMDLB13TG002996,CLI-00671,SUC-007,Canadá,Model B,2026
EV-ACME-02997,ACEMDLC15SD002997,CLI-00327,SUC-004,Costa Rica,Model C,2025
EV-ACME-02998,ACEMDLD10TK002998,CLI-00175,SUC-010,Perú,Model D,2026
EV-ACME-02999,ACEMDLB17SC002999,CLI-00503,SUC-003,Honduras,Model B,2025
EV-ACME-03000,ACEMDLE10TA003000,CLI-00753,SUC-001,México,Model E,2026
EV-ACME-03001,ACEMDLE13TH003001,CLI-00559,SUC-008,Chile,Model E,2026
EV-ACME-03002,ACEMDLD13SH003002,CLI-00375,SUC-008,Chile,Model D,2025
EV-ACME-03003,ACEMDLE14TJ003003,CLI-00648,SUC-009,Panamá,Model E,2026
EV-ACME-03004,ACEMDLE19RK003004,CLI-00489,SUC-010,Perú,Model E,2024
EV-ACME-03005,ACEMDLD19SG003005,CLI-00635,SUC-007,Canadá,Model D,2025
EV-ACME-03006,ACEMDLB11SA003006,CLI-00753,SUC-001,México,Model B,2025
EV-ACME-03007,ACEMDLC18SB003007,CLI-00998,SUC-002,Guatemala,Model C,2025
EV-ACME-03008,ACEMDLA13RJ003008,CLI-00724,SUC-009,Panamá,Model A,2024
EV-ACME-03009,ACEMDLD16TJ003009,CLI-00593,SUC-009,Panamá,Model D,2026
EV-ACME-03010,ACEMDLE12TC003010,CLI-00510,SUC-003,Honduras,Model E,2026
EV-ACME-03011,ACEMDLC16SE003011,CLI-00165,SUC-005,Colombia,Model C,2025
EV-ACME-03012,ACEMDLD12TE003012,CLI-00365,SUC-005,Colombia,Model D,2026
EV-ACME-03013,ACEMDLC16TA003013,CLI-00329,SUC-001,México,Model C,2026
EV-ACME-03014,ACEMDLC17RE003014,CLI-00663,SUC-005,Colombia,Model C,2024
EV-ACME-03015,ACEMDLA18RF003015,CLI-00420,SUC-006,Argentina,Model A,2024
EV-ACME-03016,ACEMDLE14SE003016,CLI-00341,SUC-005,Colombia,Model E,2025
EV-ACME-03017,ACEMDLE12TJ003017,CLI-00899,SUC-009,Panamá,Model E,2026
EV-ACME-03018,ACEMDLC14SJ003018,CLI-00251,SUC-009,Panamá,Model C,2025
EV-ACME-03019,ACEMDLE15RJ003019,CLI-00501,SUC-009,Panamá,Model E,2024
EV-ACME-03020,ACEMDLD13TK003020,CLI-00161,SUC-010,Perú,Model D,2026
EV-ACME-03021,ACEMDLD16SF003021,CLI-00507,SUC-006,Argentina,Model D,2025
EV-ACME-03022,ACEMDLC15TF003022,CLI-00071,SUC-006,Argentina,Model C,2026
EV-ACME-03023,ACEMDLF19SF003023,CLI-00577,SUC-006,Argentina,Model F,2025
EV-ACME-03024,ACEMDLB18SD003024,CLI-00917,SUC-004,Costa Rica,Model B,2025
EV-ACME-03025,ACEMDLB19SK003025,CLI-00484,SUC-010,Perú,Model B,2025
EV-ACME-03026,ACEMDLA13RJ003026,CLI-00127,SUC-009,Panamá,Model A,2024
EV-ACME-03027,ACEMDLA11TD003027,CLI-00611,SUC-004,Costa Rica,Model A,2026
EV-ACME-03028,ACEMDLA19TG003028,CLI-00674,SUC-007,Canadá,Model A,2026
EV-ACME-03029,ACEMDLB16SG003029,CLI-00721,SUC-007,Canadá,Model B,2025
EV-ACME-03030,ACEMDLB19SA003030,CLI-00700,SUC-001,México,Model B,2025
EV-ACME-03031,ACEMDLF10TF003031,CLI-00720,SUC-006,Argentina,Model F,2026
EV-ACME-03032,ACEMDLD19SF003032,CLI-00171,SUC-006,Argentina,Model D,2025
EV-ACME-03033,ACEMDLE14SG003033,CLI-00467,SUC-007,Canadá,Model E,2025
EV-ACME-03034,ACEMDLE15SD003034,CLI-00148,SUC-004,Costa Rica,Model E,2025
EV-ACME-03035,ACEMDLC12SB003035,CLI-00478,SUC-002,Guatemala,Model C,2025
EV-ACME-03036,ACEMDLB18RB003036,CLI-00272,SUC-002,Guatemala,Model B,2024
EV-ACME-03037,ACEMDLE15SJ003037,CLI-00973,SUC-009,Panamá,Model E,2025
EV-ACME-03038,ACEMDLD10RK003038,CLI-00026,SUC-010,Perú,Model D,2024
EV-ACME-03039,ACEMDLB15TD003039,CLI-00069,SUC-004,Costa Rica,Model B,2026
EV-ACME-03040,ACEMDLA15SG003040,CLI-00679,SUC-007,Canadá,Model A,2025
EV-ACME-03041,ACEMDLB13RJ003041,CLI-00487,SUC-009,Panamá,Model B,2024
EV-ACME-03042,ACEMDLB16TC003042,CLI-00472,SUC-003,Honduras,Model B,2026
EV-ACME-03043,ACEMDLC13SC003043,CLI-00583,SUC-003,Honduras,Model C,2025
EV-ACME-03044,ACEMDLC11RJ003044,CLI-00127,SUC-009,Panamá,Model C,2024
EV-ACME-03045,ACEMDLD17RG003045,CLI-00576,SUC-007,Canadá,Model D,2024
EV-ACME-03046,ACEMDLB10RH003046,CLI-00153,SUC-008,Chile,Model B,2024
EV-ACME-03047,ACEMDLF19SH003047,CLI-00153,SUC-008,Chile,Model F,2025
EV-ACME-03048,ACEMDLC17RA003048,CLI-00754,SUC-001,México,Model C,2024
EV-ACME-03049,ACEMDLF19RA003049,CLI-00057,SUC-001,México,Model F,2024
EV-ACME-03050,ACEMDLD18SH003050,CLI-00018,SUC-008,Chile,Model D,2025
EV-ACME-03051,ACEMDLD19TJ003051,CLI-00127,SUC-009,Panamá,Model D,2026
EV-ACME-03052,ACEMDLF17TE003052,CLI-00708,SUC-005,Colombia,Model F,2026
EV-ACME-03053,ACEMDLC16RC003053,CLI-00976,SUC-003,Honduras,Model C,2024
EV-ACME-03054,ACEMDLC10RK003054,CLI-00689,SUC-010,Perú,Model C,2024
EV-ACME-03055,ACEMDLC16SA003055,CLI-00700,SUC-001,México,Model C,2025
EV-ACME-03056,ACEMDLA11RE003056,CLI-00825,SUC-005,Colombia,Model A,2024
EV-ACME-03057,ACEMDLC13RG003057,CLI-00905,SUC-007,Canadá,Model C,2024
EV-ACME-03058,ACEMDLD15TK003058,CLI-00397,SUC-010,Perú,Model D,2026
EV-ACME-03059,ACEMDLE13SK003059,CLI-00923,SUC-010,Perú,Model E,2025
EV-ACME-03060,ACEMDLE11SC003060,CLI-00460,SUC-003,Honduras,Model E,2025
EV-ACME-03061,ACEMDLE18TJ003061,CLI-00949,SUC-009,Panamá,Model E,2026
EV-ACME-03062,ACEMDLA17RJ003062,CLI-00501,SUC-009,Panamá,Model A,2024
EV-ACME-03063,ACEMDLC16TK003063,CLI-00945,SUC-010,Perú,Model C,2026
EV-ACME-03064,ACEMDLB11TB003064,CLI-00815,SUC-002,Guatemala,Model B,2026
EV-ACME-03065,ACEMDLB11RG003065,CLI-00462,SUC-007,Canadá,Model B,2024
EV-ACME-03066,ACEMDLB17SD003066,CLI-00784,SUC-004,Costa Rica,Model B,2025
EV-ACME-03067,ACEMDLB14TK003067,CLI-00585,SUC-010,Perú,Model B,2026
EV-ACME-03068,ACEMDLF12SG003068,CLI-00938,SUC-007,Canadá,Model F,2025
EV-ACME-03069,ACEMDLC18RG003069,CLI-00905,SUC-007,Canadá,Model C,2024
EV-ACME-03070,ACEMDLB12SE003070,CLI-00521,SUC-005,Colombia,Model B,2025
EV-ACME-03071,ACEMDLB17TD003071,CLI-00921,SUC-004,Costa Rica,Model B,2026
EV-ACME-03072,ACEMDLA11TH003072,CLI-00335,SUC-008,Chile,Model A,2026
EV-ACME-03073,ACEMDLC18RD003073,CLI-00541,SUC-004,Costa Rica,Model C,2024
EV-ACME-03074,ACEMDLD17TA003074,CLI-00820,SUC-001,México,Model D,2026
EV-ACME-03075,ACEMDLE18SH003075,CLI-00805,SUC-008,Chile,Model E,2025
EV-ACME-03076,ACEMDLF10RD003076,CLI-00457,SUC-004,Costa Rica,Model F,2024
EV-ACME-03077,ACEMDLB15RF003077,CLI-00904,SUC-006,Argentina,Model B,2024
EV-ACME-03078,ACEMDLD14SJ003078,CLI-00078,SUC-009,Panamá,Model D,2025
EV-ACME-03079,ACEMDLA11TE003079,CLI-00295,SUC-005,Colombia,Model A,2026
EV-ACME-03080,ACEMDLF16TJ003080,CLI-00951,SUC-009,Panamá,Model F,2026
EV-ACME-03081,ACEMDLC10SC003081,CLI-00525,SUC-003,Honduras,Model C,2025
EV-ACME-03082,ACEMDLE14TA003082,CLI-00034,SUC-001,México,Model E,2026
EV-ACME-03083,ACEMDLC17TK003083,CLI-00310,SUC-010,Perú,Model C,2026
EV-ACME-03084,ACEMDLA13TD003084,CLI-00836,SUC-004,Costa Rica,Model A,2026
EV-ACME-03085,ACEMDLE11SC003085,CLI-00974,SUC-003,Honduras,Model E,2025
EV-ACME-03086,ACEMDLD18TB003086,CLI-00390,SUC-002,Guatemala,Model D,2026
EV-ACME-03087,ACEMDLA11TA003087,CLI-00152,SUC-001,México,Model A,2026
EV-ACME-03088,ACEMDLD16RB003088,CLI-00737,SUC-002,Guatemala,Model D,2024
EV-ACME-03089,ACEMDLB14SG003089,CLI-00928,SUC-007,Canadá,Model B,2025
EV-ACME-03090,ACEMDLF18SD003090,CLI-00464,SUC-004,Costa Rica,Model F,2025
EV-ACME-03091,ACEMDLB17TA003091,CLI-00853,SUC-001,México,Model B,2026
EV-ACME-03092,ACEMDLC17SJ003092,CLI-00404,SUC-009,Panamá,Model C,2025
EV-ACME-03093,ACEMDLE13RH003093,CLI-00118,SUC-008,Chile,Model E,2024
EV-ACME-03094,ACEMDLC19RJ003094,CLI-00617,SUC-009,Panamá,Model C,2024
EV-ACME-03095,ACEMDLA15SJ003095,CLI-00597,SUC-009,Panamá,Model A,2025
EV-ACME-03096,ACEMDLB13TD003096,CLI-00093,SUC-004,Costa Rica,Model B,2026
EV-ACME-03097,ACEMDLD13SJ003097,CLI-00121,SUC-009,Panamá,Model D,2025
EV-ACME-03098,ACEMDLE17RC003098,CLI-00176,SUC-003,Honduras,Model E,2024
EV-ACME-03099,ACEMDLC17SA003099,CLI-00697,SUC-001,México,Model C,2025
EV-ACME-03100,ACEMDLD11TE003100,CLI-00727,SUC-005,Colombia,Model D,2026
EV-ACME-03101,ACEMDLC17RC003101,CLI-00764,SUC-003,Honduras,Model C,2024
EV-ACME-03102,ACEMDLE15RK003102,CLI-00296,SUC-010,Perú,Model E,2024
EV-ACME-03103,ACEMDLE19RK003103,CLI-00705,SUC-010,Perú,Model E,2024
EV-ACME-03104,ACEMDLC18TG003104,CLI-00674,SUC-007,Canadá,Model C,2026
EV-ACME-03105,ACEMDLA17SD003105,CLI-00649,SUC-004,Costa Rica,Model A,2025
EV-ACME-03106,ACEMDLD10SD003106,CLI-00051,SUC-004,Costa Rica,Model D,2025
EV-ACME-03107,ACEMDLC14SG003107,CLI-00077,SUC-007,Canadá,Model C,2025
EV-ACME-03108,ACEMDLA19RG003108,CLI-00173,SUC-007,Canadá,Model A,2024
EV-ACME-03109,ACEMDLD12RC003109,CLI-00038,SUC-003,Honduras,Model D,2024
EV-ACME-03110,ACEMDLC19RD003110,CLI-00918,SUC-004,Costa Rica,Model C,2024
EV-ACME-03111,ACEMDLF18TJ003111,CLI-00843,SUC-009,Panamá,Model F,2026
EV-ACME-03112,ACEMDLA14TK003112,CLI-00585,SUC-010,Perú,Model A,2026
EV-ACME-03113,ACEMDLD12SH003113,CLI-00021,SUC-008,Chile,Model D,2025
EV-ACME-03114,ACEMDLC17TG003114,CLI-00106,SUC-007,Canadá,Model C,2026
EV-ACME-03115,ACEMDLE12RE003115,CLI-00132,SUC-005,Colombia,Model E,2024
EV-ACME-03116,ACEMDLD18TJ003116,CLI-00880,SUC-009,Panamá,Model D,2026
EV-ACME-03117,ACEMDLD13RJ003117,CLI-00925,SUC-009,Panamá,Model D,2024
EV-ACME-03118,ACEMDLB19TC003118,CLI-00472,SUC-003,Honduras,Model B,2026
EV-ACME-03119,ACEMDLC10RC003119,CLI-00444,SUC-003,Honduras,Model C,2024
EV-ACME-03120,ACEMDLC15SC003120,CLI-00591,SUC-003,Honduras,Model C,2025
EV-ACME-03121,ACEMDLB17SC003121,CLI-00236,SUC-003,Honduras,Model B,2025
EV-ACME-03122,ACEMDLF11RA003122,CLI-00537,SUC-001,México,Model F,2024
EV-ACME-03123,ACEMDLB10RD003123,CLI-00431,SUC-004,Costa Rica,Model B,2024
EV-ACME-03124,ACEMDLA19RD003124,CLI-00631,SUC-004,Costa Rica,Model A,2024
EV-ACME-03125,ACEMDLE11SJ003125,CLI-00970,SUC-009,Panamá,Model E,2025
EV-ACME-03126,ACEMDLB11SF003126,CLI-00098,SUC-006,Argentina,Model B,2025
EV-ACME-03127,ACEMDLE13SF003127,CLI-00645,SUC-006,Argentina,Model E,2025
EV-ACME-03128,ACEMDLF13RG003128,CLI-00610,SUC-007,Canadá,Model F,2024
EV-ACME-03129,ACEMDLF15TA003129,CLI-00057,SUC-001,México,Model F,2026
EV-ACME-03130,ACEMDLE15RB003130,CLI-00300,SUC-002,Guatemala,Model E,2024
EV-ACME-03131,ACEMDLE16SD003131,CLI-00475,SUC-004,Costa Rica,Model E,2025
EV-ACME-03132,ACEMDLB19TD003132,CLI-00182,SUC-004,Costa Rica,Model B,2026
EV-ACME-03133,ACEMDLE10TE003133,CLI-00324,SUC-005,Colombia,Model E,2026
EV-ACME-03134,ACEMDLB16TE003134,CLI-00493,SUC-005,Colombia,Model B,2026
EV-ACME-03135,ACEMDLB18TB003135,CLI-00145,SUC-002,Guatemala,Model B,2026
EV-ACME-03136,ACEMDLE13SF003136,CLI-00083,SUC-006,Argentina,Model E,2025
EV-ACME-03137,ACEMDLC19SB003137,CLI-00557,SUC-002,Guatemala,Model C,2025
EV-ACME-03138,ACEMDLC18RC003138,CLI-00022,SUC-003,Honduras,Model C,2024
EV-ACME-03139,ACEMDLB16TG003139,CLI-00035,SUC-007,Canadá,Model B,2026
EV-ACME-03140,ACEMDLE15TJ003140,CLI-00703,SUC-009,Panamá,Model E,2026
EV-ACME-03141,ACEMDLD10SC003141,CLI-00842,SUC-003,Honduras,Model D,2025
EV-ACME-03142,ACEMDLE12SD003142,CLI-00898,SUC-004,Costa Rica,Model E,2025
EV-ACME-03143,ACEMDLC15TK003143,CLI-00993,SUC-010,Perú,Model C,2026
EV-ACME-03144,ACEMDLB12TB003144,CLI-00676,SUC-002,Guatemala,Model B,2026
EV-ACME-03145,ACEMDLB17SG003145,CLI-00067,SUC-007,Canadá,Model B,2025
EV-ACME-03146,ACEMDLA17SD003146,CLI-00160,SUC-004,Costa Rica,Model A,2025
EV-ACME-03147,ACEMDLB13SH003147,CLI-00153,SUC-008,Chile,Model B,2025
EV-ACME-03148,ACEMDLE10SG003148,CLI-00760,SUC-007,Canadá,Model E,2025
EV-ACME-03149,ACEMDLD12SB003149,CLI-00651,SUC-002,Guatemala,Model D,2025
EV-ACME-03150,ACEMDLE14SG003150,CLI-00304,SUC-007,Canadá,Model E,2025
EV-ACME-03151,ACEMDLD11SG003151,CLI-00719,SUC-007,Canadá,Model D,2025
EV-ACME-03152,ACEMDLB19TK003152,CLI-00033,SUC-010,Perú,Model B,2026
EV-ACME-03153,ACEMDLC19SJ003153,CLI-00121,SUC-009,Panamá,Model C,2025
EV-ACME-03154,ACEMDLC18SF003154,CLI-00347,SUC-006,Argentina,Model C,2025
EV-ACME-03155,ACEMDLD19RE003155,CLI-00295,SUC-005,Colombia,Model D,2024
EV-ACME-03156,ACEMDLB14TE003156,CLI-00581,SUC-005,Colombia,Model B,2026
EV-ACME-03157,ACEMDLE18RA003157,CLI-00332,SUC-001,México,Model E,2024
EV-ACME-03158,ACEMDLB17SG003158,CLI-00349,SUC-007,Canadá,Model B,2025
EV-ACME-03159,ACEMDLF17SD003159,CLI-00959,SUC-004,Costa Rica,Model F,2025
EV-ACME-03160,ACEMDLC13TK003160,CLI-00097,SUC-010,Perú,Model C,2026
EV-ACME-03161,ACEMDLB14TA003161,CLI-00744,SUC-001,México,Model B,2026
EV-ACME-03162,ACEMDLD13SB003162,CLI-00003,SUC-002,Guatemala,Model D,2025
EV-ACME-03163,ACEMDLD12RG003163,CLI-00852,SUC-007,Canadá,Model D,2024
EV-ACME-03164,ACEMDLE18SD003164,CLI-00777,SUC-004,Costa Rica,Model E,2025
EV-ACME-03165,ACEMDLC16SE003165,CLI-00303,SUC-005,Colombia,Model C,2025
EV-ACME-03166,ACEMDLF10RF003166,CLI-00878,SUC-006,Argentina,Model F,2024
EV-ACME-03167,ACEMDLE10TF003167,CLI-00720,SUC-006,Argentina,Model E,2026
EV-ACME-03168,ACEMDLB18TH003168,CLI-00696,SUC-008,Chile,Model B,2026
EV-ACME-03169,ACEMDLC17RF003169,CLI-00695,SUC-006,Argentina,Model C,2024
EV-ACME-03170,ACEMDLB13TG003170,CLI-00288,SUC-007,Canadá,Model B,2026
EV-ACME-03171,ACEMDLE13RB003171,CLI-00622,SUC-002,Guatemala,Model E,2024
EV-ACME-03172,ACEMDLE19TB003172,CLI-00578,SUC-002,Guatemala,Model E,2026
EV-ACME-03173,ACEMDLC12TJ003173,CLI-00518,SUC-009,Panamá,Model C,2026
EV-ACME-03174,ACEMDLC17TJ003174,CLI-00879,SUC-009,Panamá,Model C,2026
EV-ACME-03175,ACEMDLB12RA003175,CLI-00403,SUC-001,México,Model B,2024
EV-ACME-03176,ACEMDLF19RJ003176,CLI-00664,SUC-009,Panamá,Model F,2024
EV-ACME-03177,ACEMDLD19RK003177,CLI-00410,SUC-010,Perú,Model D,2024
EV-ACME-03178,ACEMDLA10RD003178,CLI-00836,SUC-004,Costa Rica,Model A,2024
EV-ACME-03179,ACEMDLE13SB003179,CLI-00962,SUC-002,Guatemala,Model E,2025
EV-ACME-03180,ACEMDLF13TA003180,CLI-00007,SUC-001,México,Model F,2026
EV-ACME-03181,ACEMDLE12SH003181,CLI-00195,SUC-008,Chile,Model E,2025
EV-ACME-03182,ACEMDLC14TA003182,CLI-00299,SUC-001,México,Model C,2026
EV-ACME-03183,ACEMDLE13RF003183,CLI-00984,SUC-006,Argentina,Model E,2024
EV-ACME-03184,ACEMDLD18TJ003184,CLI-00348,SUC-009,Panamá,Model D,2026
EV-ACME-03185,ACEMDLF13RH003185,CLI-00267,SUC-008,Chile,Model F,2024
EV-ACME-03186,ACEMDLC15TG003186,CLI-00077,SUC-007,Canadá,Model C,2026
EV-ACME-03187,ACEMDLC14TH003187,CLI-00089,SUC-008,Chile,Model C,2026
EV-ACME-03188,ACEMDLB18RA003188,CLI-00931,SUC-001,México,Model B,2024
EV-ACME-03189,ACEMDLA16SK003189,CLI-00453,SUC-010,Perú,Model A,2025
EV-ACME-03190,ACEMDLE12RJ003190,CLI-00313,SUC-009,Panamá,Model E,2024
EV-ACME-03191,ACEMDLA10RB003191,CLI-00616,SUC-002,Guatemala,Model A,2024
EV-ACME-03192,ACEMDLB17RK003192,CLI-00398,SUC-010,Perú,Model B,2024
EV-ACME-03193,ACEMDLA13TF003193,CLI-00738,SUC-006,Argentina,Model A,2026
EV-ACME-03194,ACEMDLA13SJ003194,CLI-00250,SUC-009,Panamá,Model A,2025
EV-ACME-03195,ACEMDLB13SJ003195,CLI-00829,SUC-009,Panamá,Model B,2025
EV-ACME-03196,ACEMDLF11SC003196,CLI-00030,SUC-003,Honduras,Model F,2025
EV-ACME-03197,ACEMDLB11RJ003197,CLI-00902,SUC-009,Panamá,Model B,2024
EV-ACME-03198,ACEMDLE11TC003198,CLI-00392,SUC-003,Honduras,Model E,2026
EV-ACME-03199,ACEMDLD15RH003199,CLI-00601,SUC-008,Chile,Model D,2024
EV-ACME-03200,ACEMDLC14TC003200,CLI-00979,SUC-003,Honduras,Model C,2026
EV-ACME-03201,ACEMDLD18SC003201,CLI-00442,SUC-003,Honduras,Model D,2025
EV-ACME-03202,ACEMDLC12SJ003202,CLI-00127,SUC-009,Panamá,Model C,2025
EV-ACME-03203,ACEMDLE14RF003203,CLI-00966,SUC-006,Argentina,Model E,2024
EV-ACME-03204,ACEMDLF16TC003204,CLI-00030,SUC-003,Honduras,Model F,2026
EV-ACME-03205,ACEMDLA17SB003205,CLI-00716,SUC-002,Guatemala,Model A,2025
EV-ACME-03206,ACEMDLA10SH003206,CLI-00831,SUC-008,Chile,Model A,2025
EV-ACME-03207,ACEMDLA15RB003207,CLI-00997,SUC-002,Guatemala,Model A,2024
EV-ACME-03208,ACEMDLF15TC003208,CLI-00947,SUC-003,Honduras,Model F,2026
EV-ACME-03209,ACEMDLA13RD003209,CLI-00882,SUC-004,Costa Rica,Model A,2024
EV-ACME-03210,ACEMDLC17TF003210,CLI-00485,SUC-006,Argentina,Model C,2026
EV-ACME-03211,ACEMDLD10TH003211,CLI-00559,SUC-008,Chile,Model D,2026
EV-ACME-03212,ACEMDLD17TC003212,CLI-00621,SUC-003,Honduras,Model D,2026
EV-ACME-03213,ACEMDLD13TG003213,CLI-00671,SUC-007,Canadá,Model D,2026
EV-ACME-03214,ACEMDLF12RD003214,CLI-00611,SUC-004,Costa Rica,Model F,2024
EV-ACME-03215,ACEMDLF17RB003215,CLI-00012,SUC-002,Guatemala,Model F,2024
EV-ACME-03216,ACEMDLF10SC003216,CLI-00656,SUC-003,Honduras,Model F,2025
EV-ACME-03217,ACEMDLB14RH003217,CLI-00155,SUC-008,Chile,Model B,2024
EV-ACME-03218,ACEMDLE16SF003218,CLI-00872,SUC-006,Argentina,Model E,2025
EV-ACME-03219,ACEMDLC14RD003219,CLI-00611,SUC-004,Costa Rica,Model C,2024
EV-ACME-03220,ACEMDLC19RK003220,CLI-00718,SUC-010,Perú,Model C,2024
EV-ACME-03221,ACEMDLD11RK003221,CLI-00203,SUC-010,Perú,Model D,2024
EV-ACME-03222,ACEMDLE16TJ003222,CLI-00519,SUC-009,Panamá,Model E,2026
EV-ACME-03223,ACEMDLB18SF003223,CLI-00367,SUC-006,Argentina,Model B,2025
EV-ACME-03224,ACEMDLB15TC003224,CLI-00791,SUC-003,Honduras,Model B,2026
EV-ACME-03225,ACEMDLE17RE003225,CLI-00627,SUC-005,Colombia,Model E,2024
EV-ACME-03226,ACEMDLD14TD003226,CLI-00352,SUC-004,Costa Rica,Model D,2026
EV-ACME-03227,ACEMDLA19RD003227,CLI-00971,SUC-004,Costa Rica,Model A,2024
EV-ACME-03228,ACEMDLF15SB003228,CLI-00776,SUC-002,Guatemala,Model F,2025
EV-ACME-03229,ACEMDLB10TF003229,CLI-00492,SUC-006,Argentina,Model B,2026
EV-ACME-03230,ACEMDLB16SA003230,CLI-00697,SUC-001,México,Model B,2025
EV-ACME-03231,ACEMDLE18RG003231,CLI-00144,SUC-007,Canadá,Model E,2024
EV-ACME-03232,ACEMDLC12TJ003232,CLI-00879,SUC-009,Panamá,Model C,2026
EV-ACME-03233,ACEMDLA18TJ003233,CLI-00117,SUC-009,Panamá,Model A,2026
EV-ACME-03234,ACEMDLF14TF003234,CLI-00966,SUC-006,Argentina,Model F,2026
EV-ACME-03235,ACEMDLA10TD003235,CLI-00160,SUC-004,Costa Rica,Model A,2026
EV-ACME-03236,ACEMDLC14RF003236,CLI-00166,SUC-006,Argentina,Model C,2024
EV-ACME-03237,ACEMDLB14SG003237,CLI-00924,SUC-007,Canadá,Model B,2025
EV-ACME-03238,ACEMDLD19RF003238,CLI-00399,SUC-006,Argentina,Model D,2024
EV-ACME-03239,ACEMDLC17TF003239,CLI-00114,SUC-006,Argentina,Model C,2026
EV-ACME-03240,ACEMDLB10RH003240,CLI-00563,SUC-008,Chile,Model B,2024
EV-ACME-03241,ACEMDLF19SJ003241,CLI-00199,SUC-009,Panamá,Model F,2025
EV-ACME-03242,ACEMDLE13SK003242,CLI-00884,SUC-010,Perú,Model E,2025
EV-ACME-03243,ACEMDLB18RG003243,CLI-00938,SUC-007,Canadá,Model B,2024
EV-ACME-03244,ACEMDLB18RJ003244,CLI-00526,SUC-009,Panamá,Model B,2024
EV-ACME-03245,ACEMDLD14TF003245,CLI-00564,SUC-006,Argentina,Model D,2026
EV-ACME-03246,ACEMDLB15RD003246,CLI-00874,SUC-004,Costa Rica,Model B,2024
EV-ACME-03247,ACEMDLC16TB003247,CLI-00998,SUC-002,Guatemala,Model C,2026
EV-ACME-03248,ACEMDLD16SJ003248,CLI-00648,SUC-009,Panamá,Model D,2025
EV-ACME-03249,ACEMDLE18SK003249,CLI-00064,SUC-010,Perú,Model E,2025
EV-ACME-03250,ACEMDLD18SF003250,CLI-00418,SUC-006,Argentina,Model D,2025
EV-ACME-03251,ACEMDLB17SD003251,CLI-00383,SUC-004,Costa Rica,Model B,2025
EV-ACME-03252,ACEMDLD17RF003252,CLI-00285,SUC-006,Argentina,Model D,2024
EV-ACME-03253,ACEMDLF11RG003253,CLI-00206,SUC-007,Canadá,Model F,2024
EV-ACME-03254,ACEMDLE14RC003254,CLI-00162,SUC-003,Honduras,Model E,2024
EV-ACME-03255,ACEMDLA18RJ003255,CLI-00887,SUC-009,Panamá,Model A,2024
EV-ACME-03256,ACEMDLB10RE003256,CLI-00023,SUC-005,Colombia,Model B,2024
EV-ACME-03257,ACEMDLA10RE003257,CLI-00365,SUC-005,Colombia,Model A,2024
EV-ACME-03258,ACEMDLC10SF003258,CLI-00113,SUC-006,Argentina,Model C,2025
EV-ACME-03259,ACEMDLB18RH003259,CLI-00739,SUC-008,Chile,Model B,2024
EV-ACME-03260,ACEMDLB11RK003260,CLI-00175,SUC-010,Perú,Model B,2024
EV-ACME-03261,ACEMDLE12SA003261,CLI-00916,SUC-001,México,Model E,2025
EV-ACME-03262,ACEMDLB12RG003262,CLI-00206,SUC-007,Canadá,Model B,2024
EV-ACME-03263,ACEMDLC14RJ003263,CLI-00717,SUC-009,Panamá,Model C,2024
EV-ACME-03264,ACEMDLC17RF003264,CLI-00804,SUC-006,Argentina,Model C,2024
EV-ACME-03265,ACEMDLD19RA003265,CLI-00223,SUC-001,México,Model D,2024
EV-ACME-03266,ACEMDLE13SB003266,CLI-00557,SUC-002,Guatemala,Model E,2025
EV-ACME-03267,ACEMDLB11TE003267,CLI-00365,SUC-005,Colombia,Model B,2026
EV-ACME-03268,ACEMDLF15RH003268,CLI-00267,SUC-008,Chile,Model F,2024
EV-ACME-03269,ACEMDLD18SH003269,CLI-00073,SUC-008,Chile,Model D,2025
EV-ACME-03270,ACEMDLE15TE003270,CLI-00832,SUC-005,Colombia,Model E,2026
EV-ACME-03271,ACEMDLD17RB003271,CLI-00774,SUC-002,Guatemala,Model D,2024
EV-ACME-03272,ACEMDLD14SD003272,CLI-00977,SUC-004,Costa Rica,Model D,2025
EV-ACME-03273,ACEMDLA12SD003273,CLI-00784,SUC-004,Costa Rica,Model A,2025
EV-ACME-03274,ACEMDLE10TJ003274,CLI-00518,SUC-009,Panamá,Model E,2026
EV-ACME-03275,ACEMDLC17RD003275,CLI-00369,SUC-004,Costa Rica,Model C,2024
EV-ACME-03276,ACEMDLA13RC003276,CLI-00440,SUC-003,Honduras,Model A,2024
EV-ACME-03277,ACEMDLB13TH003277,CLI-00134,SUC-008,Chile,Model B,2026
EV-ACME-03278,ACEMDLD13RH003278,CLI-00637,SUC-008,Chile,Model D,2024
EV-ACME-03279,ACEMDLF10SF003279,CLI-00865,SUC-006,Argentina,Model F,2025
EV-ACME-03280,ACEMDLB14RE003280,CLI-00341,SUC-005,Colombia,Model B,2024
EV-ACME-03281,ACEMDLC11RB003281,CLI-00239,SUC-002,Guatemala,Model C,2024
EV-ACME-03282,ACEMDLB14TB003282,CLI-00513,SUC-002,Guatemala,Model B,2026
EV-ACME-03283,ACEMDLC14SG003283,CLI-00639,SUC-007,Canadá,Model C,2025
EV-ACME-03284,ACEMDLA13RC003284,CLI-00591,SUC-003,Honduras,Model A,2024
EV-ACME-03285,ACEMDLD16TH003285,CLI-00138,SUC-008,Chile,Model D,2026
EV-ACME-03286,ACEMDLF16SK003286,CLI-00286,SUC-010,Perú,Model F,2025
EV-ACME-03287,ACEMDLD16SE003287,CLI-00324,SUC-005,Colombia,Model D,2025
EV-ACME-03288,ACEMDLE10SJ003288,CLI-00232,SUC-009,Panamá,Model E,2025
EV-ACME-03289,ACEMDLB11SJ003289,CLI-00404,SUC-009,Panamá,Model B,2025
EV-ACME-03290,ACEMDLA18TA003290,CLI-00682,SUC-001,México,Model A,2026
EV-ACME-03291,ACEMDLF11SH003291,CLI-00130,SUC-008,Chile,Model F,2025
EV-ACME-03292,ACEMDLA15TH003292,CLI-00559,SUC-008,Chile,Model A,2026
EV-ACME-03293,ACEMDLA19SK003293,CLI-00714,SUC-010,Perú,Model A,2025
EV-ACME-03294,ACEMDLD15TG003294,CLI-00555,SUC-007,Canadá,Model D,2026
EV-ACME-03295,ACEMDLC18SF003295,CLI-00956,SUC-006,Argentina,Model C,2025
EV-ACME-03296,ACEMDLA14TH003296,CLI-00612,SUC-008,Chile,Model A,2026
EV-ACME-03297,ACEMDLA10RB003297,CLI-00354,SUC-002,Guatemala,Model A,2024
EV-ACME-03298,ACEMDLC16SJ003298,CLI-00843,SUC-009,Panamá,Model C,2025
EV-ACME-03299,ACEMDLE12RG003299,CLI-00090,SUC-007,Canadá,Model E,2024
EV-ACME-03300,ACEMDLF14SF003300,CLI-00036,SUC-006,Argentina,Model F,2025
EV-ACME-03301,ACEMDLC13SJ003301,CLI-00829,SUC-009,Panamá,Model C,2025
EV-ACME-03302,ACEMDLA15TF003302,CLI-00456,SUC-006,Argentina,Model A,2026
EV-ACME-03303,ACEMDLB10SF003303,CLI-00146,SUC-006,Argentina,Model B,2025
EV-ACME-03304,ACEMDLC16SK003304,CLI-00169,SUC-010,Perú,Model C,2025
EV-ACME-03305,ACEMDLA10TD003305,CLI-00692,SUC-004,Costa Rica,Model A,2026
EV-ACME-03306,ACEMDLE18RJ003306,CLI-00099,SUC-009,Panamá,Model E,2024
EV-ACME-03307,ACEMDLB10SK003307,CLI-00097,SUC-010,Perú,Model B,2025
EV-ACME-03308,ACEMDLF17TH003308,CLI-00073,SUC-008,Chile,Model F,2026
EV-ACME-03309,ACEMDLB14RA003309,CLI-00529,SUC-001,México,Model B,2024
EV-ACME-03310,ACEMDLF13SH003310,CLI-00726,SUC-008,Chile,Model F,2025
EV-ACME-03311,ACEMDLF17SA003311,CLI-00799,SUC-001,México,Model F,2025
EV-ACME-03312,ACEMDLF18TE003312,CLI-00967,SUC-005,Colombia,Model F,2026
EV-ACME-03313,ACEMDLC15RC003313,CLI-00322,SUC-003,Honduras,Model C,2024
EV-ACME-03314,ACEMDLE18RK003314,CLI-00410,SUC-010,Perú,Model E,2024
EV-ACME-03315,ACEMDLC13SG003315,CLI-00852,SUC-007,Canadá,Model C,2025
EV-ACME-03316,ACEMDLC18SF003316,CLI-00485,SUC-006,Argentina,Model C,2025
EV-ACME-03317,ACEMDLD11TE003317,CLI-00788,SUC-005,Colombia,Model D,2026
EV-ACME-03318,ACEMDLF19SG003318,CLI-00852,SUC-007,Canadá,Model F,2025
EV-ACME-03319,ACEMDLC19TH003319,CLI-00763,SUC-008,Chile,Model C,2026
EV-ACME-03320,ACEMDLA15RH003320,CLI-00505,SUC-008,Chile,Model A,2024
EV-ACME-03321,ACEMDLA16TJ003321,CLI-00886,SUC-009,Panamá,Model A,2026
EV-ACME-03322,ACEMDLA14TK003322,CLI-00789,SUC-010,Perú,Model A,2026
EV-ACME-03323,ACEMDLC11SA003323,CLI-00534,SUC-001,México,Model C,2025
EV-ACME-03324,ACEMDLA17SH003324,CLI-00994,SUC-008,Chile,Model A,2025
EV-ACME-03325,ACEMDLE13SF003325,CLI-00476,SUC-006,Argentina,Model E,2025
EV-ACME-03326,ACEMDLF10SE003326,CLI-00096,SUC-005,Colombia,Model F,2025
EV-ACME-03327,ACEMDLF12RH003327,CLI-00715,SUC-008,Chile,Model F,2024
EV-ACME-03328,ACEMDLC18RJ003328,CLI-00117,SUC-009,Panamá,Model C,2024
EV-ACME-03329,ACEMDLD13RG003329,CLI-00905,SUC-007,Canadá,Model D,2024
EV-ACME-03330,ACEMDLD19TG003330,CLI-00934,SUC-007,Canadá,Model D,2026
EV-ACME-03331,ACEMDLB18RC003331,CLI-00494,SUC-003,Honduras,Model B,2024
EV-ACME-03332,ACEMDLE10SB003332,CLI-00616,SUC-002,Guatemala,Model E,2025
EV-ACME-03333,ACEMDLA18SD003333,CLI-00634,SUC-004,Costa Rica,Model A,2025
EV-ACME-03334,ACEMDLD15SH003334,CLI-00155,SUC-008,Chile,Model D,2025
EV-ACME-03335,ACEMDLC10RD003335,CLI-00822,SUC-004,Costa Rica,Model C,2024
EV-ACME-03336,ACEMDLF17RF003336,CLI-00305,SUC-006,Argentina,Model F,2024
EV-ACME-03337,ACEMDLB17SJ003337,CLI-00829,SUC-009,Panamá,Model B,2025
EV-ACME-03338,ACEMDLD10TJ003338,CLI-00951,SUC-009,Panamá,Model D,2026
EV-ACME-03339,ACEMDLC14SB003339,CLI-00849,SUC-002,Guatemala,Model C,2025
EV-ACME-03340,ACEMDLB17SA003340,CLI-00989,SUC-001,México,Model B,2025
EV-ACME-03341,ACEMDLB19RH003341,CLI-00608,SUC-008,Chile,Model B,2024
EV-ACME-03342,ACEMDLB12RF003342,CLI-00011,SUC-006,Argentina,Model B,2024
EV-ACME-03343,ACEMDLF12SF003343,CLI-00956,SUC-006,Argentina,Model F,2025
EV-ACME-03344,ACEMDLE15RG003344,CLI-00548,SUC-007,Canadá,Model E,2024
EV-ACME-03345,ACEMDLE10RC003345,CLI-00549,SUC-003,Honduras,Model E,2024
EV-ACME-03346,ACEMDLE14TC003346,CLI-00038,SUC-003,Honduras,Model E,2026
EV-ACME-03347,ACEMDLF11RH003347,CLI-00138,SUC-008,Chile,Model F,2024
EV-ACME-03348,ACEMDLD18SE003348,CLI-00810,SUC-005,Colombia,Model D,2025
EV-ACME-03349,ACEMDLE15TD003349,CLI-00005,SUC-004,Costa Rica,Model E,2026
EV-ACME-03350,ACEMDLD16TF003350,CLI-00687,SUC-006,Argentina,Model D,2026
EV-ACME-03351,ACEMDLF14TC003351,CLI-00871,SUC-003,Honduras,Model F,2026
EV-ACME-03352,ACEMDLF12TF003352,CLI-00468,SUC-006,Argentina,Model F,2026
EV-ACME-03353,ACEMDLA19RK003353,CLI-00147,SUC-010,Perú,Model A,2024
EV-ACME-03354,ACEMDLB17SK003354,CLI-00398,SUC-010,Perú,Model B,2025
EV-ACME-03355,ACEMDLC11SD003355,CLI-00330,SUC-004,Costa Rica,Model C,2025
EV-ACME-03356,ACEMDLD14SC003356,CLI-00976,SUC-003,Honduras,Model D,2025
EV-ACME-03357,ACEMDLF19SK003357,CLI-00474,SUC-010,Perú,Model F,2025
EV-ACME-03358,ACEMDLB18TF003358,CLI-00105,SUC-006,Argentina,Model B,2026
EV-ACME-03359,ACEMDLD10SK003359,CLI-00346,SUC-010,Perú,Model D,2025
EV-ACME-03360,ACEMDLC12SD003360,CLI-00784,SUC-004,Costa Rica,Model C,2025
EV-ACME-03361,ACEMDLF11TD003361,CLI-00971,SUC-004,Costa Rica,Model F,2026
EV-ACME-03362,ACEMDLC17RB003362,CLI-00670,SUC-002,Guatemala,Model C,2024
EV-ACME-03363,ACEMDLB10RF003363,CLI-00644,SUC-006,Argentina,Model B,2024
EV-ACME-03364,ACEMDLC17TF003364,CLI-00305,SUC-006,Argentina,Model C,2026
EV-ACME-03365,ACEMDLB17TG003365,CLI-00194,SUC-007,Canadá,Model B,2026
EV-ACME-03366,ACEMDLE11TA003366,CLI-00221,SUC-001,México,Model E,2026
EV-ACME-03367,ACEMDLC14TJ003367,CLI-00837,SUC-009,Panamá,Model C,2026
EV-ACME-03368,ACEMDLD16RG003368,CLI-00802,SUC-007,Canadá,Model D,2024
EV-ACME-03369,ACEMDLB14TJ003369,CLI-00157,SUC-009,Panamá,Model B,2026
EV-ACME-03370,ACEMDLE15TC003370,CLI-00583,SUC-003,Honduras,Model E,2026
EV-ACME-03371,ACEMDLE19RF003371,CLI-00680,SUC-006,Argentina,Model E,2024
EV-ACME-03372,ACEMDLD18SC003372,CLI-00357,SUC-003,Honduras,Model D,2025
EV-ACME-03373,ACEMDLD12TF003373,CLI-00166,SUC-006,Argentina,Model D,2026
EV-ACME-03374,ACEMDLE19RE003374,CLI-00059,SUC-005,Colombia,Model E,2024
EV-ACME-03375,ACEMDLC15TE003375,CLI-00552,SUC-005,Colombia,Model C,2026
EV-ACME-03376,ACEMDLB16TA003376,CLI-00017,SUC-001,México,Model B,2026
EV-ACME-03377,ACEMDLC10SF003377,CLI-00282,SUC-006,Argentina,Model C,2025
EV-ACME-03378,ACEMDLF17SH003378,CLI-00073,SUC-008,Chile,Model F,2025
EV-ACME-03379,ACEMDLC17TE003379,CLI-00743,SUC-005,Colombia,Model C,2026
EV-ACME-03380,ACEMDLE18TA003380,CLI-00271,SUC-001,México,Model E,2026
EV-ACME-03381,ACEMDLF12TJ003381,CLI-00887,SUC-009,Panamá,Model F,2026
EV-ACME-03382,ACEMDLA16RD003382,CLI-00217,SUC-004,Costa Rica,Model A,2024
EV-ACME-03383,ACEMDLB12SF003383,CLI-00720,SUC-006,Argentina,Model B,2025
EV-ACME-03384,ACEMDLA10SJ003384,CLI-00829,SUC-009,Panamá,Model A,2025
EV-ACME-03385,ACEMDLE12RD003385,CLI-00182,SUC-004,Costa Rica,Model E,2024
EV-ACME-03386,ACEMDLD17TD003386,CLI-00827,SUC-004,Costa Rica,Model D,2026
EV-ACME-03387,ACEMDLA19SJ003387,CLI-00767,SUC-009,Panamá,Model A,2025
EV-ACME-03388,ACEMDLB10RJ003388,CLI-00232,SUC-009,Panamá,Model B,2024
EV-ACME-03389,ACEMDLF19RF003389,CLI-00095,SUC-006,Argentina,Model F,2024
EV-ACME-03390,ACEMDLD17SK003390,CLI-00884,SUC-010,Perú,Model D,2025
EV-ACME-03391,ACEMDLB14RD003391,CLI-00160,SUC-004,Costa Rica,Model B,2024
EV-ACME-03392,ACEMDLF19TE003392,CLI-00052,SUC-005,Colombia,Model F,2026
EV-ACME-03393,ACEMDLE10RK003393,CLI-00396,SUC-010,Perú,Model E,2024
EV-ACME-03394,ACEMDLA13RD003394,CLI-00836,SUC-004,Costa Rica,Model A,2024
EV-ACME-03395,ACEMDLE10SC003395,CLI-00038,SUC-003,Honduras,Model E,2025
EV-ACME-03396,ACEMDLB13RK003396,CLI-00542,SUC-010,Perú,Model B,2024
EV-ACME-03397,ACEMDLE17RJ003397,CLI-00078,SUC-009,Panamá,Model E,2024
EV-ACME-03398,ACEMDLC15SF003398,CLI-00903,SUC-006,Argentina,Model C,2025
EV-ACME-03399,ACEMDLD11SH003399,CLI-00385,SUC-008,Chile,Model D,2025
EV-ACME-03400,ACEMDLF13SG003400,CLI-00212,SUC-007,Canadá,Model F,2025
EV-ACME-03401,ACEMDLD10SD003401,CLI-00055,SUC-004,Costa Rica,Model D,2025
EV-ACME-03402,ACEMDLE19TA003402,CLI-00520,SUC-001,México,Model E,2026
EV-ACME-03403,ACEMDLD14RB003403,CLI-00080,SUC-002,Guatemala,Model D,2024
EV-ACME-03404,ACEMDLA14TK003404,CLI-00569,SUC-010,Perú,Model A,2026
EV-ACME-03405,ACEMDLF19RD003405,CLI-00229,SUC-004,Costa Rica,Model F,2024
EV-ACME-03406,ACEMDLC17RG003406,CLI-00111,SUC-007,Canadá,Model C,2024
EV-ACME-03407,ACEMDLE18RF003407,CLI-00738,SUC-006,Argentina,Model E,2024
EV-ACME-03408,ACEMDLF12SD003408,CLI-00636,SUC-004,Costa Rica,Model F,2025
EV-ACME-03409,ACEMDLF19SJ003409,CLI-00235,SUC-009,Panamá,Model F,2025
EV-ACME-03410,ACEMDLC15SD003410,CLI-00517,SUC-004,Costa Rica,Model C,2025
EV-ACME-03411,ACEMDLF14TE003411,CLI-00552,SUC-005,Colombia,Model F,2026
EV-ACME-03412,ACEMDLB16TK003412,CLI-00795,SUC-010,Perú,Model B,2026
EV-ACME-03413,ACEMDLA17TA003413,CLI-00748,SUC-001,México,Model A,2026
EV-ACME-03414,ACEMDLC19SF003414,CLI-00751,SUC-006,Argentina,Model C,2025
EV-ACME-03415,ACEMDLC11SE003415,CLI-00551,SUC-005,Colombia,Model C,2025
EV-ACME-03416,ACEMDLF13TD003416,CLI-00247,SUC-004,Costa Rica,Model F,2026
EV-ACME-03417,ACEMDLE16RC003417,CLI-00895,SUC-003,Honduras,Model E,2024
EV-ACME-03418,ACEMDLD10RK003418,CLI-00131,SUC-010,Perú,Model D,2024
EV-ACME-03419,ACEMDLA15RF003419,CLI-00350,SUC-006,Argentina,Model A,2024
EV-ACME-03420,ACEMDLC19SB003420,CLI-00616,SUC-002,Guatemala,Model C,2025
EV-ACME-03421,ACEMDLF18RE003421,CLI-00345,SUC-005,Colombia,Model F,2024
EV-ACME-03422,ACEMDLC12TK003422,CLI-00862,SUC-010,Perú,Model C,2026
EV-ACME-03423,ACEMDLA19TE003423,CLI-00065,SUC-005,Colombia,Model A,2026
EV-ACME-03424,ACEMDLA15RE003424,CLI-00897,SUC-005,Colombia,Model A,2024
EV-ACME-03425,ACEMDLE10TE003425,CLI-00897,SUC-005,Colombia,Model E,2026
EV-ACME-03426,ACEMDLA10RC003426,CLI-00360,SUC-003,Honduras,Model A,2024
EV-ACME-03427,ACEMDLE18RH003427,CLI-00910,SUC-008,Chile,Model E,2024
EV-ACME-03428,ACEMDLE11TG003428,CLI-00629,SUC-007,Canadá,Model E,2026
EV-ACME-03429,ACEMDLF10SK003429,CLI-00733,SUC-010,Perú,Model F,2025
EV-ACME-03430,ACEMDLA10TD003430,CLI-00383,SUC-004,Costa Rica,Model A,2026
EV-ACME-03431,ACEMDLF19RC003431,CLI-00667,SUC-003,Honduras,Model F,2024
EV-ACME-03432,ACEMDLD13RB003432,CLI-00652,SUC-002,Guatemala,Model D,2024
EV-ACME-03433,ACEMDLA18TA003433,CLI-00378,SUC-001,México,Model A,2026
EV-ACME-03434,ACEMDLE16SC003434,CLI-00875,SUC-003,Honduras,Model E,2025
EV-ACME-03435,ACEMDLF14SF003435,CLI-00523,SUC-006,Argentina,Model F,2025
EV-ACME-03436,ACEMDLD16SK003436,CLI-00690,SUC-010,Perú,Model D,2025
EV-ACME-03437,ACEMDLC11RJ003437,CLI-00547,SUC-009,Panamá,Model C,2024
EV-ACME-03438,ACEMDLE11RH003438,CLI-00891,SUC-008,Chile,Model E,2024
EV-ACME-03439,ACEMDLC16SA003439,CLI-00141,SUC-001,México,Model C,2025
EV-ACME-03440,ACEMDLC14RC003440,CLI-00818,SUC-003,Honduras,Model C,2024
EV-ACME-03441,ACEMDLB10RC003441,CLI-00391,SUC-003,Honduras,Model B,2024
EV-ACME-03442,ACEMDLD11RJ003442,CLI-00886,SUC-009,Panamá,Model D,2024
EV-ACME-03443,ACEMDLA17RA003443,CLI-00558,SUC-001,México,Model A,2024
EV-ACME-03444,ACEMDLB19SE003444,CLI-00500,SUC-005,Colombia,Model B,2025
EV-ACME-03445,ACEMDLB12SH003445,CLI-00502,SUC-008,Chile,Model B,2025
EV-ACME-03446,ACEMDLC12SJ003446,CLI-00834,SUC-009,Panamá,Model C,2025
EV-ACME-03447,ACEMDLE17TG003447,CLI-00092,SUC-007,Canadá,Model E,2026
EV-ACME-03448,ACEMDLA19SE003448,CLI-00727,SUC-005,Colombia,Model A,2025
EV-ACME-03449,ACEMDLA16RA003449,CLI-00141,SUC-001,México,Model A,2024
EV-ACME-03450,ACEMDLA12RB003450,CLI-00002,SUC-002,Guatemala,Model A,2024
EV-ACME-03451,ACEMDLE10TE003451,CLI-00054,SUC-005,Colombia,Model E,2026
EV-ACME-03452,ACEMDLF17RJ003452,CLI-00677,SUC-009,Panamá,Model F,2024
EV-ACME-03453,ACEMDLB13SA003453,CLI-00353,SUC-001,México,Model B,2025
EV-ACME-03454,ACEMDLC17SC003454,CLI-00038,SUC-003,Honduras,Model C,2025
EV-ACME-03455,ACEMDLA16SJ003455,CLI-00643,SUC-009,Panamá,Model A,2025
EV-ACME-03456,ACEMDLC14SD003456,CLI-00441,SUC-004,Costa Rica,Model C,2025
EV-ACME-03457,ACEMDLE19RK003457,CLI-00710,SUC-010,Perú,Model E,2024
EV-ACME-03458,ACEMDLB13SD003458,CLI-00475,SUC-004,Costa Rica,Model B,2025
EV-ACME-03459,ACEMDLD15SB003459,CLI-00390,SUC-002,Guatemala,Model D,2025
EV-ACME-03460,ACEMDLA11SH003460,CLI-00781,SUC-008,Chile,Model A,2025
EV-ACME-03461,ACEMDLB13RA003461,CLI-00658,SUC-001,México,Model B,2024
EV-ACME-03462,ACEMDLA17TG003462,CLI-00306,SUC-007,Canadá,Model A,2026
EV-ACME-03463,ACEMDLC14RG003463,CLI-00740,SUC-007,Canadá,Model C,2024
EV-ACME-03464,ACEMDLE16SB003464,CLI-00933,SUC-002,Guatemala,Model E,2025
EV-ACME-03465,ACEMDLA15RC003465,CLI-00503,SUC-003,Honduras,Model A,2024
EV-ACME-03466,ACEMDLD12SG003466,CLI-00554,SUC-007,Canadá,Model D,2025
EV-ACME-03467,ACEMDLB16TE003467,CLI-00023,SUC-005,Colombia,Model B,2026
EV-ACME-03468,ACEMDLC18TJ003468,CLI-00970,SUC-009,Panamá,Model C,2026
EV-ACME-03469,ACEMDLC17SH003469,CLI-00021,SUC-008,Chile,Model C,2025
EV-ACME-03470,ACEMDLA13RK003470,CLI-00396,SUC-010,Perú,Model A,2024
EV-ACME-03471,ACEMDLE16RD003471,CLI-00980,SUC-004,Costa Rica,Model E,2024
EV-ACME-03472,ACEMDLC17TE003472,CLI-00075,SUC-005,Colombia,Model C,2026
EV-ACME-03473,ACEMDLE17SK003473,CLI-00768,SUC-010,Perú,Model E,2025
EV-ACME-03474,ACEMDLB16TH003474,CLI-00267,SUC-008,Chile,Model B,2026
EV-ACME-03475,ACEMDLB15TG003475,CLI-00321,SUC-007,Canadá,Model B,2026
EV-ACME-03476,ACEMDLC19TF003476,CLI-00244,SUC-006,Argentina,Model C,2026
EV-ACME-03477,ACEMDLB15TE003477,CLI-00574,SUC-005,Colombia,Model B,2026
EV-ACME-03478,ACEMDLB15RH003478,CLI-00563,SUC-008,Chile,Model B,2024
EV-ACME-03479,ACEMDLC15SK003479,CLI-00945,SUC-010,Perú,Model C,2025
EV-ACME-03480,ACEMDLA10SK003480,CLI-00794,SUC-010,Perú,Model A,2025
EV-ACME-03481,ACEMDLA14RE003481,CLI-00930,SUC-005,Colombia,Model A,2024
EV-ACME-03482,ACEMDLE17SE003482,CLI-00747,SUC-005,Colombia,Model E,2025
EV-ACME-03483,ACEMDLB10RK003483,CLI-00201,SUC-010,Perú,Model B,2024
EV-ACME-03484,ACEMDLA19TJ003484,CLI-00157,SUC-009,Panamá,Model A,2026
EV-ACME-03485,ACEMDLD17SF003485,CLI-00668,SUC-006,Argentina,Model D,2025
EV-ACME-03486,ACEMDLE15SA003486,CLI-00604,SUC-001,México,Model E,2025
EV-ACME-03487,ACEMDLE16TA003487,CLI-00333,SUC-001,México,Model E,2026
EV-ACME-03488,ACEMDLA12TB003488,CLI-00438,SUC-002,Guatemala,Model A,2026
EV-ACME-03489,ACEMDLC15SJ003489,CLI-00867,SUC-009,Panamá,Model C,2025
EV-ACME-03490,ACEMDLC18TC003490,CLI-00976,SUC-003,Honduras,Model C,2026
EV-ACME-03491,ACEMDLA15SB003491,CLI-00108,SUC-002,Guatemala,Model A,2025
EV-ACME-03492,ACEMDLB16TK003492,CLI-00858,SUC-010,Perú,Model B,2026
EV-ACME-03493,ACEMDLD11SK003493,CLI-00310,SUC-010,Perú,Model D,2025
EV-ACME-03494,ACEMDLF10SK003494,CLI-00759,SUC-010,Perú,Model F,2025
EV-ACME-03495,ACEMDLF17RK003495,CLI-00400,SUC-010,Perú,Model F,2024
EV-ACME-03496,ACEMDLD16SJ003496,CLI-00099,SUC-009,Panamá,Model D,2025
EV-ACME-03497,ACEMDLB12SJ003497,CLI-00079,SUC-009,Panamá,Model B,2025
EV-ACME-03498,ACEMDLF16SH003498,CLI-00948,SUC-008,Chile,Model F,2025
EV-ACME-03499,ACEMDLA10TH003499,CLI-00018,SUC-008,Chile,Model A,2026
EV-ACME-03500,ACEMDLE17RF003500,CLI-00116,SUC-006,Argentina,Model E,2024
EV-ACME-03501,ACEMDLD18RG003501,CLI-00866,SUC-007,Canadá,Model D,2024
EV-ACME-03502,ACEMDLD14SH003502,CLI-00913,SUC-008,Chile,Model D,2025
EV-ACME-03503,ACEMDLA14RJ003503,CLI-00072,SUC-009,Panamá,Model A,2024
EV-ACME-03504,ACEMDLF10TF003504,CLI-00289,SUC-006,Argentina,Model F,2026
EV-ACME-03505,ACEMDLF15TF003505,CLI-00530,SUC-006,Argentina,Model F,2026
EV-ACME-03506,ACEMDLF13SJ003506,CLI-00449,SUC-009,Panamá,Model F,2025
EV-ACME-03507,ACEMDLB10TA003507,CLI-00744,SUC-001,México,Model B,2026
EV-ACME-03508,ACEMDLB12TH003508,CLI-00891,SUC-008,Chile,Model B,2026
EV-ACME-03509,ACEMDLF11TC003509,CLI-00038,SUC-003,Honduras,Model F,2026
EV-ACME-03510,ACEMDLD14SF003510,CLI-00282,SUC-006,Argentina,Model D,2025
EV-ACME-03511,ACEMDLD19SC003511,CLI-00986,SUC-003,Honduras,Model D,2025
EV-ACME-03512,ACEMDLE19TD003512,CLI-00291,SUC-004,Costa Rica,Model E,2026
EV-ACME-03513,ACEMDLE18TA003513,CLI-00315,SUC-001,México,Model E,2026
EV-ACME-03514,ACEMDLD13TJ003514,CLI-00374,SUC-009,Panamá,Model D,2026
EV-ACME-03515,ACEMDLA19SJ003515,CLI-00712,SUC-009,Panamá,Model A,2025
EV-ACME-03516,ACEMDLD19TJ003516,CLI-00867,SUC-009,Panamá,Model D,2026
EV-ACME-03517,ACEMDLB11TK003517,CLI-00213,SUC-010,Perú,Model B,2026
EV-ACME-03518,ACEMDLD16RD003518,CLI-00369,SUC-004,Costa Rica,Model D,2024
EV-ACME-03519,ACEMDLF18RA003519,CLI-00210,SUC-001,México,Model F,2024
EV-ACME-03520,ACEMDLB10RK003520,CLI-00718,SUC-010,Perú,Model B,2024
EV-ACME-03521,ACEMDLD10SF003521,CLI-00782,SUC-006,Argentina,Model D,2025
EV-ACME-03522,ACEMDLC18SD003522,CLI-00702,SUC-004,Costa Rica,Model C,2025
EV-ACME-03523,ACEMDLC10RK003523,CLI-00484,SUC-010,Perú,Model C,2024
EV-ACME-03524,ACEMDLE12TA003524,CLI-00989,SUC-001,México,Model E,2026
EV-ACME-03525,ACEMDLD10RB003525,CLI-00129,SUC-002,Guatemala,Model D,2024
EV-ACME-03526,ACEMDLD15SA003526,CLI-00233,SUC-001,México,Model D,2025
EV-ACME-03527,ACEMDLE12SD003527,CLI-00297,SUC-004,Costa Rica,Model E,2025
EV-ACME-03528,ACEMDLA19SF003528,CLI-00904,SUC-006,Argentina,Model A,2025
EV-ACME-03529,ACEMDLF17RJ003529,CLI-00401,SUC-009,Panamá,Model F,2024
EV-ACME-03530,ACEMDLA17SF003530,CLI-00036,SUC-006,Argentina,Model A,2025
EV-ACME-03531,ACEMDLC13SF003531,CLI-00372,SUC-006,Argentina,Model C,2025
EV-ACME-03532,ACEMDLE14SJ003532,CLI-00181,SUC-009,Panamá,Model E,2025
EV-ACME-03533,ACEMDLF18SA003533,CLI-00315,SUC-001,México,Model F,2025
EV-ACME-03534,ACEMDLE15SK003534,CLI-00351,SUC-010,Perú,Model E,2025
EV-ACME-03535,ACEMDLF11TH003535,CLI-00563,SUC-008,Chile,Model F,2026
EV-ACME-03536,ACEMDLB12SK003536,CLI-00870,SUC-010,Perú,Model B,2025
EV-ACME-03537,ACEMDLB11TE003537,CLI-00825,SUC-005,Colombia,Model B,2026
EV-ACME-03538,ACEMDLC18TF003538,CLI-00083,SUC-006,Argentina,Model C,2026
EV-ACME-03539,ACEMDLF18SH003539,CLI-00153,SUC-008,Chile,Model F,2025
EV-ACME-03540,ACEMDLB10TC003540,CLI-00863,SUC-003,Honduras,Model B,2026
EV-ACME-03541,ACEMDLA12SC003541,CLI-00979,SUC-003,Honduras,Model A,2025
EV-ACME-03542,ACEMDLD15SA003542,CLI-00704,SUC-001,México,Model D,2025
EV-ACME-03543,ACEMDLC18SC003543,CLI-00791,SUC-003,Honduras,Model C,2025
EV-ACME-03544,ACEMDLE18TA003544,CLI-00378,SUC-001,México,Model E,2026
EV-ACME-03545,ACEMDLA11SB003545,CLI-00326,SUC-002,Guatemala,Model A,2025
EV-ACME-03546,ACEMDLA19TE003546,CLI-00797,SUC-005,Colombia,Model A,2026
EV-ACME-03547,ACEMDLA14RE003547,CLI-00023,SUC-005,Colombia,Model A,2024
EV-ACME-03548,ACEMDLE15TC003548,CLI-00357,SUC-003,Honduras,Model E,2026
EV-ACME-03549,ACEMDLE14SE003549,CLI-00797,SUC-005,Colombia,Model E,2025
EV-ACME-03550,ACEMDLB12TK003550,CLI-00269,SUC-010,Perú,Model B,2026
EV-ACME-03551,ACEMDLB11TH003551,CLI-00877,SUC-008,Chile,Model B,2026
EV-ACME-03552,ACEMDLD14SK003552,CLI-00746,SUC-010,Perú,Model D,2025
EV-ACME-03553,ACEMDLD18RA003553,CLI-00017,SUC-001,México,Model D,2024
EV-ACME-03554,ACEMDLE12TG003554,CLI-00589,SUC-007,Canadá,Model E,2026
EV-ACME-03555,ACEMDLA13TD003555,CLI-00262,SUC-004,Costa Rica,Model A,2026
EV-ACME-03556,ACEMDLD17TG003556,CLI-00905,SUC-007,Canadá,Model D,2026
EV-ACME-03557,ACEMDLE13SA003557,CLI-00580,SUC-001,México,Model E,2025
EV-ACME-03558,ACEMDLF17TC003558,CLI-00472,SUC-003,Honduras,Model F,2026
EV-ACME-03559,ACEMDLD17TC003559,CLI-00357,SUC-003,Honduras,Model D,2026
EV-ACME-03560,ACEMDLB18SA003560,CLI-00025,SUC-001,México,Model B,2025
EV-ACME-03561,ACEMDLF12RD003561,CLI-00517,SUC-004,Costa Rica,Model F,2024
EV-ACME-03562,ACEMDLA13TD003562,CLI-00600,SUC-004,Costa Rica,Model A,2026
EV-ACME-03563,ACEMDLC14TB003563,CLI-00670,SUC-002,Guatemala,Model C,2026
EV-ACME-03564,ACEMDLF10TC003564,CLI-00602,SUC-003,Honduras,Model F,2026
EV-ACME-03565,ACEMDLC10RC003565,CLI-00979,SUC-003,Honduras,Model C,2024
EV-ACME-03566,ACEMDLB11RF003566,CLI-00766,SUC-006,Argentina,Model B,2024
EV-ACME-03567,ACEMDLF14TB003567,CLI-00998,SUC-002,Guatemala,Model F,2026
EV-ACME-03568,ACEMDLD15SA003568,CLI-00682,SUC-001,México,Model D,2025
EV-ACME-03569,ACEMDLE10RF003569,CLI-00485,SUC-006,Argentina,Model E,2024
EV-ACME-03570,ACEMDLD19RF003570,CLI-00514,SUC-006,Argentina,Model D,2024
EV-ACME-03571,ACEMDLB11RD003571,CLI-00031,SUC-004,Costa Rica,Model B,2024
EV-ACME-03572,ACEMDLA17RK003572,CLI-00734,SUC-010,Perú,Model A,2024
EV-ACME-03573,ACEMDLE10RA003573,CLI-00661,SUC-001,México,Model E,2024
EV-ACME-03574,ACEMDLE19TG003574,CLI-00934,SUC-007,Canadá,Model E,2026
EV-ACME-03575,ACEMDLE13SF003575,CLI-00476,SUC-006,Argentina,Model E,2025
EV-ACME-03576,ACEMDLC17TK003576,CLI-00851,SUC-010,Perú,Model C,2026
EV-ACME-03577,ACEMDLE11TA003577,CLI-00580,SUC-001,México,Model E,2026
EV-ACME-03578,ACEMDLC12SC003578,CLI-00430,SUC-003,Honduras,Model C,2025
EV-ACME-03579,ACEMDLC19SF003579,CLI-00530,SUC-006,Argentina,Model C,2025
EV-ACME-03580,ACEMDLF10RF003580,CLI-00804,SUC-006,Argentina,Model F,2024
EV-ACME-03581,ACEMDLC12RA003581,CLI-00386,SUC-001,México,Model C,2024
EV-ACME-03582,ACEMDLB18SE003582,CLI-00413,SUC-005,Colombia,Model B,2025
EV-ACME-03583,ACEMDLE16SJ003583,CLI-00202,SUC-009,Panamá,Model E,2025
EV-ACME-03584,ACEMDLE16RF003584,CLI-00340,SUC-006,Argentina,Model E,2024
EV-ACME-03585,ACEMDLB19SF003585,CLI-00626,SUC-006,Argentina,Model B,2025
EV-ACME-03586,ACEMDLA17RD003586,CLI-00631,SUC-004,Costa Rica,Model A,2024
EV-ACME-03587,ACEMDLD13SE003587,CLI-00592,SUC-005,Colombia,Model D,2025
EV-ACME-03588,ACEMDLA10SB003588,CLI-00756,SUC-002,Guatemala,Model A,2025
EV-ACME-03589,ACEMDLC12RK003589,CLI-00705,SUC-010,Perú,Model C,2024
EV-ACME-03590,ACEMDLA18RF003590,CLI-00116,SUC-006,Argentina,Model A,2024
EV-ACME-03591,ACEMDLD11TA003591,CLI-00983,SUC-001,México,Model D,2026
EV-ACME-03592,ACEMDLB10RD003592,CLI-00249,SUC-004,Costa Rica,Model B,2024
EV-ACME-03593,ACEMDLA11SF003593,CLI-00171,SUC-006,Argentina,Model A,2025
EV-ACME-03594,ACEMDLA16TD003594,CLI-00051,SUC-004,Costa Rica,Model A,2026
EV-ACME-03595,ACEMDLE13SG003595,CLI-00019,SUC-007,Canadá,Model E,2025
EV-ACME-03596,ACEMDLC13RJ003596,CLI-00765,SUC-009,Panamá,Model C,2024
EV-ACME-03597,ACEMDLE18TH003597,CLI-00118,SUC-008,Chile,Model E,2026
EV-ACME-03598,ACEMDLA16SC003598,CLI-00140,SUC-003,Honduras,Model A,2025
EV-ACME-03599,ACEMDLE16TE003599,CLI-00473,SUC-005,Colombia,Model E,2026
EV-ACME-03600,ACEMDLF14TD003600,CLI-00822,SUC-004,Costa Rica,Model F,2026
EV-ACME-03601,ACEMDLE16SJ003601,CLI-00902,SUC-009,Panamá,Model E,2025
EV-ACME-03602,ACEMDLB14RH003602,CLI-00123,SUC-008,Chile,Model B,2024
EV-ACME-03603,ACEMDLA18SB003603,CLI-00080,SUC-002,Guatemala,Model A,2025
EV-ACME-03604,ACEMDLF11SD003604,CLI-00702,SUC-004,Costa Rica,Model F,2025
EV-ACME-03605,ACEMDLA18SA003605,CLI-00103,SUC-001,México,Model A,2025
EV-ACME-03606,ACEMDLA12RF003606,CLI-00766,SUC-006,Argentina,Model A,2024
EV-ACME-03607,ACEMDLB18TA003607,CLI-00753,SUC-001,México,Model B,2026
EV-ACME-03608,ACEMDLA14SE003608,CLI-00968,SUC-005,Colombia,Model A,2025
EV-ACME-03609,ACEMDLE10SC003609,CLI-00136,SUC-003,Honduras,Model E,2025
EV-ACME-03610,ACEMDLD10TF003610,CLI-00420,SUC-006,Argentina,Model D,2026
EV-ACME-03611,ACEMDLA11RF003611,CLI-00944,SUC-006,Argentina,Model A,2024
EV-ACME-03612,ACEMDLE11RA003612,CLI-00298,SUC-001,México,Model E,2024
EV-ACME-03613,ACEMDLB10SJ003613,CLI-00813,SUC-009,Panamá,Model B,2025
EV-ACME-03614,ACEMDLB16RD003614,CLI-00309,SUC-004,Costa Rica,Model B,2024
EV-ACME-03615,ACEMDLE14SJ003615,CLI-00252,SUC-009,Panamá,Model E,2025
EV-ACME-03616,ACEMDLD13SK003616,CLI-00638,SUC-010,Perú,Model D,2025
EV-ACME-03617,ACEMDLC11RB003617,CLI-00770,SUC-002,Guatemala,Model C,2024
EV-ACME-03618,ACEMDLC12SE003618,CLI-00955,SUC-005,Colombia,Model C,2025
EV-ACME-03619,ACEMDLC18TB003619,CLI-00100,SUC-002,Guatemala,Model C,2026
EV-ACME-03620,ACEMDLE15SB003620,CLI-00774,SUC-002,Guatemala,Model E,2025
EV-ACME-03621,ACEMDLA16TK003621,CLI-00821,SUC-010,Perú,Model A,2026
EV-ACME-03622,ACEMDLC18SG003622,CLI-00004,SUC-007,Canadá,Model C,2025
EV-ACME-03623,ACEMDLD11RF003623,CLI-00458,SUC-006,Argentina,Model D,2024
EV-ACME-03624,ACEMDLD11RH003624,CLI-00861,SUC-008,Chile,Model D,2024
EV-ACME-03625,ACEMDLC19SD003625,CLI-00822,SUC-004,Costa Rica,Model C,2025
EV-ACME-03626,ACEMDLF16SF003626,CLI-00872,SUC-006,Argentina,Model F,2025
EV-ACME-03627,ACEMDLB19SK003627,CLI-00795,SUC-010,Perú,Model B,2025
EV-ACME-03628,ACEMDLC12RE003628,CLI-00290,SUC-005,Colombia,Model C,2024
EV-ACME-03629,ACEMDLE16RE003629,CLI-00344,SUC-005,Colombia,Model E,2024
EV-ACME-03630,ACEMDLC10TE003630,CLI-00341,SUC-005,Colombia,Model C,2026
EV-ACME-03631,ACEMDLC17RH003631,CLI-00063,SUC-008,Chile,Model C,2024
EV-ACME-03632,ACEMDLC11RC003632,CLI-00915,SUC-003,Honduras,Model C,2024
EV-ACME-03633,ACEMDLA10RJ003633,CLI-00199,SUC-009,Panamá,Model A,2024
EV-ACME-03634,ACEMDLE17TK003634,CLI-00862,SUC-010,Perú,Model E,2026
EV-ACME-03635,ACEMDLC12TJ003635,CLI-00881,SUC-009,Panamá,Model C,2026
EV-ACME-03636,ACEMDLF19RG003636,CLI-00773,SUC-007,Canadá,Model F,2024
EV-ACME-03637,ACEMDLB11TA003637,CLI-00906,SUC-001,México,Model B,2026
EV-ACME-03638,ACEMDLA13SC003638,CLI-00020,SUC-003,Honduras,Model A,2025
EV-ACME-03639,ACEMDLE10SG003639,CLI-00294,SUC-007,Canadá,Model E,2025
EV-ACME-03640,ACEMDLB11RJ003640,CLI-00364,SUC-009,Panamá,Model B,2024
EV-ACME-03641,ACEMDLF17RH003641,CLI-00936,SUC-008,Chile,Model F,2024
EV-ACME-03642,ACEMDLF12SK003642,CLI-00991,SUC-010,Perú,Model F,2025
EV-ACME-03643,ACEMDLF12RC003643,CLI-00183,SUC-003,Honduras,Model F,2024
EV-ACME-03644,ACEMDLB16SD003644,CLI-00433,SUC-004,Costa Rica,Model B,2025
EV-ACME-03645,ACEMDLF17TC003645,CLI-00764,SUC-003,Honduras,Model F,2026
EV-ACME-03646,ACEMDLE17TD003646,CLI-00247,SUC-004,Costa Rica,Model E,2026
EV-ACME-03647,ACEMDLB19RK003647,CLI-00768,SUC-010,Perú,Model B,2024
EV-ACME-03648,ACEMDLF15RH003648,CLI-00739,SUC-008,Chile,Model F,2024
EV-ACME-03649,ACEMDLC14TF003649,CLI-00507,SUC-006,Argentina,Model C,2026
EV-ACME-03650,ACEMDLD11SJ003650,CLI-00879,SUC-009,Panamá,Model D,2025
EV-ACME-03651,ACEMDLE10RJ003651,CLI-00664,SUC-009,Panamá,Model E,2024
EV-ACME-03652,ACEMDLA18SD003652,CLI-00327,SUC-004,Costa Rica,Model A,2025
EV-ACME-03653,ACEMDLB12TH003653,CLI-00891,SUC-008,Chile,Model B,2026
EV-ACME-03654,ACEMDLD18SK003654,CLI-00409,SUC-010,Perú,Model D,2025
EV-ACME-03655,ACEMDLA16SC003655,CLI-00263,SUC-003,Honduras,Model A,2025
EV-ACME-03656,ACEMDLF11TH003656,CLI-00143,SUC-008,Chile,Model F,2026
EV-ACME-03657,ACEMDLE10RE003657,CLI-00295,SUC-005,Colombia,Model E,2024
EV-ACME-03658,ACEMDLF19RH003658,CLI-00877,SUC-008,Chile,Model F,2024
EV-ACME-03659,ACEMDLE11RH003659,CLI-00749,SUC-008,Chile,Model E,2024
EV-ACME-03660,ACEMDLE12SF003660,CLI-00782,SUC-006,Argentina,Model E,2025
EV-ACME-03661,ACEMDLA18TG003661,CLI-00905,SUC-007,Canadá,Model A,2026
EV-ACME-03662,ACEMDLE19SB003662,CLI-00284,SUC-002,Guatemala,Model E,2025
EV-ACME-03663,ACEMDLB19TK003663,CLI-00336,SUC-010,Perú,Model B,2026
EV-ACME-03664,ACEMDLB12TG003664,CLI-00674,SUC-007,Canadá,Model B,2026
EV-ACME-03665,ACEMDLB15SF003665,CLI-00114,SUC-006,Argentina,Model B,2025
EV-ACME-03666,ACEMDLA15RA003666,CLI-00814,SUC-001,México,Model A,2024
EV-ACME-03667,ACEMDLB19SD003667,CLI-00327,SUC-004,Costa Rica,Model B,2025
EV-ACME-03668,ACEMDLA17TK003668,CLI-00718,SUC-010,Perú,Model A,2026
EV-ACME-03669,ACEMDLB10RB003669,CLI-00752,SUC-002,Guatemala,Model B,2024
EV-ACME-03670,ACEMDLD18RA003670,CLI-00546,SUC-001,México,Model D,2024
EV-ACME-03671,ACEMDLA16RC003671,CLI-00376,SUC-003,Honduras,Model A,2024
EV-ACME-03672,ACEMDLE15RD003672,CLI-00217,SUC-004,Costa Rica,Model E,2024
EV-ACME-03673,ACEMDLF12SF003673,CLI-00110,SUC-006,Argentina,Model F,2025
EV-ACME-03674,ACEMDLC13TB003674,CLI-00933,SUC-002,Guatemala,Model C,2026
EV-ACME-03675,ACEMDLC14SB003675,CLI-00421,SUC-002,Guatemala,Model C,2025
EV-ACME-03676,ACEMDLC14SK003676,CLI-00638,SUC-010,Perú,Model C,2025
EV-ACME-03677,ACEMDLF18TF003677,CLI-00113,SUC-006,Argentina,Model F,2026
EV-ACME-03678,ACEMDLA17TE003678,CLI-00075,SUC-005,Colombia,Model A,2026
EV-ACME-03679,ACEMDLE10RH003679,CLI-00556,SUC-008,Chile,Model E,2024
EV-ACME-03680,ACEMDLE16RA003680,CLI-00983,SUC-001,México,Model E,2024
EV-ACME-03681,ACEMDLD18RG003681,CLI-00214,SUC-007,Canadá,Model D,2024
EV-ACME-03682,ACEMDLA16TJ003682,CLI-00402,SUC-009,Panamá,Model A,2026
EV-ACME-03683,ACEMDLB18RA003683,CLI-00378,SUC-001,México,Model B,2024
EV-ACME-03684,ACEMDLE15SA003684,CLI-00050,SUC-001,México,Model E,2025
EV-ACME-03685,ACEMDLF14RG003685,CLI-00866,SUC-007,Canadá,Model F,2024
EV-ACME-03686,ACEMDLE12SF003686,CLI-00532,SUC-006,Argentina,Model E,2025
EV-ACME-03687,ACEMDLB13TJ003687,CLI-00951,SUC-009,Panamá,Model B,2026
EV-ACME-03688,ACEMDLA10SF003688,CLI-00011,SUC-006,Argentina,Model A,2025
EV-ACME-03689,ACEMDLC12TA003689,CLI-00706,SUC-001,México,Model C,2026
EV-ACME-03690,ACEMDLC14SD003690,CLI-00182,SUC-004,Costa Rica,Model C,2025
EV-ACME-03691,ACEMDLD10SC003691,CLI-00477,SUC-003,Honduras,Model D,2025
EV-ACME-03692,ACEMDLA10SJ003692,CLI-00970,SUC-009,Panamá,Model A,2025
EV-ACME-03693,ACEMDLD10RD003693,CLI-00922,SUC-004,Costa Rica,Model D,2024
EV-ACME-03694,ACEMDLC18TG003694,CLI-00164,SUC-007,Canadá,Model C,2026
EV-ACME-03695,ACEMDLB10TB003695,CLI-00281,SUC-002,Guatemala,Model B,2026
EV-ACME-03696,ACEMDLB15RJ003696,CLI-00371,SUC-009,Panamá,Model B,2024
EV-ACME-03697,ACEMDLC17TD003697,CLI-00874,SUC-004,Costa Rica,Model C,2026
EV-ACME-03698,ACEMDLD13TC003698,CLI-00975,SUC-003,Honduras,Model D,2026
EV-ACME-03699,ACEMDLC15TD003699,CLI-00464,SUC-004,Costa Rica,Model C,2026
EV-ACME-03700,ACEMDLB14TK003700,CLI-00461,SUC-010,Perú,Model B,2026
EV-ACME-03701,ACEMDLB17TC003701,CLI-00197,SUC-003,Honduras,Model B,2026
EV-ACME-03702,ACEMDLE16SD003702,CLI-00920,SUC-004,Costa Rica,Model E,2025
EV-ACME-03703,ACEMDLA15TD003703,CLI-00784,SUC-004,Costa Rica,Model A,2026
EV-ACME-03704,ACEMDLA19TA003704,CLI-00890,SUC-001,México,Model A,2026
EV-ACME-03705,ACEMDLE12TJ003705,CLI-00449,SUC-009,Panamá,Model E,2026
EV-ACME-03706,ACEMDLF15RA003706,CLI-00753,SUC-001,México,Model F,2024
EV-ACME-03707,ACEMDLA17SG003707,CLI-00465,SUC-007,Canadá,Model A,2025
EV-ACME-03708,ACEMDLB14SJ003708,CLI-00761,SUC-009,Panamá,Model B,2025
EV-ACME-03709,ACEMDLC17TB003709,CLI-00833,SUC-002,Guatemala,Model C,2026
EV-ACME-03710,ACEMDLB11RE003710,CLI-00897,SUC-005,Colombia,Model B,2024
EV-ACME-03711,ACEMDLD17SJ003711,CLI-00982,SUC-009,Panamá,Model D,2025
EV-ACME-03712,ACEMDLE17SB003712,CLI-00771,SUC-002,Guatemala,Model E,2025
EV-ACME-03713,ACEMDLC19SK003713,CLI-00328,SUC-010,Perú,Model C,2025
EV-ACME-03714,ACEMDLD13SA003714,CLI-00025,SUC-001,México,Model D,2025
EV-ACME-03715,ACEMDLF17RD003715,CLI-00561,SUC-004,Costa Rica,Model F,2024
EV-ACME-03716,ACEMDLB14SA003716,CLI-00889,SUC-001,México,Model B,2025
EV-ACME-03717,ACEMDLC13TF003717,CLI-00102,SUC-006,Argentina,Model C,2026
EV-ACME-03718,ACEMDLF13TD003718,CLI-00319,SUC-004,Costa Rica,Model F,2026
EV-ACME-03719,ACEMDLD18SB003719,CLI-00003,SUC-002,Guatemala,Model D,2025
EV-ACME-03720,ACEMDLA17SE003720,CLI-00747,SUC-005,Colombia,Model A,2025
EV-ACME-03721,ACEMDLC11RE003721,CLI-00216,SUC-005,Colombia,Model C,2024
EV-ACME-03722,ACEMDLF18RE003722,CLI-00985,SUC-005,Colombia,Model F,2024
EV-ACME-03723,ACEMDLF15SH003723,CLI-00964,SUC-008,Chile,Model F,2025
EV-ACME-03724,ACEMDLD16RF003724,CLI-00098,SUC-006,Argentina,Model D,2024
EV-ACME-03725,ACEMDLE11TD003725,CLI-00247,SUC-004,Costa Rica,Model E,2026
EV-ACME-03726,ACEMDLB11RK003726,CLI-00587,SUC-010,Perú,Model B,2024
EV-ACME-03727,ACEMDLD18SE003727,CLI-00413,SUC-005,Colombia,Model D,2025
EV-ACME-03728,ACEMDLA18TE003728,CLI-00450,SUC-005,Colombia,Model A,2026
EV-ACME-03729,ACEMDLE16TG003729,CLI-00773,SUC-007,Canadá,Model E,2026
EV-ACME-03730,ACEMDLB19TA003730,CLI-00820,SUC-001,México,Model B,2026
EV-ACME-03731,ACEMDLC13TB003731,CLI-00907,SUC-002,Guatemala,Model C,2026
EV-ACME-03732,ACEMDLA11TB003732,CLI-00187,SUC-002,Guatemala,Model A,2026
EV-ACME-03733,ACEMDLD16SF003733,CLI-00796,SUC-006,Argentina,Model D,2025
EV-ACME-03734,ACEMDLB17SA003734,CLI-00658,SUC-001,México,Model B,2025
EV-ACME-03735,ACEMDLC12TE003735,CLI-00727,SUC-005,Colombia,Model C,2026
EV-ACME-03736,ACEMDLA19TD003736,CLI-00431,SUC-004,Costa Rica,Model A,2026
EV-ACME-03737,ACEMDLB17TJ003737,CLI-00496,SUC-009,Panamá,Model B,2026
EV-ACME-03738,ACEMDLB12RJ003738,CLI-00379,SUC-009,Panamá,Model B,2024
EV-ACME-03739,ACEMDLB11SF003739,CLI-00458,SUC-006,Argentina,Model B,2025
EV-ACME-03740,ACEMDLC13SK003740,CLI-00068,SUC-010,Perú,Model C,2025
EV-ACME-03741,ACEMDLB16RD003741,CLI-00352,SUC-004,Costa Rica,Model B,2024
EV-ACME-03742,ACEMDLD16SB003742,CLI-00652,SUC-002,Guatemala,Model D,2025
EV-ACME-03743,ACEMDLA18RD003743,CLI-00636,SUC-004,Costa Rica,Model A,2024
EV-ACME-03744,ACEMDLF18RJ003744,CLI-00925,SUC-009,Panamá,Model F,2024
EV-ACME-03745,ACEMDLC19SA003745,CLI-00315,SUC-001,México,Model C,2025
EV-ACME-03746,ACEMDLB10TK003746,CLI-00945,SUC-010,Perú,Model B,2026
EV-ACME-03747,ACEMDLB17TF003747,CLI-00577,SUC-006,Argentina,Model B,2026
EV-ACME-03748,ACEMDLA16SC003748,CLI-00888,SUC-003,Honduras,Model A,2025
EV-ACME-03749,ACEMDLD12SA003749,CLI-00356,SUC-001,México,Model D,2025
EV-ACME-03750,ACEMDLE15TE003750,CLI-00417,SUC-005,Colombia,Model E,2026
EV-ACME-03751,ACEMDLE12SJ003751,CLI-00519,SUC-009,Panamá,Model E,2025
EV-ACME-03752,ACEMDLA14SC003752,CLI-00875,SUC-003,Honduras,Model A,2025
EV-ACME-03753,ACEMDLA18TA003753,CLI-00744,SUC-001,México,Model A,2026
EV-ACME-03754,ACEMDLA14SJ003754,CLI-00950,SUC-009,Panamá,Model A,2025
EV-ACME-03755,ACEMDLE19SH003755,CLI-00563,SUC-008,Chile,Model E,2025
EV-ACME-03756,ACEMDLB14SE003756,CLI-00958,SUC-005,Colombia,Model B,2025
EV-ACME-03757,ACEMDLE15RJ003757,CLI-00694,SUC-009,Panamá,Model E,2024
EV-ACME-03758,ACEMDLE12SA003758,CLI-00234,SUC-001,México,Model E,2025
EV-ACME-03759,ACEMDLB14TC003759,CLI-00357,SUC-003,Honduras,Model B,2026
EV-ACME-03760,ACEMDLE11RJ003760,CLI-00664,SUC-009,Panamá,Model E,2024
EV-ACME-03761,ACEMDLC14TE003761,CLI-00246,SUC-005,Colombia,Model C,2026
EV-ACME-03762,ACEMDLE14SA003762,CLI-00221,SUC-001,México,Model E,2025
EV-ACME-03763,ACEMDLB10RE003763,CLI-00825,SUC-005,Colombia,Model B,2024
EV-ACME-03764,ACEMDLE10RH003764,CLI-00736,SUC-008,Chile,Model E,2024
EV-ACME-03765,ACEMDLE13TC003765,CLI-00842,SUC-003,Honduras,Model E,2026
EV-ACME-03766,ACEMDLF12SB003766,CLI-00272,SUC-002,Guatemala,Model F,2025
EV-ACME-03767,ACEMDLD14RD003767,CLI-00918,SUC-004,Costa Rica,Model D,2024
EV-ACME-03768,ACEMDLA19TG003768,CLI-00740,SUC-007,Canadá,Model A,2026
EV-ACME-03769,ACEMDLD12TH003769,CLI-00994,SUC-008,Chile,Model D,2026
EV-ACME-03770,ACEMDLB16TE003770,CLI-00128,SUC-005,Colombia,Model B,2026
EV-ACME-03771,ACEMDLD12SC003771,CLI-00086,SUC-003,Honduras,Model D,2025
EV-ACME-03772,ACEMDLC11TA003772,CLI-00329,SUC-001,México,Model C,2026
EV-ACME-03773,ACEMDLB12TG003773,CLI-00380,SUC-007,Canadá,Model B,2026
EV-ACME-03774,ACEMDLB11RF003774,CLI-00738,SUC-006,Argentina,Model B,2024
EV-ACME-03775,ACEMDLC18TD003775,CLI-00605,SUC-004,Costa Rica,Model C,2026
EV-ACME-03776,ACEMDLE16TA003776,CLI-00820,SUC-001,México,Model E,2026
EV-ACME-03777,ACEMDLC11TA003777,CLI-00704,SUC-001,México,Model C,2026
EV-ACME-03778,ACEMDLF16SA003778,CLI-00152,SUC-001,México,Model F,2025
EV-ACME-03779,ACEMDLE12SG003779,CLI-00934,SUC-007,Canadá,Model E,2025
EV-ACME-03780,ACEMDLE14SJ003780,CLI-00121,SUC-009,Panamá,Model E,2025
EV-ACME-03781,ACEMDLC16RC003781,CLI-00549,SUC-003,Honduras,Model C,2024
EV-ACME-03782,ACEMDLA19SD003782,CLI-00240,SUC-004,Costa Rica,Model A,2025
EV-ACME-03783,ACEMDLA13RK003783,CLI-00137,SUC-010,Perú,Model A,2024
EV-ACME-03784,ACEMDLE14TD003784,CLI-00939,SUC-004,Costa Rica,Model E,2026
EV-ACME-03785,ACEMDLE10TH003785,CLI-00134,SUC-008,Chile,Model E,2026
EV-ACME-03786,ACEMDLE11RA003786,CLI-00234,SUC-001,México,Model E,2024
EV-ACME-03787,ACEMDLF17SH003787,CLI-00009,SUC-008,Chile,Model F,2025
EV-ACME-03788,ACEMDLD10RK003788,CLI-00147,SUC-010,Perú,Model D,2024
EV-ACME-03789,ACEMDLE14SD003789,CLI-00927,SUC-004,Costa Rica,Model E,2025
EV-ACME-03790,ACEMDLE17TF003790,CLI-00812,SUC-006,Argentina,Model E,2026
EV-ACME-03791,ACEMDLD19TH003791,CLI-00868,SUC-008,Chile,Model D,2026
EV-ACME-03792,ACEMDLF15RH003792,CLI-00964,SUC-008,Chile,Model F,2024
EV-ACME-03793,ACEMDLD11SJ003793,CLI-00434,SUC-009,Panamá,Model D,2025
EV-ACME-03794,ACEMDLD11RK003794,CLI-00935,SUC-010,Perú,Model D,2024
EV-ACME-03795,ACEMDLB13SJ003795,CLI-00566,SUC-009,Panamá,Model B,2025
EV-ACME-03796,ACEMDLA18TD003796,CLI-00511,SUC-004,Costa Rica,Model A,2026
EV-ACME-03797,ACEMDLA12RE003797,CLI-00065,SUC-005,Colombia,Model A,2024
EV-ACME-03798,ACEMDLC18SK003798,CLI-00149,SUC-010,Perú,Model C,2025
EV-ACME-03799,ACEMDLA12RC003799,CLI-00463,SUC-003,Honduras,Model A,2024
EV-ACME-03800,ACEMDLC15RD003800,CLI-00061,SUC-004,Costa Rica,Model C,2024
EV-ACME-03801,ACEMDLE11TH003801,CLI-00107,SUC-008,Chile,Model E,2026
EV-ACME-03802,ACEMDLB16TB003802,CLI-00087,SUC-002,Guatemala,Model B,2026
EV-ACME-03803,ACEMDLE17SJ003803,CLI-00496,SUC-009,Panamá,Model E,2025
EV-ACME-03804,ACEMDLE17TD003804,CLI-00031,SUC-004,Costa Rica,Model E,2026
EV-ACME-03805,ACEMDLA11RA003805,CLI-00546,SUC-001,México,Model A,2024
EV-ACME-03806,ACEMDLE13SD003806,CLI-00874,SUC-004,Costa Rica,Model E,2025
EV-ACME-03807,ACEMDLB18SC003807,CLI-00598,SUC-003,Honduras,Model B,2025
EV-ACME-03808,ACEMDLD19TK003808,CLI-00590,SUC-010,Perú,Model D,2026
EV-ACME-03809,ACEMDLA17RH003809,CLI-00910,SUC-008,Chile,Model A,2024
EV-ACME-03810,ACEMDLA12SC003810,CLI-00841,SUC-003,Honduras,Model A,2025
EV-ACME-03811,ACEMDLD11SK003811,CLI-00026,SUC-010,Perú,Model D,2025
EV-ACME-03812,ACEMDLE17SD003812,CLI-00160,SUC-004,Costa Rica,Model E,2025
EV-ACME-03813,ACEMDLC14SB003813,CLI-00527,SUC-002,Guatemala,Model C,2025
EV-ACME-03814,ACEMDLE19RA003814,CLI-00814,SUC-001,México,Model E,2024
EV-ACME-03815,ACEMDLC13SB003815,CLI-00997,SUC-002,Guatemala,Model C,2025
EV-ACME-03816,ACEMDLD19TC003816,CLI-00427,SUC-003,Honduras,Model D,2026
EV-ACME-03817,ACEMDLC19TE003817,CLI-00627,SUC-005,Colombia,Model C,2026
EV-ACME-03818,ACEMDLD14RD003818,CLI-00309,SUC-004,Costa Rica,Model D,2024
EV-ACME-03819,ACEMDLF19TB003819,CLI-00139,SUC-002,Guatemala,Model F,2026
EV-ACME-03820,ACEMDLC10RG003820,CLI-00411,SUC-007,Canadá,Model C,2024
EV-ACME-03821,ACEMDLA10SD003821,CLI-00433,SUC-004,Costa Rica,Model A,2025
EV-ACME-03822,ACEMDLF12RK003822,CLI-00302,SUC-010,Perú,Model F,2024
EV-ACME-03823,ACEMDLA11TK003823,CLI-00024,SUC-010,Perú,Model A,2026
EV-ACME-03824,ACEMDLE10TB003824,CLI-00907,SUC-002,Guatemala,Model E,2026
EV-ACME-03825,ACEMDLC17TJ003825,CLI-00843,SUC-009,Panamá,Model C,2026
EV-ACME-03826,ACEMDLB19RC003826,CLI-00536,SUC-003,Honduras,Model B,2024
EV-ACME-03827,ACEMDLF18SB003827,CLI-00698,SUC-002,Guatemala,Model F,2025
EV-ACME-03828,ACEMDLD12SK003828,CLI-00870,SUC-010,Perú,Model D,2025
EV-ACME-03829,ACEMDLB11SE003829,CLI-00999,SUC-005,Colombia,Model B,2025
EV-ACME-03830,ACEMDLD15RK003830,CLI-00528,SUC-010,Perú,Model D,2024
EV-ACME-03831,ACEMDLC17SH003831,CLI-00780,SUC-008,Chile,Model C,2025
EV-ACME-03832,ACEMDLB18TF003832,CLI-00904,SUC-006,Argentina,Model B,2026
EV-ACME-03833,ACEMDLF15TD003833,CLI-00882,SUC-004,Costa Rica,Model F,2026
EV-ACME-03834,ACEMDLE18TB003834,CLI-00142,SUC-002,Guatemala,Model E,2026
EV-ACME-03835,ACEMDLE14TH003835,CLI-00728,SUC-008,Chile,Model E,2026
EV-ACME-03836,ACEMDLC17SB003836,CLI-00088,SUC-002,Guatemala,Model C,2025
EV-ACME-03837,ACEMDLE19SH003837,CLI-00894,SUC-008,Chile,Model E,2025
EV-ACME-03838,ACEMDLF13SK003838,CLI-00398,SUC-010,Perú,Model F,2025
EV-ACME-03839,ACEMDLE12RE003839,CLI-00450,SUC-005,Colombia,Model E,2024
EV-ACME-03840,ACEMDLA17RF003840,CLI-00305,SUC-006,Argentina,Model A,2024
EV-ACME-03841,ACEMDLE12SK003841,CLI-00410,SUC-010,Perú,Model E,2025
EV-ACME-03842,ACEMDLF15TK003842,CLI-00991,SUC-010,Perú,Model F,2026
EV-ACME-03843,ACEMDLD19RJ003843,CLI-00982,SUC-009,Panamá,Model D,2024
EV-ACME-03844,ACEMDLE13RF003844,CLI-00680,SUC-006,Argentina,Model E,2024
EV-ACME-03845,ACEMDLE13TD003845,CLI-00217,SUC-004,Costa Rica,Model E,2026
EV-ACME-03846,ACEMDLA17RA003846,CLI-00989,SUC-001,México,Model A,2024
EV-ACME-03847,ACEMDLD11SH003847,CLI-00502,SUC-008,Chile,Model D,2025
EV-ACME-03848,ACEMDLB19TE003848,CLI-00797,SUC-005,Colombia,Model B,2026
EV-ACME-03849,ACEMDLE12RF003849,CLI-00180,SUC-006,Argentina,Model E,2024
EV-ACME-03850,ACEMDLD12RK003850,CLI-00746,SUC-010,Perú,Model D,2024
EV-ACME-03851,ACEMDLB16SJ003851,CLI-00767,SUC-009,Panamá,Model B,2025
EV-ACME-03852,ACEMDLC14SG003852,CLI-00808,SUC-007,Canadá,Model C,2025
EV-ACME-03853,ACEMDLC18RF003853,CLI-00492,SUC-006,Argentina,Model C,2024
EV-ACME-03854,ACEMDLB12SH003854,CLI-00109,SUC-008,Chile,Model B,2025
EV-ACME-03855,ACEMDLB12TJ003855,CLI-00313,SUC-009,Panamá,Model B,2026
EV-ACME-03856,ACEMDLD13TF003856,CLI-00260,SUC-006,Argentina,Model D,2026
EV-ACME-03857,ACEMDLF16TJ003857,CLI-00487,SUC-009,Panamá,Model F,2026
EV-ACME-03858,ACEMDLF18TK003858,CLI-00189,SUC-010,Perú,Model F,2026
EV-ACME-03859,ACEMDLB13TE003859,CLI-00788,SUC-005,Colombia,Model B,2026
EV-ACME-03860,ACEMDLB14RF003860,CLI-00723,SUC-006,Argentina,Model B,2024
EV-ACME-03861,ACEMDLF10RG003861,CLI-00004,SUC-007,Canadá,Model F,2024
EV-ACME-03862,ACEMDLC10TC003862,CLI-00265,SUC-003,Honduras,Model C,2026
EV-ACME-03863,ACEMDLA16RH003863,CLI-00021,SUC-008,Chile,Model A,2024
EV-ACME-03864,ACEMDLB14RC003864,CLI-00236,SUC-003,Honduras,Model B,2024
EV-ACME-03865,ACEMDLC14TG003865,CLI-00019,SUC-007,Canadá,Model C,2026
EV-ACME-03866,ACEMDLC15SG003866,CLI-00439,SUC-007,Canadá,Model C,2025
EV-ACME-03867,ACEMDLC14SK003867,CLI-00711,SUC-010,Perú,Model C,2025
EV-ACME-03868,ACEMDLE17SG003868,CLI-00294,SUC-007,Canadá,Model E,2025
EV-ACME-03869,ACEMDLC19RJ003869,CLI-00232,SUC-009,Panamá,Model C,2024
EV-ACME-03870,ACEMDLA13TJ003870,CLI-00406,SUC-009,Panamá,Model A,2026
EV-ACME-03871,ACEMDLC13RK003871,CLI-00711,SUC-010,Perú,Model C,2024
EV-ACME-03872,ACEMDLF17TG003872,CLI-00435,SUC-007,Canadá,Model F,2026
EV-ACME-03873,ACEMDLF12RC003873,CLI-00504,SUC-003,Honduras,Model F,2024
EV-ACME-03874,ACEMDLA14SC003874,CLI-00764,SUC-003,Honduras,Model A,2025
EV-ACME-03875,ACEMDLB14RA003875,CLI-00315,SUC-001,México,Model B,2024
EV-ACME-03876,ACEMDLF11SF003876,CLI-00786,SUC-006,Argentina,Model F,2025
EV-ACME-03877,ACEMDLC10RK003877,CLI-00275,SUC-010,Perú,Model C,2024
EV-ACME-03878,ACEMDLE16TD003878,CLI-00922,SUC-004,Costa Rica,Model E,2026
EV-ACME-03879,ACEMDLF18SJ003879,CLI-00761,SUC-009,Panamá,Model F,2025
EV-ACME-03880,ACEMDLD16SF003880,CLI-00492,SUC-006,Argentina,Model D,2025
EV-ACME-03881,ACEMDLB14SJ003881,CLI-00596,SUC-009,Panamá,Model B,2025
EV-ACME-03882,ACEMDLB11RH003882,CLI-00009,SUC-008,Chile,Model B,2024
EV-ACME-03883,ACEMDLA11TA003883,CLI-00210,SUC-001,México,Model A,2026
EV-ACME-03884,ACEMDLE15RJ003884,CLI-00717,SUC-009,Panamá,Model E,2024
EV-ACME-03885,ACEMDLF19RD003885,CLI-00828,SUC-004,Costa Rica,Model F,2024
EV-ACME-03886,ACEMDLA16RH003886,CLI-00343,SUC-008,Chile,Model A,2024
EV-ACME-03887,ACEMDLF10RE003887,CLI-00290,SUC-005,Colombia,Model F,2024
EV-ACME-03888,ACEMDLD19RE003888,CLI-00999,SUC-005,Colombia,Model D,2024
EV-ACME-03889,ACEMDLE18RG003889,CLI-00462,SUC-007,Canadá,Model E,2024
EV-ACME-03890,ACEMDLC12TC003890,CLI-00598,SUC-003,Honduras,Model C,2026
EV-ACME-03891,ACEMDLD19TB003891,CLI-00013,SUC-002,Guatemala,Model D,2026
EV-ACME-03892,ACEMDLF14SB003892,CLI-00557,SUC-002,Guatemala,Model F,2025
EV-ACME-03893,ACEMDLF16SC003893,CLI-00571,SUC-003,Honduras,Model F,2025
EV-ACME-03894,ACEMDLA13SB003894,CLI-00771,SUC-002,Guatemala,Model A,2025
EV-ACME-03895,ACEMDLE10TF003895,CLI-00606,SUC-006,Argentina,Model E,2026
EV-ACME-03896,ACEMDLB10TD003896,CLI-00355,SUC-004,Costa Rica,Model B,2026
EV-ACME-03897,ACEMDLE18RC003897,CLI-00236,SUC-003,Honduras,Model E,2024
EV-ACME-03898,ACEMDLF11TC003898,CLI-00490,SUC-003,Honduras,Model F,2026
EV-ACME-03899,ACEMDLD17RB003899,CLI-00276,SUC-002,Guatemala,Model D,2024
EV-ACME-03900,ACEMDLF15RF003900,CLI-00766,SUC-006,Argentina,Model F,2024
EV-ACME-03901,ACEMDLF13RD003901,CLI-00381,SUC-004,Costa Rica,Model F,2024
EV-ACME-03902,ACEMDLC16SB003902,CLI-00815,SUC-002,Guatemala,Model C,2025
EV-ACME-03903,ACEMDLD16TC003903,CLI-00191,SUC-003,Honduras,Model D,2026
EV-ACME-03904,ACEMDLA18TA003904,CLI-00041,SUC-001,México,Model A,2026
EV-ACME-03905,ACEMDLB14TJ003905,CLI-00942,SUC-009,Panamá,Model B,2026
EV-ACME-03906,ACEMDLC18SB003906,CLI-00080,SUC-002,Guatemala,Model C,2025
EV-ACME-03907,ACEMDLC16TJ003907,CLI-00044,SUC-009,Panamá,Model C,2026
EV-ACME-03908,ACEMDLD17TK003908,CLI-00482,SUC-010,Perú,Model D,2026
EV-ACME-03909,ACEMDLA18SJ003909,CLI-00834,SUC-009,Panamá,Model A,2025
EV-ACME-03910,ACEMDLE18TH003910,CLI-00948,SUC-008,Chile,Model E,2026
EV-ACME-03911,ACEMDLC10SF003911,CLI-00687,SUC-006,Argentina,Model C,2025
EV-ACME-03912,ACEMDLD10RD003912,CLI-00570,SUC-004,Costa Rica,Model D,2024
EV-ACME-03913,ACEMDLF16SK003913,CLI-00491,SUC-010,Perú,Model F,2025
EV-ACME-03914,ACEMDLF18SE003914,CLI-00337,SUC-005,Colombia,Model F,2025
EV-ACME-03915,ACEMDLC16SJ003915,CLI-00854,SUC-009,Panamá,Model C,2025
EV-ACME-03916,ACEMDLE17TJ003916,CLI-00519,SUC-009,Panamá,Model E,2026
EV-ACME-03917,ACEMDLE16SJ003917,CLI-00389,SUC-009,Panamá,Model E,2025
EV-ACME-03918,ACEMDLD19SE003918,CLI-00257,SUC-005,Colombia,Model D,2025
EV-ACME-03919,ACEMDLA15SA003919,CLI-00029,SUC-001,México,Model A,2025
EV-ACME-03920,ACEMDLC13TJ003920,CLI-00184,SUC-009,Panamá,Model C,2026
EV-ACME-03921,ACEMDLD11TB003921,CLI-00139,SUC-002,Guatemala,Model D,2026
EV-ACME-03922,ACEMDLD11SG003922,CLI-00393,SUC-007,Canadá,Model D,2025
EV-ACME-03923,ACEMDLE19TG003923,CLI-00214,SUC-007,Canadá,Model E,2026
EV-ACME-03924,ACEMDLD14TB003924,CLI-00998,SUC-002,Guatemala,Model D,2026
EV-ACME-03925,ACEMDLC12TG003925,CLI-00448,SUC-007,Canadá,Model C,2026
EV-ACME-03926,ACEMDLF15RC003926,CLI-00477,SUC-003,Honduras,Model F,2024
EV-ACME-03927,ACEMDLE16SB003927,CLI-00793,SUC-002,Guatemala,Model E,2025
EV-ACME-03928,ACEMDLC18TD003928,CLI-00918,SUC-004,Costa Rica,Model C,2026
EV-ACME-03929,ACEMDLA19TH003929,CLI-00913,SUC-008,Chile,Model A,2026
EV-ACME-03930,ACEMDLC12SD003930,CLI-00498,SUC-004,Costa Rica,Model C,2025
EV-ACME-03931,ACEMDLF12RD003931,CLI-00291,SUC-004,Costa Rica,Model F,2024
EV-ACME-03932,ACEMDLD14SE003932,CLI-00365,SUC-005,Colombia,Model D,2025
EV-ACME-03933,ACEMDLE13SF003933,CLI-00804,SUC-006,Argentina,Model E,2025
EV-ACME-03934,ACEMDLD19TB003934,CLI-00616,SUC-002,Guatemala,Model D,2026
EV-ACME-03935,ACEMDLF13TB003935,CLI-00407,SUC-002,Guatemala,Model F,2026
EV-ACME-03936,ACEMDLB14SH003936,CLI-00089,SUC-008,Chile,Model B,2025
EV-ACME-03937,ACEMDLE17RK003937,CLI-00710,SUC-010,Perú,Model E,2024
EV-ACME-03938,ACEMDLF18SK003938,CLI-00296,SUC-010,Perú,Model F,2025
EV-ACME-03939,ACEMDLA19RA003939,CLI-00133,SUC-001,México,Model A,2024
EV-ACME-03940,ACEMDLE19RJ003940,CLI-00184,SUC-009,Panamá,Model E,2024
EV-ACME-03941,ACEMDLA10TJ003941,CLI-00829,SUC-009,Panamá,Model A,2026
EV-ACME-03942,ACEMDLF19SJ003942,CLI-00765,SUC-009,Panamá,Model F,2025
EV-ACME-03943,ACEMDLE12TJ003943,CLI-00886,SUC-009,Panamá,Model E,2026
EV-ACME-03944,ACEMDLC12TH003944,CLI-00775,SUC-008,Chile,Model C,2026
EV-ACME-03945,ACEMDLC14RJ003945,CLI-00256,SUC-009,Panamá,Model C,2024
EV-ACME-03946,ACEMDLB18SE003946,CLI-00224,SUC-005,Colombia,Model B,2025
EV-ACME-03947,ACEMDLF10TK003947,CLI-00638,SUC-010,Perú,Model F,2026
EV-ACME-03948,ACEMDLF11RF003948,CLI-00244,SUC-006,Argentina,Model F,2024
EV-ACME-03949,ACEMDLD11SD003949,CLI-00996,SUC-004,Costa Rica,Model D,2025
EV-ACME-03950,ACEMDLE15SK003950,CLI-00733,SUC-010,Perú,Model E,2025
EV-ACME-03951,ACEMDLA12SD003951,CLI-00331,SUC-004,Costa Rica,Model A,2025
EV-ACME-03952,ACEMDLE11SE003952,CLI-00059,SUC-005,Colombia,Model E,2025
EV-ACME-03953,ACEMDLA11TC003953,CLI-00430,SUC-003,Honduras,Model A,2026
EV-ACME-03954,ACEMDLE18RH003954,CLI-00195,SUC-008,Chile,Model E,2024
EV-ACME-03955,ACEMDLF18RC003955,CLI-00460,SUC-003,Honduras,Model F,2024
EV-ACME-03956,ACEMDLC17SD003956,CLI-00882,SUC-004,Costa Rica,Model C,2025
EV-ACME-03957,ACEMDLB12TB003957,CLI-00603,SUC-002,Guatemala,Model B,2026
EV-ACME-03958,ACEMDLD15SB003958,CLI-00790,SUC-002,Guatemala,Model D,2025
EV-ACME-03959,ACEMDLD16TH003959,CLI-00107,SUC-008,Chile,Model D,2026
EV-ACME-03960,ACEMDLF18TF003960,CLI-00338,SUC-006,Argentina,Model F,2026
EV-ACME-03961,ACEMDLC14SF003961,CLI-00751,SUC-006,Argentina,Model C,2025
EV-ACME-03962,ACEMDLB15TB003962,CLI-00300,SUC-002,Guatemala,Model B,2026
EV-ACME-03963,ACEMDLE10TB003963,CLI-00774,SUC-002,Guatemala,Model E,2026
EV-ACME-03964,ACEMDLE13RK003964,CLI-00568,SUC-010,Perú,Model E,2024
EV-ACME-03965,ACEMDLD16SD003965,CLI-00917,SUC-004,Costa Rica,Model D,2025
EV-ACME-03966,ACEMDLF14TE003966,CLI-00074,SUC-005,Colombia,Model F,2026
EV-ACME-03967,ACEMDLE12SK003967,CLI-00750,SUC-010,Perú,Model E,2025
EV-ACME-03968,ACEMDLF12RJ003968,CLI-00402,SUC-009,Panamá,Model F,2024
EV-ACME-03969,ACEMDLC19SD003969,CLI-00517,SUC-004,Costa Rica,Model C,2025
EV-ACME-03970,ACEMDLF16TA003970,CLI-00989,SUC-001,México,Model F,2026
EV-ACME-03971,ACEMDLA10TF003971,CLI-00317,SUC-006,Argentina,Model A,2026
EV-ACME-03972,ACEMDLA18SJ003972,CLI-00664,SUC-009,Panamá,Model A,2025
EV-ACME-03973,ACEMDLA19RK003973,CLI-00161,SUC-010,Perú,Model A,2024
EV-ACME-03974,ACEMDLF14TH003974,CLI-00715,SUC-008,Chile,Model F,2026
EV-ACME-03975,ACEMDLD10SH003975,CLI-00913,SUC-008,Chile,Model D,2025
EV-ACME-03976,ACEMDLD17TJ003976,CLI-00765,SUC-009,Panamá,Model D,2026
EV-ACME-03977,ACEMDLA14RH003977,CLI-00512,SUC-008,Chile,Model A,2024
EV-ACME-03978,ACEMDLA14RF003978,CLI-00816,SUC-006,Argentina,Model A,2024
EV-ACME-03979,ACEMDLF15TH003979,CLI-00343,SUC-008,Chile,Model F,2026
EV-ACME-03980,ACEMDLB15TE003980,CLI-00075,SUC-005,Colombia,Model B,2026
EV-ACME-03981,ACEMDLF11RF003981,CLI-00244,SUC-006,Argentina,Model F,2024
EV-ACME-03982,ACEMDLD10TK003982,CLI-00068,SUC-010,Perú,Model D,2026
EV-ACME-03983,ACEMDLF13SE003983,CLI-00032,SUC-005,Colombia,Model F,2025
EV-ACME-03984,ACEMDLB16SG003984,CLI-00462,SUC-007,Canadá,Model B,2025
EV-ACME-03985,ACEMDLA13RD003985,CLI-00355,SUC-004,Costa Rica,Model A,2024
EV-ACME-03986,ACEMDLE19RB003986,CLI-00045,SUC-002,Guatemala,Model E,2024
EV-ACME-03987,ACEMDLB13RE003987,CLI-00847,SUC-005,Colombia,Model B,2024
EV-ACME-03988,ACEMDLF12TB003988,CLI-00421,SUC-002,Guatemala,Model F,2026
EV-ACME-03989,ACEMDLA14RH003989,CLI-00515,SUC-008,Chile,Model A,2024
EV-ACME-03990,ACEMDLE17RK003990,CLI-00794,SUC-010,Perú,Model E,2024
EV-ACME-03991,ACEMDLD10SF003991,CLI-00984,SUC-006,Argentina,Model D,2025
EV-ACME-03992,ACEMDLE19SB003992,CLI-00219,SUC-002,Guatemala,Model E,2025
EV-ACME-03993,ACEMDLF11RH003993,CLI-00375,SUC-008,Chile,Model F,2024
EV-ACME-03994,ACEMDLA10TK003994,CLI-00710,SUC-010,Perú,Model A,2026
EV-ACME-03995,ACEMDLA16RH003995,CLI-00891,SUC-008,Chile,Model A,2024
EV-ACME-03996,ACEMDLD16TD003996,CLI-00996,SUC-004,Costa Rica,Model D,2026
EV-ACME-03997,ACEMDLA17SA003997,CLI-00133,SUC-001,México,Model A,2025
EV-ACME-03998,ACEMDLA13SA003998,CLI-00820,SUC-001,México,Model A,2025
EV-ACME-03999,ACEMDLD16RJ003999,CLI-00519,SUC-009,Panamá,Model D,2024
EV-ACME-04000,ACEMDLC12SJ004000,CLI-00377,SUC-009,Panamá,Model C,2025
EV-ACME-04001,ACEMDLD13TH004001,CLI-00830,SUC-008,Chile,Model D,2026
EV-ACME-04002,ACEMDLB13SK004002,CLI-00690,SUC-010,Perú,Model B,2025
EV-ACME-04003,ACEMDLC13RD004003,CLI-00859,SUC-004,Costa Rica,Model C,2024
EV-ACME-04004,ACEMDLD17RK004004,CLI-00137,SUC-010,Perú,Model D,2024
EV-ACME-04005,ACEMDLF12SG004005,CLI-00531,SUC-007,Canadá,Model F,2025
EV-ACME-04006,ACEMDLB11SJ004006,CLI-00586,SUC-009,Panamá,Model B,2025
EV-ACME-04007,ACEMDLC19TK004007,CLI-00718,SUC-010,Perú,Model C,2026
EV-ACME-04008,ACEMDLD19RG004008,CLI-00393,SUC-007,Canadá,Model D,2024
EV-ACME-04009,ACEMDLD16SK004009,CLI-00302,SUC-010,Perú,Model D,2025
EV-ACME-04010,ACEMDLC19TB004010,CLI-00907,SUC-002,Guatemala,Model C,2026
EV-ACME-04011,ACEMDLE18RH004011,CLI-00736,SUC-008,Chile,Model E,2024
EV-ACME-04012,ACEMDLA17TC004012,CLI-00591,SUC-003,Honduras,Model A,2026
EV-ACME-04013,ACEMDLC13SF004013,CLI-00792,SUC-006,Argentina,Model C,2025
EV-ACME-04014,ACEMDLF13SA004014,CLI-00814,SUC-001,México,Model F,2025
EV-ACME-04015,ACEMDLC10TJ004015,CLI-00252,SUC-009,Panamá,Model C,2026
EV-ACME-04016,ACEMDLB11TB004016,CLI-00774,SUC-002,Guatemala,Model B,2026
EV-ACME-04017,ACEMDLC17TD004017,CLI-00649,SUC-004,Costa Rica,Model C,2026
EV-ACME-04018,ACEMDLE15TJ004018,CLI-00434,SUC-009,Panamá,Model E,2026
EV-ACME-04019,ACEMDLB15RG004019,CLI-00560,SUC-007,Canadá,Model B,2024
EV-ACME-04020,ACEMDLE18TH004020,CLI-00894,SUC-008,Chile,Model E,2026
EV-ACME-04021,ACEMDLC16TA004021,CLI-00654,SUC-001,México,Model C,2026
EV-ACME-04022,ACEMDLF19RB004022,CLI-00276,SUC-002,Guatemala,Model F,2024
EV-ACME-04023,ACEMDLF16TF004023,CLI-00533,SUC-006,Argentina,Model F,2026
EV-ACME-04024,ACEMDLD11TB004024,CLI-00619,SUC-002,Guatemala,Model D,2026
EV-ACME-04025,ACEMDLF17SG004025,CLI-00439,SUC-007,Canadá,Model F,2025
EV-ACME-04026,ACEMDLC12TC004026,CLI-00432,SUC-003,Honduras,Model C,2026
EV-ACME-04027,ACEMDLB13TE004027,CLI-00967,SUC-005,Colombia,Model B,2026
EV-ACME-04028,ACEMDLE14TK004028,CLI-00638,SUC-010,Perú,Model E,2026
EV-ACME-04029,ACEMDLD18TB004029,CLI-00231,SUC-002,Guatemala,Model D,2026
EV-ACME-04030,ACEMDLF18TC004030,CLI-00583,SUC-003,Honduras,Model F,2026
EV-ACME-04031,ACEMDLC13SK004031,CLI-00638,SUC-010,Perú,Model C,2025
EV-ACME-04032,ACEMDLD17TE004032,CLI-00806,SUC-005,Colombia,Model D,2026
EV-ACME-04033,ACEMDLC11TG004033,CLI-00380,SUC-007,Canadá,Model C,2026
EV-ACME-04034,ACEMDLC12RF004034,CLI-00720,SUC-006,Argentina,Model C,2024
EV-ACME-04035,ACEMDLF17SA004035,CLI-00084,SUC-001,México,Model F,2025
EV-ACME-04036,ACEMDLE18SH004036,CLI-00138,SUC-008,Chile,Model E,2025
EV-ACME-04037,ACEMDLB10RF004037,CLI-00014,SUC-006,Argentina,Model B,2024
EV-ACME-04038,ACEMDLE12RA004038,CLI-00625,SUC-001,México,Model E,2024
EV-ACME-04039,ACEMDLE13TA004039,CLI-00580,SUC-001,México,Model E,2026
EV-ACME-04040,ACEMDLF17RC004040,CLI-00863,SUC-003,Honduras,Model F,2024
EV-ACME-04041,ACEMDLD17TA004041,CLI-00838,SUC-001,México,Model D,2026
EV-ACME-04042,ACEMDLE11TD004042,CLI-00683,SUC-004,Costa Rica,Model E,2026
EV-ACME-04043,ACEMDLD13SB004043,CLI-00998,SUC-002,Guatemala,Model D,2025
EV-ACME-04044,ACEMDLD18RA004044,CLI-00066,SUC-001,México,Model D,2024
EV-ACME-04045,ACEMDLC11TC004045,CLI-00176,SUC-003,Honduras,Model C,2026
EV-ACME-04046,ACEMDLE13SF004046,CLI-00564,SUC-006,Argentina,Model E,2025
EV-ACME-04047,ACEMDLF19RF004047,CLI-00755,SUC-006,Argentina,Model F,2024
EV-ACME-04048,ACEMDLB10TK004048,CLI-00283,SUC-010,Perú,Model B,2026
EV-ACME-04049,ACEMDLC16TJ004049,CLI-00829,SUC-009,Panamá,Model C,2026
EV-ACME-04050,ACEMDLE15TD004050,CLI-00634,SUC-004,Costa Rica,Model E,2026
EV-ACME-04051,ACEMDLB10RC004051,CLI-00136,SUC-003,Honduras,Model B,2024
EV-ACME-04052,ACEMDLE13TK004052,CLI-00366,SUC-010,Perú,Model E,2026
EV-ACME-04053,ACEMDLA10SH004053,CLI-00339,SUC-008,Chile,Model A,2025
EV-ACME-04054,ACEMDLF10RJ004054,CLI-00707,SUC-009,Panamá,Model F,2024
EV-ACME-04055,ACEMDLB14SF004055,CLI-00156,SUC-006,Argentina,Model B,2025
EV-ACME-04056,ACEMDLF19RJ004056,CLI-00374,SUC-009,Panamá,Model F,2024
EV-ACME-04057,ACEMDLA13SF004057,CLI-00966,SUC-006,Argentina,Model A,2025
EV-ACME-04058,ACEMDLB12TH004058,CLI-00107,SUC-008,Chile,Model B,2026
EV-ACME-04059,ACEMDLC13SH004059,CLI-00781,SUC-008,Chile,Model C,2025
EV-ACME-04060,ACEMDLD15RA004060,CLI-00704,SUC-001,México,Model D,2024
EV-ACME-04061,ACEMDLD18RE004061,CLI-00054,SUC-005,Colombia,Model D,2024
EV-ACME-04062,ACEMDLB10RG004062,CLI-00288,SUC-007,Canadá,Model B,2024
EV-ACME-04063,ACEMDLB18SK004063,CLI-00851,SUC-010,Perú,Model B,2025
EV-ACME-04064,ACEMDLC11TK004064,CLI-00471,SUC-010,Perú,Model C,2026
EV-ACME-04065,ACEMDLE15TK004065,CLI-00416,SUC-010,Perú,Model E,2026
EV-ACME-04066,ACEMDLC14RJ004066,CLI-00060,SUC-009,Panamá,Model C,2024
EV-ACME-04067,ACEMDLC12SB004067,CLI-00651,SUC-002,Guatemala,Model C,2025
EV-ACME-04068,ACEMDLB13TD004068,CLI-00237,SUC-004,Costa Rica,Model B,2026
EV-ACME-04069,ACEMDLA13SC004069,CLI-00975,SUC-003,Honduras,Model A,2025
EV-ACME-04070,ACEMDLE15RE004070,CLI-00032,SUC-005,Colombia,Model E,2024
EV-ACME-04071,ACEMDLC16TC004071,CLI-00230,SUC-003,Honduras,Model C,2026
EV-ACME-04072,ACEMDLA19SB004072,CLI-00454,SUC-002,Guatemala,Model A,2025
EV-ACME-04073,ACEMDLF18SA004073,CLI-00704,SUC-001,México,Model F,2025
EV-ACME-04074,ACEMDLF11SF004074,CLI-00083,SUC-006,Argentina,Model F,2025
EV-ACME-04075,ACEMDLD16SH004075,CLI-00062,SUC-008,Chile,Model D,2025
EV-ACME-04076,ACEMDLA16RA004076,CLI-00745,SUC-001,México,Model A,2024
EV-ACME-04077,ACEMDLB17RE004077,CLI-00023,SUC-005,Colombia,Model B,2024
EV-ACME-04078,ACEMDLF18SD004078,CLI-00331,SUC-004,Costa Rica,Model F,2025
EV-ACME-04079,ACEMDLD11SB004079,CLI-00622,SUC-002,Guatemala,Model D,2025
EV-ACME-04080,ACEMDLC19SF004080,CLI-00751,SUC-006,Argentina,Model C,2025
EV-ACME-04081,ACEMDLD10TH004081,CLI-00021,SUC-008,Chile,Model D,2026
EV-ACME-04082,ACEMDLB11RJ004082,CLI-00899,SUC-009,Panamá,Model B,2024
EV-ACME-04083,ACEMDLF12SD004083,CLI-00541,SUC-004,Costa Rica,Model F,2025
EV-ACME-04084,ACEMDLB11RK004084,CLI-00729,SUC-010,Perú,Model B,2024
EV-ACME-04085,ACEMDLA12TD004085,CLI-00787,SUC-004,Costa Rica,Model A,2026
EV-ACME-04086,ACEMDLD16RJ004086,CLI-00044,SUC-009,Panamá,Model D,2024
EV-ACME-04087,ACEMDLF14TH004087,CLI-00860,SUC-008,Chile,Model F,2026
EV-ACME-04088,ACEMDLB16TG004088,CLI-00635,SUC-007,Canadá,Model B,2026
EV-ACME-04089,ACEMDLA17RG004089,CLI-00395,SUC-007,Canadá,Model A,2024
EV-ACME-04090,ACEMDLA14RB004090,CLI-00002,SUC-002,Guatemala,Model A,2024
EV-ACME-04091,ACEMDLF19TB004091,CLI-00108,SUC-002,Guatemala,Model F,2026
EV-ACME-04092,ACEMDLE13SD004092,CLI-00008,SUC-004,Costa Rica,Model E,2025
EV-ACME-04093,ACEMDLC14RJ004093,CLI-00434,SUC-009,Panamá,Model C,2024
EV-ACME-04094,ACEMDLC16SJ004094,CLI-00371,SUC-009,Panamá,Model C,2025
EV-ACME-04095,ACEMDLC17TE004095,CLI-00999,SUC-005,Colombia,Model C,2026
EV-ACME-04096,ACEMDLD13TA004096,CLI-00382,SUC-001,México,Model D,2026
EV-ACME-04097,ACEMDLA18SH004097,CLI-00447,SUC-008,Chile,Model A,2025
EV-ACME-04098,ACEMDLE14TD004098,CLI-00051,SUC-004,Costa Rica,Model E,2026
EV-ACME-04099,ACEMDLF11SE004099,CLI-00929,SUC-005,Colombia,Model F,2025
EV-ACME-04100,ACEMDLD12TF004100,CLI-00540,SUC-006,Argentina,Model D,2026
EV-ACME-04101,ACEMDLE12SF004101,CLI-00564,SUC-006,Argentina,Model E,2025
EV-ACME-04102,ACEMDLE17RC004102,CLI-00800,SUC-003,Honduras,Model E,2024
EV-ACME-04103,ACEMDLE18TA004103,CLI-00378,SUC-001,México,Model E,2026
EV-ACME-04104,ACEMDLA12TJ004104,CLI-00951,SUC-009,Panamá,Model A,2026
EV-ACME-04105,ACEMDLC11RD004105,CLI-00692,SUC-004,Costa Rica,Model C,2024
EV-ACME-04106,ACEMDLA17SA004106,CLI-00007,SUC-001,México,Model A,2025
EV-ACME-04107,ACEMDLA16RF004107,CLI-00577,SUC-006,Argentina,Model A,2024
EV-ACME-04108,ACEMDLF13RH004108,CLI-00612,SUC-008,Chile,Model F,2024
EV-ACME-04109,ACEMDLD10SD004109,CLI-00352,SUC-004,Costa Rica,Model D,2025
EV-ACME-04110,ACEMDLD14SJ004110,CLI-00970,SUC-009,Panamá,Model D,2025
EV-ACME-04111,ACEMDLE15RB004111,CLI-00087,SUC-002,Guatemala,Model E,2024
EV-ACME-04112,ACEMDLC15RD004112,CLI-00561,SUC-004,Costa Rica,Model C,2024
EV-ACME-04113,ACEMDLB16RE004113,CLI-00574,SUC-005,Colombia,Model B,2024
EV-ACME-04114,ACEMDLB14SG004114,CLI-00214,SUC-007,Canadá,Model B,2025
EV-ACME-04115,ACEMDLF12TJ004115,CLI-00506,SUC-009,Panamá,Model F,2026
EV-ACME-04116,ACEMDLF17TJ004116,CLI-00741,SUC-009,Panamá,Model F,2026
EV-ACME-04117,ACEMDLD12TE004117,CLI-00550,SUC-005,Colombia,Model D,2026
EV-ACME-04118,ACEMDLE11RD004118,CLI-00669,SUC-004,Costa Rica,Model E,2024
EV-ACME-04119,ACEMDLE15RF004119,CLI-00028,SUC-006,Argentina,Model E,2024
EV-ACME-04120,ACEMDLF14RF004120,CLI-00222,SUC-006,Argentina,Model F,2024
EV-ACME-04121,ACEMDLB16RF004121,CLI-00903,SUC-006,Argentina,Model B,2024
EV-ACME-04122,ACEMDLF11SC004122,CLI-00693,SUC-003,Honduras,Model F,2025
EV-ACME-04123,ACEMDLC11RE004123,CLI-00096,SUC-005,Colombia,Model C,2024
EV-ACME-04124,ACEMDLF11RB004124,CLI-00774,SUC-002,Guatemala,Model F,2024
EV-ACME-04125,ACEMDLC18TK004125,CLI-00001,SUC-010,Perú,Model C,2026
EV-ACME-04126,ACEMDLD12SK004126,CLI-00416,SUC-010,Perú,Model D,2025
EV-ACME-04127,ACEMDLA10SD004127,CLI-00151,SUC-004,Costa Rica,Model A,2025
EV-ACME-04128,ACEMDLE19TD004128,CLI-00669,SUC-004,Costa Rica,Model E,2026
EV-ACME-04129,ACEMDLD11RE004129,CLI-00708,SUC-005,Colombia,Model D,2024
EV-ACME-04130,ACEMDLD18RD004130,CLI-00093,SUC-004,Costa Rica,Model D,2024
EV-ACME-04131,ACEMDLD13SK004131,CLI-00491,SUC-010,Perú,Model D,2025
EV-ACME-04132,ACEMDLC17SB004132,CLI-00087,SUC-002,Guatemala,Model C,2025
EV-ACME-04133,ACEMDLB17TK004133,CLI-00569,SUC-010,Perú,Model B,2026
EV-ACME-04134,ACEMDLD13TD004134,CLI-00441,SUC-004,Costa Rica,Model D,2026
EV-ACME-04135,ACEMDLE19TE004135,CLI-00128,SUC-005,Colombia,Model E,2026
EV-ACME-04136,ACEMDLA17TK004136,CLI-00137,SUC-010,Perú,Model A,2026
EV-ACME-04137,ACEMDLB11TE004137,CLI-00192,SUC-005,Colombia,Model B,2026
EV-ACME-04138,ACEMDLC10TG004138,CLI-00554,SUC-007,Canadá,Model C,2026
EV-ACME-04139,ACEMDLD11SC004139,CLI-00480,SUC-003,Honduras,Model D,2025
EV-ACME-04140,ACEMDLE15TH004140,CLI-00775,SUC-008,Chile,Model E,2026
EV-ACME-04141,ACEMDLB15TC004141,CLI-00392,SUC-003,Honduras,Model B,2026
EV-ACME-04142,ACEMDLE18TF004142,CLI-00865,SUC-006,Argentina,Model E,2026
EV-ACME-04143,ACEMDLD12SH004143,CLI-00153,SUC-008,Chile,Model D,2025
EV-ACME-04144,ACEMDLD12RB004144,CLI-00284,SUC-002,Guatemala,Model D,2024
EV-ACME-04145,ACEMDLE14SF004145,CLI-00782,SUC-006,Argentina,Model E,2025
EV-ACME-04146,ACEMDLA16SK004146,CLI-00147,SUC-010,Perú,Model A,2025
EV-ACME-04147,ACEMDLE19RA004147,CLI-00208,SUC-001,México,Model E,2024
EV-ACME-04148,ACEMDLD14SD004148,CLI-00683,SUC-004,Costa Rica,Model D,2025
EV-ACME-04149,ACEMDLA10RC004149,CLI-00360,SUC-003,Honduras,Model A,2024
EV-ACME-04150,ACEMDLF12RJ004150,CLI-00266,SUC-009,Panamá,Model F,2024
EV-ACME-04151,ACEMDLA14RF004151,CLI-00645,SUC-006,Argentina,Model A,2024
EV-ACME-04152,ACEMDLE17RG004152,CLI-00206,SUC-007,Canadá,Model E,2024
EV-ACME-04153,ACEMDLA16TE004153,CLI-00929,SUC-005,Colombia,Model A,2026
EV-ACME-04154,ACEMDLF15RK004154,CLI-00484,SUC-010,Perú,Model F,2024
EV-ACME-04155,ACEMDLB14RJ004155,CLI-00518,SUC-009,Panamá,Model B,2024
EV-ACME-04156,ACEMDLD18SJ004156,CLI-00843,SUC-009,Panamá,Model D,2025
EV-ACME-04157,ACEMDLF11TD004157,CLI-00330,SUC-004,Costa Rica,Model F,2026
EV-ACME-04158,ACEMDLB13TG004158,CLI-00288,SUC-007,Canadá,Model B,2026
EV-ACME-04159,ACEMDLC10TG004159,CLI-00576,SUC-007,Canadá,Model C,2026
EV-ACME-04160,ACEMDLC16RK004160,CLI-00471,SUC-010,Perú,Model C,2024
EV-ACME-04161,ACEMDLA19RG004161,CLI-00840,SUC-007,Canadá,Model A,2024
EV-ACME-04162,ACEMDLA16RJ004162,CLI-00854,SUC-009,Panamá,Model A,2024
EV-ACME-04163,ACEMDLD19RK004163,CLI-00302,SUC-010,Perú,Model D,2024
EV-ACME-04164,ACEMDLA15SH004164,CLI-00830,SUC-008,Chile,Model A,2025
EV-ACME-04165,ACEMDLA11TA004165,CLI-00983,SUC-001,México,Model A,2026
EV-ACME-04166,ACEMDLB11TF004166,CLI-00350,SUC-006,Argentina,Model B,2026
EV-ACME-04167,ACEMDLB15SE004167,CLI-00810,SUC-005,Colombia,Model B,2025
EV-ACME-04168,ACEMDLA18TD004168,CLI-00977,SUC-004,Costa Rica,Model A,2026
EV-ACME-04169,ACEMDLA16TK004169,CLI-00711,SUC-010,Perú,Model A,2026
EV-ACME-04170,ACEMDLF10RA004170,CLI-00378,SUC-001,México,Model F,2024
EV-ACME-04171,ACEMDLE12RF004171,CLI-00606,SUC-006,Argentina,Model E,2024
EV-ACME-04172,ACEMDLE14TC004172,CLI-00360,SUC-003,Honduras,Model E,2026
EV-ACME-04173,ACEMDLF11TE004173,CLI-00154,SUC-005,Colombia,Model F,2026
EV-ACME-04174,ACEMDLB13TA004174,CLI-00697,SUC-001,México,Model B,2026
EV-ACME-04175,ACEMDLD15SJ004175,CLI-00487,SUC-009,Panamá,Model D,2025
EV-ACME-04176,ACEMDLE11RD004176,CLI-00217,SUC-004,Costa Rica,Model E,2024
EV-ACME-04177,ACEMDLC13TF004177,CLI-00047,SUC-006,Argentina,Model C,2026
EV-ACME-04178,ACEMDLA17TC004178,CLI-00255,SUC-003,Honduras,Model A,2026
EV-ACME-04179,ACEMDLC16SJ004179,CLI-00703,SUC-009,Panamá,Model C,2025
EV-ACME-04180,ACEMDLD16SA004180,CLI-00010,SUC-001,México,Model D,2025
EV-ACME-04181,ACEMDLD18SE004181,CLI-00074,SUC-005,Colombia,Model D,2025
EV-ACME-04182,ACEMDLF15SA004182,CLI-00661,SUC-001,México,Model F,2025
EV-ACME-04183,ACEMDLE15TD004183,CLI-00873,SUC-004,Costa Rica,Model E,2026
EV-ACME-04184,ACEMDLA12TH004184,CLI-00556,SUC-008,Chile,Model A,2026
EV-ACME-04185,ACEMDLB19RB004185,CLI-00640,SUC-002,Guatemala,Model B,2024
EV-ACME-04186,ACEMDLE19RE004186,CLI-00048,SUC-005,Colombia,Model E,2024
EV-ACME-04187,ACEMDLF13RF004187,CLI-00786,SUC-006,Argentina,Model F,2024
EV-ACME-04188,ACEMDLE13SD004188,CLI-00511,SUC-004,Costa Rica,Model E,2025
EV-ACME-04189,ACEMDLE10RH004189,CLI-00089,SUC-008,Chile,Model E,2024
EV-ACME-04190,ACEMDLF15SD004190,CLI-00229,SUC-004,Costa Rica,Model F,2025
EV-ACME-04191,ACEMDLD16TE004191,CLI-00743,SUC-005,Colombia,Model D,2026
EV-ACME-04192,ACEMDLB12RB004192,CLI-00557,SUC-002,Guatemala,Model B,2024
EV-ACME-04193,ACEMDLF18TF004193,CLI-00878,SUC-006,Argentina,Model F,2026
EV-ACME-04194,ACEMDLF14TA004194,CLI-00931,SUC-001,México,Model F,2026
EV-ACME-04195,ACEMDLD15SA004195,CLI-00368,SUC-001,México,Model D,2025
EV-ACME-04196,ACEMDLB11TK004196,CLI-00710,SUC-010,Perú,Model B,2026
EV-ACME-04197,ACEMDLD15SF004197,CLI-00944,SUC-006,Argentina,Model D,2025
EV-ACME-04198,ACEMDLC10SE004198,CLI-00663,SUC-005,Colombia,Model C,2025
EV-ACME-04199,ACEMDLA16TK004199,CLI-00750,SUC-010,Perú,Model A,2026
EV-ACME-04200,ACEMDLF16TJ004200,CLI-00401,SUC-009,Panamá,Model F,2026
EV-ACME-04201,ACEMDLD13RA004201,CLI-00675,SUC-001,México,Model D,2024
EV-ACME-04202,ACEMDLC11RA004202,CLI-00838,SUC-001,México,Model C,2024
EV-ACME-04203,ACEMDLC13SE004203,CLI-00832,SUC-005,Colombia,Model C,2025
EV-ACME-04204,ACEMDLA19SG004204,CLI-00380,SUC-007,Canadá,Model A,2025
EV-ACME-04205,ACEMDLB17RJ004205,CLI-00198,SUC-009,Panamá,Model B,2024
EV-ACME-04206,ACEMDLC16RD004206,CLI-00428,SUC-004,Costa Rica,Model C,2024
EV-ACME-04207,ACEMDLE10TC004207,CLI-00426,SUC-003,Honduras,Model E,2026
EV-ACME-04208,ACEMDLA17SC004208,CLI-00191,SUC-003,Honduras,Model A,2025
EV-ACME-04209,ACEMDLB15RJ004209,CLI-00199,SUC-009,Panamá,Model B,2024
EV-ACME-04210,ACEMDLD18SE004210,CLI-00846,SUC-005,Colombia,Model D,2025
EV-ACME-04211,ACEMDLE11RF004211,CLI-00792,SUC-006,Argentina,Model E,2024
EV-ACME-04212,ACEMDLD11TB004212,CLI-00653,SUC-002,Guatemala,Model D,2026
EV-ACME-04213,ACEMDLC12TA004213,CLI-00353,SUC-001,México,Model C,2026
EV-ACME-04214,ACEMDLF19TH004214,CLI-00130,SUC-008,Chile,Model F,2026
EV-ACME-04215,ACEMDLD14RK004215,CLI-00594,SUC-010,Perú,Model D,2024
EV-ACME-04216,ACEMDLF10RG004216,CLI-00928,SUC-007,Canadá,Model F,2024
EV-ACME-04217,ACEMDLB17SA004217,CLI-00983,SUC-001,México,Model B,2025
EV-ACME-04218,ACEMDLB10RC004218,CLI-00176,SUC-003,Honduras,Model B,2024
EV-ACME-04219,ACEMDLC16SK004219,CLI-00729,SUC-010,Perú,Model C,2025
EV-ACME-04220,ACEMDLA12TK004220,CLI-00064,SUC-010,Perú,Model A,2026
EV-ACME-04221,ACEMDLE12TA004221,CLI-00126,SUC-001,México,Model E,2026
EV-ACME-04222,ACEMDLC13RC004222,CLI-00136,SUC-003,Honduras,Model C,2024
EV-ACME-04223,ACEMDLD17TD004223,CLI-00069,SUC-004,Costa Rica,Model D,2026
EV-ACME-04224,ACEMDLC14RH004224,CLI-00339,SUC-008,Chile,Model C,2024
EV-ACME-04225,ACEMDLB15RF004225,CLI-00456,SUC-006,Argentina,Model B,2024
EV-ACME-04226,ACEMDLF14SJ004226,CLI-00519,SUC-009,Panamá,Model F,2025
EV-ACME-04227,ACEMDLC10RK004227,CLI-00410,SUC-010,Perú,Model C,2024
EV-ACME-04228,ACEMDLF16RG004228,CLI-00808,SUC-007,Canadá,Model F,2024
EV-ACME-04229,ACEMDLA14TE004229,CLI-00365,SUC-005,Colombia,Model A,2026
EV-ACME-04230,ACEMDLD17TH004230,CLI-00447,SUC-008,Chile,Model D,2026
EV-ACME-04231,ACEMDLD16TK004231,CLI-00689,SUC-010,Perú,Model D,2026
EV-ACME-04232,ACEMDLC18TB004232,CLI-00651,SUC-002,Guatemala,Model C,2026
EV-ACME-04233,ACEMDLF11SH004233,CLI-00155,SUC-008,Chile,Model F,2025
EV-ACME-04234,ACEMDLC12TK004234,CLI-00283,SUC-010,Perú,Model C,2026
EV-ACME-04235,ACEMDLD14SJ004235,CLI-00199,SUC-009,Panamá,Model D,2025
EV-ACME-04236,ACEMDLC13TF004236,CLI-00577,SUC-006,Argentina,Model C,2026
EV-ACME-04237,ACEMDLF15RJ004237,CLI-00950,SUC-009,Panamá,Model F,2024
EV-ACME-04238,ACEMDLE17TJ004238,CLI-00703,SUC-009,Panamá,Model E,2026
EV-ACME-04239,ACEMDLE17RK004239,CLI-00733,SUC-010,Perú,Model E,2024
EV-ACME-04240,ACEMDLB19RA004240,CLI-00537,SUC-001,México,Model B,2024
EV-ACME-04241,ACEMDLA16TD004241,CLI-00381,SUC-004,Costa Rica,Model A,2026
EV-ACME-04242,ACEMDLD12SK004242,CLI-00565,SUC-010,Perú,Model D,2025
EV-ACME-04243,ACEMDLC19RK004243,CLI-00587,SUC-010,Perú,Model C,2024
EV-ACME-04244,ACEMDLD12SJ004244,CLI-00112,SUC-009,Panamá,Model D,2025
EV-ACME-04245,ACEMDLA12SE004245,CLI-00732,SUC-005,Colombia,Model A,2025
EV-ACME-04246,ACEMDLD15SE004246,CLI-00968,SUC-005,Colombia,Model D,2025
EV-ACME-04247,ACEMDLF13TK004247,CLI-00758,SUC-010,Perú,Model F,2026
EV-ACME-04248,ACEMDLF17SA004248,CLI-00754,SUC-001,México,Model F,2025
EV-ACME-04249,ACEMDLD14RA004249,CLI-00271,SUC-001,México,Model D,2024
EV-ACME-04250,ACEMDLA18TD004250,CLI-00363,SUC-004,Costa Rica,Model A,2026
EV-ACME-04251,ACEMDLD19TC004251,CLI-00842,SUC-003,Honduras,Model D,2026
EV-ACME-04252,ACEMDLB17RK004252,CLI-00543,SUC-010,Perú,Model B,2024
EV-ACME-04253,ACEMDLA10TF004253,CLI-00171,SUC-006,Argentina,Model A,2026
EV-ACME-04254,ACEMDLF12RH004254,CLI-00138,SUC-008,Chile,Model F,2024
EV-ACME-04255,ACEMDLF14TJ004255,CLI-00701,SUC-009,Panamá,Model F,2026
EV-ACME-04256,ACEMDLC10RF004256,CLI-00289,SUC-006,Argentina,Model C,2024
EV-ACME-04257,ACEMDLD14SH004257,CLI-00009,SUC-008,Chile,Model D,2025
EV-ACME-04258,ACEMDLB14RA004258,CLI-00361,SUC-001,México,Model B,2024
EV-ACME-04259,ACEMDLC11RE004259,CLI-00165,SUC-005,Colombia,Model C,2024
EV-ACME-04260,ACEMDLF19RC004260,CLI-00583,SUC-003,Honduras,Model F,2024
EV-ACME-04261,ACEMDLC14TK004261,CLI-00543,SUC-010,Perú,Model C,2026
EV-ACME-04262,ACEMDLC17RK004262,CLI-00991,SUC-010,Perú,Model C,2024
EV-ACME-04263,ACEMDLB10RE004263,CLI-00551,SUC-005,Colombia,Model B,2024
EV-ACME-04264,ACEMDLF13TJ004264,CLI-00157,SUC-009,Panamá,Model F,2026
EV-ACME-04265,ACEMDLA16SJ004265,CLI-00765,SUC-009,Panamá,Model A,2025
EV-ACME-04266,ACEMDLF16SH004266,CLI-00130,SUC-008,Chile,Model F,2025
EV-ACME-04267,ACEMDLE17TK004267,CLI-00750,SUC-010,Perú,Model E,2026
EV-ACME-04268,ACEMDLB17TH004268,CLI-00861,SUC-008,Chile,Model B,2026
EV-ACME-04269,ACEMDLA11RB004269,CLI-00833,SUC-002,Guatemala,Model A,2024
EV-ACME-04270,ACEMDLA13RC004270,CLI-00914,SUC-003,Honduras,Model A,2024
EV-ACME-04271,ACEMDLD18RF004271,CLI-00098,SUC-006,Argentina,Model D,2024
EV-ACME-04272,ACEMDLB11RA004272,CLI-00208,SUC-001,México,Model B,2024
EV-ACME-04273,ACEMDLB15SB004273,CLI-00575,SUC-002,Guatemala,Model B,2025
EV-ACME-04274,ACEMDLC18RG004274,CLI-00465,SUC-007,Canadá,Model C,2024
EV-ACME-04275,ACEMDLD18RE004275,CLI-00450,SUC-005,Colombia,Model D,2024
EV-ACME-04276,ACEMDLC10SB004276,CLI-00281,SUC-002,Guatemala,Model C,2025
EV-ACME-04277,ACEMDLE14TD004277,CLI-00428,SUC-004,Costa Rica,Model E,2026
EV-ACME-04278,ACEMDLD13RA004278,CLI-00584,SUC-001,México,Model D,2024
EV-ACME-04279,ACEMDLD13TJ004279,CLI-00401,SUC-009,Panamá,Model D,2026
EV-ACME-04280,ACEMDLB10RD004280,CLI-00918,SUC-004,Costa Rica,Model B,2024
EV-ACME-04281,ACEMDLB11SJ004281,CLI-00677,SUC-009,Panamá,Model B,2025
EV-ACME-04282,ACEMDLA11SK004282,CLI-00453,SUC-010,Perú,Model A,2025
EV-ACME-04283,ACEMDLA10RC004283,CLI-00162,SUC-003,Honduras,Model A,2024
EV-ACME-04284,ACEMDLF18SD004284,CLI-00240,SUC-004,Costa Rica,Model F,2025
EV-ACME-04285,ACEMDLB11SE004285,CLI-00190,SUC-005,Colombia,Model B,2025
EV-ACME-04286,ACEMDLF11TE004286,CLI-00953,SUC-005,Colombia,Model F,2026
EV-ACME-04287,ACEMDLA16TD004287,CLI-00822,SUC-004,Costa Rica,Model A,2026
EV-ACME-04288,ACEMDLF11SA004288,CLI-00315,SUC-001,México,Model F,2025
EV-ACME-04289,ACEMDLD11TC004289,CLI-00688,SUC-003,Honduras,Model D,2026
EV-ACME-04290,ACEMDLD19TA004290,CLI-00353,SUC-001,México,Model D,2026
EV-ACME-04291,ACEMDLE17RK004291,CLI-00336,SUC-010,Perú,Model E,2024
EV-ACME-04292,ACEMDLE12TJ004292,CLI-00364,SUC-009,Panamá,Model E,2026
EV-ACME-04293,ACEMDLA15RD004293,CLI-00330,SUC-004,Costa Rica,Model A,2024
EV-ACME-04294,ACEMDLF17SD004294,CLI-00475,SUC-004,Costa Rica,Model F,2025
EV-ACME-04295,ACEMDLD10RE004295,CLI-00500,SUC-005,Colombia,Model D,2024
EV-ACME-04296,ACEMDLE15SB004296,CLI-00218,SUC-002,Guatemala,Model E,2025
EV-ACME-04297,ACEMDLA16RD004297,CLI-00428,SUC-004,Costa Rica,Model A,2024
EV-ACME-04298,ACEMDLE19TG004298,CLI-00548,SUC-007,Canadá,Model E,2026
EV-ACME-04299,ACEMDLD11RK004299,CLI-00705,SUC-010,Perú,Model D,2024
EV-ACME-04300,ACEMDLB18SE004300,CLI-00132,SUC-005,Colombia,Model B,2025
EV-ACME-04301,ACEMDLE19RJ004301,CLI-00593,SUC-009,Panamá,Model E,2024
EV-ACME-04302,ACEMDLC19RJ004302,CLI-00963,SUC-009,Panamá,Model C,2024
EV-ACME-04303,ACEMDLF10TD004303,CLI-00464,SUC-004,Costa Rica,Model F,2026
EV-ACME-04304,ACEMDLC17SA004304,CLI-00378,SUC-001,México,Model C,2025
EV-ACME-04305,ACEMDLA17RC004305,CLI-00053,SUC-003,Honduras,Model A,2024
EV-ACME-04306,ACEMDLF11SK004306,CLI-00094,SUC-010,Perú,Model F,2025
EV-ACME-04307,ACEMDLC19RE004307,CLI-00238,SUC-005,Colombia,Model C,2024
EV-ACME-04308,ACEMDLB19TJ004308,CLI-00115,SUC-009,Panamá,Model B,2026
EV-ACME-04309,ACEMDLA13RF004309,CLI-00036,SUC-006,Argentina,Model A,2024
EV-ACME-04310,ACEMDLE15SC004310,CLI-00197,SUC-003,Honduras,Model E,2025
EV-ACME-04311,ACEMDLE18TE004311,CLI-00337,SUC-005,Colombia,Model E,2026
EV-ACME-04312,ACEMDLE18SK004312,CLI-00711,SUC-010,Perú,Model E,2025
EV-ACME-04313,ACEMDLD14TJ004313,CLI-00168,SUC-009,Panamá,Model D,2026
EV-ACME-04314,ACEMDLF18RJ004314,CLI-00120,SUC-009,Panamá,Model F,2024
EV-ACME-04315,ACEMDLE15RD004315,CLI-00570,SUC-004,Costa Rica,Model E,2024
EV-ACME-04316,ACEMDLA11RH004316,CLI-00228,SUC-008,Chile,Model A,2024
EV-ACME-04317,ACEMDLE11SA004317,CLI-00264,SUC-001,México,Model E,2025
EV-ACME-04318,ACEMDLC12SK004318,CLI-00714,SUC-010,Perú,Model C,2025
EV-ACME-04319,ACEMDLB11RF004319,CLI-00102,SUC-006,Argentina,Model B,2024
EV-ACME-04320,ACEMDLE15SF004320,CLI-00911,SUC-006,Argentina,Model E,2025
EV-ACME-04321,ACEMDLA13TJ004321,CLI-00301,SUC-009,Panamá,Model A,2026
EV-ACME-04322,ACEMDLF16TF004322,CLI-00098,SUC-006,Argentina,Model F,2026
EV-ACME-04323,ACEMDLE11TC004323,CLI-00494,SUC-003,Honduras,Model E,2026
EV-ACME-04324,ACEMDLF12SF004324,CLI-00459,SUC-006,Argentina,Model F,2025
EV-ACME-04325,ACEMDLA15RB004325,CLI-00045,SUC-002,Guatemala,Model A,2024
EV-ACME-04326,ACEMDLC12TB004326,CLI-00653,SUC-002,Guatemala,Model C,2026
EV-ACME-04327,ACEMDLC18RH004327,CLI-00089,SUC-008,Chile,Model C,2024
EV-ACME-04328,ACEMDLC18TJ004328,CLI-00599,SUC-009,Panamá,Model C,2026
EV-ACME-04329,ACEMDLB16SK004329,CLI-00097,SUC-010,Perú,Model B,2025
EV-ACME-04330,ACEMDLB10SD004330,CLI-00920,SUC-004,Costa Rica,Model B,2025
EV-ACME-04331,ACEMDLD17TD004331,CLI-00422,SUC-004,Costa Rica,Model D,2026
EV-ACME-04332,ACEMDLF14RC004332,CLI-00937,SUC-003,Honduras,Model F,2024
EV-ACME-04333,ACEMDLF12SA004333,CLI-00814,SUC-001,México,Model F,2025
EV-ACME-04334,ACEMDLB18SJ004334,CLI-00119,SUC-009,Panamá,Model B,2025
EV-ACME-04335,ACEMDLA16SA004335,CLI-00223,SUC-001,México,Model A,2025
EV-ACME-04336,ACEMDLD12TF004336,CLI-00678,SUC-006,Argentina,Model D,2026
EV-ACME-04337,ACEMDLC13RB004337,CLI-00218,SUC-002,Guatemala,Model C,2024
EV-ACME-04338,ACEMDLE16TE004338,CLI-00551,SUC-005,Colombia,Model E,2026
EV-ACME-04339,ACEMDLA15RJ004339,CLI-00765,SUC-009,Panamá,Model A,2024
EV-ACME-04340,ACEMDLE15TE004340,CLI-00552,SUC-005,Colombia,Model E,2026
EV-ACME-04341,ACEMDLD15SH004341,CLI-00913,SUC-008,Chile,Model D,2025
EV-ACME-04342,ACEMDLC10RE004342,CLI-00337,SUC-005,Colombia,Model C,2024
EV-ACME-04343,ACEMDLC17RK004343,CLI-00705,SUC-010,Perú,Model C,2024
EV-ACME-04344,ACEMDLA16RB004344,CLI-00478,SUC-002,Guatemala,Model A,2024
EV-ACME-04345,ACEMDLC17SJ004345,CLI-00867,SUC-009,Panamá,Model C,2025
EV-ACME-04346,ACEMDLB19TK004346,CLI-00201,SUC-010,Perú,Model B,2026
EV-ACME-04347,ACEMDLD10RA004347,CLI-00017,SUC-001,México,Model D,2024
EV-ACME-04348,ACEMDLE14TJ004348,CLI-00599,SUC-009,Panamá,Model E,2026
EV-ACME-04349,ACEMDLD10TE004349,CLI-00592,SUC-005,Colombia,Model D,2026
EV-ACME-04350,ACEMDLC16TH004350,CLI-00155,SUC-008,Chile,Model C,2026
EV-ACME-04351,ACEMDLC10SJ004351,CLI-00881,SUC-009,Panamá,Model C,2025
EV-ACME-04352,ACEMDLB10TD004352,CLI-00939,SUC-004,Costa Rica,Model B,2026
EV-ACME-04353,ACEMDLE16SB004353,CLI-00469,SUC-002,Guatemala,Model E,2025
EV-ACME-04354,ACEMDLD17TG004354,CLI-00076,SUC-007,Canadá,Model D,2026
EV-ACME-04355,ACEMDLD15TK004355,CLI-00275,SUC-010,Perú,Model D,2026
EV-ACME-04356,ACEMDLE13SA004356,CLI-00081,SUC-001,México,Model E,2025
EV-ACME-04357,ACEMDLB10TK004357,CLI-00283,SUC-010,Perú,Model B,2026
EV-ACME-04358,ACEMDLD15TG004358,CLI-00411,SUC-007,Canadá,Model D,2026
EV-ACME-04359,ACEMDLD13TE004359,CLI-00096,SUC-005,Colombia,Model D,2026
EV-ACME-04360,ACEMDLB18TC004360,CLI-00215,SUC-003,Honduras,Model B,2026
EV-ACME-04361,ACEMDLA10SB004361,CLI-00424,SUC-002,Guatemala,Model A,2025
EV-ACME-04362,ACEMDLA11TA004362,CLI-00604,SUC-001,México,Model A,2026
EV-ACME-04363,ACEMDLC11RA004363,CLI-00661,SUC-001,México,Model C,2024
EV-ACME-04364,ACEMDLC19RK004364,CLI-00821,SUC-010,Perú,Model C,2024
EV-ACME-04365,ACEMDLD16SA004365,CLI-00562,SUC-001,México,Model D,2025
EV-ACME-04366,ACEMDLB10RG004366,CLI-00524,SUC-007,Canadá,Model B,2024
EV-ACME-04367,ACEMDLE14TC004367,CLI-00595,SUC-003,Honduras,Model E,2026
EV-ACME-04368,ACEMDLA18TG004368,CLI-00004,SUC-007,Canadá,Model A,2026
EV-ACME-04369,ACEMDLE11RC004369,CLI-00976,SUC-003,Honduras,Model E,2024
EV-ACME-04370,ACEMDLC19RH004370,CLI-00508,SUC-008,Chile,Model C,2024
EV-ACME-04371,ACEMDLC13RD004371,CLI-00031,SUC-004,Costa Rica,Model C,2024
EV-ACME-04372,ACEMDLC19RD004372,CLI-00422,SUC-004,Costa Rica,Model C,2024
EV-ACME-04373,ACEMDLD14SJ004373,CLI-00970,SUC-009,Panamá,Model D,2025
EV-ACME-04374,ACEMDLF12TH004374,CLI-00805,SUC-008,Chile,Model F,2026
EV-ACME-04375,ACEMDLE13RJ004375,CLI-00079,SUC-009,Panamá,Model E,2024
EV-ACME-04376,ACEMDLC17RC004376,CLI-00176,SUC-003,Honduras,Model C,2024
EV-ACME-04377,ACEMDLD13SH004377,CLI-00637,SUC-008,Chile,Model D,2025
EV-ACME-04378,ACEMDLE10RH004378,CLI-00063,SUC-008,Chile,Model E,2024
EV-ACME-04379,ACEMDLB17SK004379,CLI-00161,SUC-010,Perú,Model B,2025
EV-ACME-04380,ACEMDLE10RC004380,CLI-00863,SUC-003,Honduras,Model E,2024
EV-ACME-04381,ACEMDLA17RJ004381,CLI-00596,SUC-009,Panamá,Model A,2024
EV-ACME-04382,ACEMDLF11RK004382,CLI-00711,SUC-010,Perú,Model F,2024
EV-ACME-04383,ACEMDLC17TE004383,CLI-00373,SUC-005,Colombia,Model C,2026
EV-ACME-04384,ACEMDLB13TB004384,CLI-00527,SUC-002,Guatemala,Model B,2026
EV-ACME-04385,ACEMDLE18RK004385,CLI-00400,SUC-010,Perú,Model E,2024
EV-ACME-04386,ACEMDLA18TD004386,CLI-00262,SUC-004,Costa Rica,Model A,2026
EV-ACME-04387,ACEMDLD13SB004387,CLI-00469,SUC-002,Guatemala,Model D,2025
EV-ACME-04388,ACEMDLC10SC004388,CLI-00360,SUC-003,Honduras,Model C,2025
EV-ACME-04389,ACEMDLB15RJ004389,CLI-00684,SUC-009,Panamá,Model B,2024
EV-ACME-04390,ACEMDLF10SH004390,CLI-00769,SUC-008,Chile,Model F,2025
EV-ACME-04391,ACEMDLC14RA004391,CLI-00210,SUC-001,México,Model C,2024
EV-ACME-04392,ACEMDLD12SF004392,CLI-00626,SUC-006,Argentina,Model D,2025
EV-ACME-04393,ACEMDLF11RD004393,CLI-00297,SUC-004,Costa Rica,Model F,2024
EV-ACME-04394,ACEMDLE12RG004394,CLI-00380,SUC-007,Canadá,Model E,2024
EV-ACME-04395,ACEMDLA16RJ004395,CLI-00313,SUC-009,Panamá,Model A,2024
EV-ACME-04396,ACEMDLC19SJ004396,CLI-00121,SUC-009,Panamá,Model C,2025
EV-ACME-04397,ACEMDLA17TH004397,CLI-00588,SUC-008,Chile,Model A,2026
EV-ACME-04398,ACEMDLB12SF004398,CLI-00720,SUC-006,Argentina,Model B,2025
EV-ACME-04399,ACEMDLD17TA004399,CLI-00562,SUC-001,México,Model D,2026
EV-ACME-04400,ACEMDLE16SF004400,CLI-00485,SUC-006,Argentina,Model E,2025
EV-ACME-04401,ACEMDLC19TJ004401,CLI-00072,SUC-009,Panamá,Model C,2026
EV-ACME-04402,ACEMDLD14RD004402,CLI-00927,SUC-004,Costa Rica,Model D,2024
EV-ACME-04403,ACEMDLA10SG004403,CLI-00448,SUC-007,Canadá,Model A,2025
EV-ACME-04404,ACEMDLD10SJ004404,CLI-00049,SUC-009,Panamá,Model D,2025
EV-ACME-04405,ACEMDLB19RK004405,CLI-00870,SUC-010,Perú,Model B,2024
EV-ACME-04406,ACEMDLB12RJ004406,CLI-00377,SUC-009,Panamá,Model B,2024
EV-ACME-04407,ACEMDLC12RF004407,CLI-00644,SUC-006,Argentina,Model C,2024
EV-ACME-04408,ACEMDLA15TC004408,CLI-00200,SUC-003,Honduras,Model A,2026
EV-ACME-04409,ACEMDLB15RH004409,CLI-00018,SUC-008,Chile,Model B,2024
EV-ACME-04410,ACEMDLF16RF004410,CLI-00180,SUC-006,Argentina,Model F,2024
EV-ACME-04411,ACEMDLF16TJ004411,CLI-00887,SUC-009,Panamá,Model F,2026
EV-ACME-04412,ACEMDLA13SE004412,CLI-00170,SUC-005,Colombia,Model A,2025
EV-ACME-04413,ACEMDLF15SE004413,CLI-00192,SUC-005,Colombia,Model F,2025
EV-ACME-04414,ACEMDLF13SK004414,CLI-00474,SUC-010,Perú,Model F,2025
EV-ACME-04415,ACEMDLB13TE004415,CLI-00573,SUC-005,Colombia,Model B,2026
EV-ACME-04416,ACEMDLF13TB004416,CLI-00326,SUC-002,Guatemala,Model F,2026
EV-ACME-04417,ACEMDLB19SB004417,CLI-00384,SUC-002,Guatemala,Model B,2025
EV-ACME-04418,ACEMDLC19RG004418,CLI-00411,SUC-007,Canadá,Model C,2024
EV-ACME-04419,ACEMDLC17SD004419,CLI-00070,SUC-004,Costa Rica,Model C,2025
EV-ACME-04420,ACEMDLF18SB004420,CLI-00218,SUC-002,Guatemala,Model F,2025
EV-ACME-04421,ACEMDLB12TB004421,CLI-00833,SUC-002,Guatemala,Model B,2026
EV-ACME-04422,ACEMDLC18RH004422,CLI-00138,SUC-008,Chile,Model C,2024
EV-ACME-04423,ACEMDLC17SC004423,CLI-00536,SUC-003,Honduras,Model C,2025
EV-ACME-04424,ACEMDLA13SB004424,CLI-00962,SUC-002,Guatemala,Model A,2025
EV-ACME-04425,ACEMDLF18RB004425,CLI-00790,SUC-002,Guatemala,Model F,2024
EV-ACME-04426,ACEMDLD13SD004426,CLI-00787,SUC-004,Costa Rica,Model D,2025
EV-ACME-04427,ACEMDLB19RH004427,CLI-00964,SUC-008,Chile,Model B,2024
EV-ACME-04428,ACEMDLA12SC004428,CLI-00842,SUC-003,Honduras,Model A,2025
EV-ACME-04429,ACEMDLA18RJ004429,CLI-00864,SUC-009,Panamá,Model A,2024
EV-ACME-04430,ACEMDLD11RD004430,CLI-00742,SUC-004,Costa Rica,Model D,2024
EV-ACME-04431,ACEMDLA18RD004431,CLI-00623,SUC-004,Costa Rica,Model A,2024
EV-ACME-04432,ACEMDLB10TK004432,CLI-00729,SUC-010,Perú,Model B,2026
EV-ACME-04433,ACEMDLA13TE004433,CLI-00341,SUC-005,Colombia,Model A,2026
EV-ACME-04434,ACEMDLD12SA004434,CLI-00221,SUC-001,México,Model D,2025
EV-ACME-04435,ACEMDLD15TF004435,CLI-00163,SUC-006,Argentina,Model D,2026
EV-ACME-04436,ACEMDLD16RA004436,CLI-00799,SUC-001,México,Model D,2024
EV-ACME-04437,ACEMDLA16SB004437,CLI-00616,SUC-002,Guatemala,Model A,2025
EV-ACME-04438,ACEMDLA10RD004438,CLI-00957,SUC-004,Costa Rica,Model A,2024
EV-ACME-04439,ACEMDLD17SK004439,CLI-00638,SUC-010,Perú,Model D,2025
EV-ACME-04440,ACEMDLD13SA004440,CLI-00050,SUC-001,México,Model D,2025
EV-ACME-04441,ACEMDLD14SD004441,CLI-00649,SUC-004,Costa Rica,Model D,2025
EV-ACME-04442,ACEMDLA15SE004442,CLI-00757,SUC-005,Colombia,Model A,2025
EV-ACME-04443,ACEMDLD16RK004443,CLI-00912,SUC-010,Perú,Model D,2024
EV-ACME-04444,ACEMDLD15SC004444,CLI-00595,SUC-003,Honduras,Model D,2025
EV-ACME-04445,ACEMDLA15RD004445,CLI-00055,SUC-004,Costa Rica,Model A,2024
EV-ACME-04446,ACEMDLA14RK004446,CLI-00283,SUC-010,Perú,Model A,2024
EV-ACME-04447,ACEMDLC18TD004447,CLI-00692,SUC-004,Costa Rica,Model C,2026
EV-ACME-04448,ACEMDLB10RK004448,CLI-00641,SUC-010,Perú,Model B,2024
EV-ACME-04449,ACEMDLE10RD004449,CLI-00511,SUC-004,Costa Rica,Model E,2024
EV-ACME-04450,ACEMDLC10RF004450,CLI-00289,SUC-006,Argentina,Model C,2024
EV-ACME-04451,ACEMDLC10SH004451,CLI-00696,SUC-008,Chile,Model C,2025
EV-ACME-04452,ACEMDLD13TK004452,CLI-00587,SUC-010,Perú,Model D,2026
EV-ACME-04453,ACEMDLC11SF004453,CLI-00317,SUC-006,Argentina,Model C,2025
EV-ACME-04454,ACEMDLF14TB004454,CLI-00793,SUC-002,Guatemala,Model F,2026
EV-ACME-04455,ACEMDLB15RD004455,CLI-00055,SUC-004,Costa Rica,Model B,2024
EV-ACME-04456,ACEMDLA14TH004456,CLI-00228,SUC-008,Chile,Model A,2026
EV-ACME-04457,ACEMDLC16SJ004457,CLI-00235,SUC-009,Panamá,Model C,2025
EV-ACME-04458,ACEMDLB17SB004458,CLI-00603,SUC-002,Guatemala,Model B,2025
EV-ACME-04459,ACEMDLF13TG004459,CLI-00035,SUC-007,Canadá,Model F,2026
EV-ACME-04460,ACEMDLE14RD004460,CLI-00005,SUC-004,Costa Rica,Model E,2024
EV-ACME-04461,ACEMDLC11SG004461,CLI-00740,SUC-007,Canadá,Model C,2025
EV-ACME-04462,ACEMDLF14TB004462,CLI-00941,SUC-002,Guatemala,Model F,2026
EV-ACME-04463,ACEMDLF16RF004463,CLI-00011,SUC-006,Argentina,Model F,2024
EV-ACME-04464,ACEMDLB11RD004464,CLI-00369,SUC-004,Costa Rica,Model B,2024
EV-ACME-04465,ACEMDLF16RK004465,CLI-00227,SUC-010,Perú,Model F,2024
EV-ACME-04466,ACEMDLC13RD004466,CLI-00433,SUC-004,Costa Rica,Model C,2024
EV-ACME-04467,ACEMDLC14RB004467,CLI-00619,SUC-002,Guatemala,Model C,2024
EV-ACME-04468,ACEMDLA14TD004468,CLI-00642,SUC-004,Costa Rica,Model A,2026
EV-ACME-04469,ACEMDLE19TB004469,CLI-00616,SUC-002,Guatemala,Model E,2026
EV-ACME-04470,ACEMDLE16SE004470,CLI-00618,SUC-005,Colombia,Model E,2025
EV-ACME-04471,ACEMDLA11TH004471,CLI-00505,SUC-008,Chile,Model A,2026
EV-ACME-04472,ACEMDLF15SB004472,CLI-00933,SUC-002,Guatemala,Model F,2025
EV-ACME-04473,ACEMDLB19SB004473,CLI-00277,SUC-002,Guatemala,Model B,2025
EV-ACME-04474,ACEMDLD18RE004474,CLI-00663,SUC-005,Colombia,Model D,2024
EV-ACME-04475,ACEMDLD13TD004475,CLI-00174,SUC-004,Costa Rica,Model D,2026
EV-ACME-04476,ACEMDLD18SB004476,CLI-00774,SUC-002,Guatemala,Model D,2025
EV-ACME-04477,ACEMDLE16SC004477,CLI-00426,SUC-003,Honduras,Model E,2025
EV-ACME-04478,ACEMDLB17SB004478,CLI-00424,SUC-002,Guatemala,Model B,2025
EV-ACME-04479,ACEMDLC10RA004479,CLI-00745,SUC-001,México,Model C,2024
EV-ACME-04480,ACEMDLF18SK004480,CLI-00750,SUC-010,Perú,Model F,2025
EV-ACME-04481,ACEMDLC17TA004481,CLI-00259,SUC-001,México,Model C,2026
EV-ACME-04482,ACEMDLE16RK004482,CLI-00870,SUC-010,Perú,Model E,2024
EV-ACME-04483,ACEMDLE17RC004483,CLI-00809,SUC-003,Honduras,Model E,2024
EV-ACME-04484,ACEMDLD11RF004484,CLI-00735,SUC-006,Argentina,Model D,2024
EV-ACME-04485,ACEMDLB14RK004485,CLI-00269,SUC-010,Perú,Model B,2024
EV-ACME-04486,ACEMDLF13SF004486,CLI-00680,SUC-006,Argentina,Model F,2025
EV-ACME-04487,ACEMDLF16SB004487,CLI-00616,SUC-002,Guatemala,Model F,2025
EV-ACME-04488,ACEMDLB19TA004488,CLI-00799,SUC-001,México,Model B,2026
EV-ACME-04489,ACEMDLC12SF004489,CLI-00523,SUC-006,Argentina,Model C,2025
EV-ACME-04490,ACEMDLF16RF004490,CLI-00492,SUC-006,Argentina,Model F,2024
EV-ACME-04491,ACEMDLE19TF004491,CLI-00014,SUC-006,Argentina,Model E,2026
EV-ACME-04492,ACEMDLE18RJ004492,CLI-00970,SUC-009,Panamá,Model E,2024
EV-ACME-04493,ACEMDLE13RJ004493,CLI-00632,SUC-009,Panamá,Model E,2024
EV-ACME-04494,ACEMDLB10SB004494,CLI-00272,SUC-002,Guatemala,Model B,2025
EV-ACME-04495,ACEMDLC18SH004495,CLI-00910,SUC-008,Chile,Model C,2025
EV-ACME-04496,ACEMDLD12TE004496,CLI-00929,SUC-005,Colombia,Model D,2026
EV-ACME-04497,ACEMDLF10SH004497,CLI-00130,SUC-008,Chile,Model F,2025
EV-ACME-04498,ACEMDLC14SF004498,CLI-00792,SUC-006,Argentina,Model C,2025
EV-ACME-04499,ACEMDLD15TA004499,CLI-00534,SUC-001,México,Model D,2026
EV-ACME-04500,ACEMDLA15RD004500,CLI-00008,SUC-004,Costa Rica,Model A,2024
EV-ACME-04501,ACEMDLC16RJ004501,CLI-00765,SUC-009,Panamá,Model C,2024
EV-ACME-04502,ACEMDLF12TF004502,CLI-00350,SUC-006,Argentina,Model F,2026
EV-ACME-04503,ACEMDLE12RJ004503,CLI-00115,SUC-009,Panamá,Model E,2024
EV-ACME-04504,ACEMDLC18RH004504,CLI-00559,SUC-008,Chile,Model C,2024
EV-ACME-04505,ACEMDLA15RD004505,CLI-00859,SUC-004,Costa Rica,Model A,2024
EV-ACME-04506,ACEMDLE18TA004506,CLI-00660,SUC-001,México,Model E,2026
EV-ACME-04507,ACEMDLF16TA004507,CLI-00081,SUC-001,México,Model F,2026
EV-ACME-04508,ACEMDLA13RE004508,CLI-00054,SUC-005,Colombia,Model A,2024
EV-ACME-04509,ACEMDLE18SE004509,CLI-00165,SUC-005,Colombia,Model E,2025
EV-ACME-04510,ACEMDLE18RC004510,CLI-00136,SUC-003,Honduras,Model E,2024
EV-ACME-04511,ACEMDLB12SJ004511,CLI-00940,SUC-009,Panamá,Model B,2025
EV-ACME-04512,ACEMDLD16SE004512,CLI-00451,SUC-005,Colombia,Model D,2025
EV-ACME-04513,ACEMDLA18TE004513,CLI-00672,SUC-005,Colombia,Model A,2026
EV-ACME-04514,ACEMDLE12TC004514,CLI-00731,SUC-003,Honduras,Model E,2026
EV-ACME-04515,ACEMDLF10TE004515,CLI-00257,SUC-005,Colombia,Model F,2026
EV-ACME-04516,ACEMDLD11TH004516,CLI-00134,SUC-008,Chile,Model D,2026
EV-ACME-04517,ACEMDLF17RF004517,CLI-00163,SUC-006,Argentina,Model F,2024
EV-ACME-04518,ACEMDLC14RK004518,CLI-00147,SUC-010,Perú,Model C,2024
EV-ACME-04519,ACEMDLF17SD004519,CLI-00055,SUC-004,Costa Rica,Model F,2025
EV-ACME-04520,ACEMDLF19RA004520,CLI-00654,SUC-001,México,Model F,2024
EV-ACME-04521,ACEMDLD15SJ004521,CLI-00854,SUC-009,Panamá,Model D,2025
EV-ACME-04522,ACEMDLE17RH004522,CLI-00123,SUC-008,Chile,Model E,2024
EV-ACME-04523,ACEMDLE17SK004523,CLI-00213,SUC-010,Perú,Model E,2025
EV-ACME-04524,ACEMDLB14SF004524,CLI-00102,SUC-006,Argentina,Model B,2025
EV-ACME-04525,ACEMDLA13RG004525,CLI-00214,SUC-007,Canadá,Model A,2024
EV-ACME-04526,ACEMDLB14TH004526,CLI-00016,SUC-008,Chile,Model B,2026
EV-ACME-04527,ACEMDLF15SD004527,CLI-00069,SUC-004,Costa Rica,Model F,2025
EV-ACME-04528,ACEMDLE19RJ004528,CLI-00607,SUC-009,Panamá,Model E,2024
EV-ACME-04529,ACEMDLA18TG004529,CLI-00106,SUC-007,Canadá,Model A,2026
EV-ACME-04530,ACEMDLC12SG004530,CLI-00938,SUC-007,Canadá,Model C,2025
EV-ACME-04531,ACEMDLD16RC004531,CLI-00504,SUC-003,Honduras,Model D,2024
EV-ACME-04532,ACEMDLF19SG004532,CLI-00077,SUC-007,Canadá,Model F,2025
EV-ACME-04533,ACEMDLD13RA004533,CLI-00876,SUC-001,México,Model D,2024
EV-ACME-04534,ACEMDLD11TF004534,CLI-00738,SUC-006,Argentina,Model D,2026
EV-ACME-04535,ACEMDLF10RA004535,CLI-00298,SUC-001,México,Model F,2024
EV-ACME-04536,ACEMDLB16TH004536,CLI-00726,SUC-008,Chile,Model B,2026
EV-ACME-04537,ACEMDLF15SF004537,CLI-00476,SUC-006,Argentina,Model F,2025
EV-ACME-04538,ACEMDLE10SG004538,CLI-00610,SUC-007,Canadá,Model E,2025
EV-ACME-04539,ACEMDLB12RG004539,CLI-00524,SUC-007,Canadá,Model B,2024
EV-ACME-04540,ACEMDLE16SE004540,CLI-00806,SUC-005,Colombia,Model E,2025
EV-ACME-04541,ACEMDLE13RJ004541,CLI-00526,SUC-009,Panamá,Model E,2024
EV-ACME-04542,ACEMDLB17TE004542,CLI-00074,SUC-005,Colombia,Model B,2026
EV-ACME-04543,ACEMDLE12RJ004543,CLI-00925,SUC-009,Panamá,Model E,2024
EV-ACME-04544,ACEMDLC11SH004544,CLI-00091,SUC-008,Chile,Model C,2025
EV-ACME-04545,ACEMDLA10TE004545,CLI-00132,SUC-005,Colombia,Model A,2026
EV-ACME-04546,ACEMDLF16SK004546,CLI-00821,SUC-010,Perú,Model F,2025
EV-ACME-04547,ACEMDLE19TH004547,CLI-00696,SUC-008,Chile,Model E,2026
EV-ACME-04548,ACEMDLE17TD004548,CLI-00545,SUC-004,Costa Rica,Model E,2026
EV-ACME-04549,ACEMDLA17SJ004549,CLI-00266,SUC-009,Panamá,Model A,2025
EV-ACME-04550,ACEMDLB15TA004550,CLI-00333,SUC-001,México,Model B,2026
EV-ACME-04551,ACEMDLB13SA004551,CLI-00234,SUC-001,México,Model B,2025
EV-ACME-04552,ACEMDLB18RK004552,CLI-00565,SUC-010,Perú,Model B,2024
EV-ACME-04553,ACEMDLF10TE004553,CLI-00743,SUC-005,Colombia,Model F,2026
EV-ACME-04554,ACEMDLF15TC004554,CLI-00602,SUC-003,Honduras,Model F,2026
EV-ACME-04555,ACEMDLF12SC004555,CLI-00200,SUC-003,Honduras,Model F,2025
EV-ACME-04556,ACEMDLE13RC004556,CLI-00162,SUC-003,Honduras,Model E,2024
EV-ACME-04557,ACEMDLC17TH004557,CLI-00964,SUC-008,Chile,Model C,2026
EV-ACME-04558,ACEMDLE16TH004558,CLI-00860,SUC-008,Chile,Model E,2026
EV-ACME-04559,ACEMDLA13TJ004559,CLI-00949,SUC-009,Panamá,Model A,2026
EV-ACME-04560,ACEMDLD15TK004560,CLI-00149,SUC-010,Perú,Model D,2026
EV-ACME-04561,ACEMDLD19SH004561,CLI-00508,SUC-008,Chile,Model D,2025
EV-ACME-04562,ACEMDLC13SB004562,CLI-00567,SUC-002,Guatemala,Model C,2025
EV-ACME-04563,ACEMDLE12RA004563,CLI-00625,SUC-001,México,Model E,2024
EV-ACME-04564,ACEMDLD16RK004564,CLI-00491,SUC-010,Perú,Model D,2024
EV-ACME-04565,ACEMDLE12TD004565,CLI-01000,SUC-004,Costa Rica,Model E,2026
EV-ACME-04566,ACEMDLE19TF004566,CLI-00285,SUC-006,Argentina,Model E,2026
EV-ACME-04567,ACEMDLF18TK004567,CLI-00366,SUC-010,Perú,Model F,2026
EV-ACME-04568,ACEMDLB15TC004568,CLI-00463,SUC-003,Honduras,Model B,2026
EV-ACME-04569,ACEMDLF14RJ004569,CLI-00404,SUC-009,Panamá,Model F,2024
EV-ACME-04570,ACEMDLA10TB004570,CLI-00509,SUC-002,Guatemala,Model A,2026
EV-ACME-04571,ACEMDLB14SH004571,CLI-00994,SUC-008,Chile,Model B,2025
EV-ACME-04572,ACEMDLA12SE004572,CLI-00757,SUC-005,Colombia,Model A,2025
EV-ACME-04573,ACEMDLF17RG004573,CLI-00840,SUC-007,Canadá,Model F,2024
EV-ACME-04574,ACEMDLF17TK004574,CLI-00729,SUC-010,Perú,Model F,2026
EV-ACME-04575,ACEMDLD13RF004575,CLI-00532,SUC-006,Argentina,Model D,2024
EV-ACME-04576,ACEMDLE12RJ004576,CLI-00119,SUC-009,Panamá,Model E,2024
EV-ACME-04577,ACEMDLD18SJ004577,CLI-00593,SUC-009,Panamá,Model D,2025
EV-ACME-04578,ACEMDLF16TA004578,CLI-00223,SUC-001,México,Model F,2026
EV-ACME-04579,ACEMDLF16SF004579,CLI-00695,SUC-006,Argentina,Model F,2025
EV-ACME-04580,ACEMDLF12RD004580,CLI-00971,SUC-004,Costa Rica,Model F,2024
EV-ACME-04581,ACEMDLF12SB004581,CLI-00666,SUC-002,Guatemala,Model F,2025
EV-ACME-04582,ACEMDLF13RG004582,CLI-00306,SUC-007,Canadá,Model F,2024
EV-ACME-04583,ACEMDLD19SC004583,CLI-00819,SUC-003,Honduras,Model D,2025
EV-ACME-04584,ACEMDLD11RD004584,CLI-00327,SUC-004,Costa Rica,Model D,2024
EV-ACME-04585,ACEMDLA15SC004585,CLI-00360,SUC-003,Honduras,Model A,2025
EV-ACME-04586,ACEMDLA15TD004586,CLI-00683,SUC-004,Costa Rica,Model A,2026
EV-ACME-04587,ACEMDLD18RG004587,CLI-00465,SUC-007,Canadá,Model D,2024
EV-ACME-04588,ACEMDLC19SD004588,CLI-00457,SUC-004,Costa Rica,Model C,2025
EV-ACME-04589,ACEMDLB15SK004589,CLI-00149,SUC-010,Perú,Model B,2025
EV-ACME-04590,ACEMDLF15RD004590,CLI-00971,SUC-004,Costa Rica,Model F,2024
EV-ACME-04591,ACEMDLF18RA004591,CLI-00989,SUC-001,México,Model F,2024
EV-ACME-04592,ACEMDLB17RG004592,CLI-00467,SUC-007,Canadá,Model B,2024
EV-ACME-04593,ACEMDLE16RF004593,CLI-00163,SUC-006,Argentina,Model E,2024
EV-ACME-04594,ACEMDLE12TH004594,CLI-00177,SUC-008,Chile,Model E,2026
EV-ACME-04595,ACEMDLE11RC004595,CLI-00427,SUC-003,Honduras,Model E,2024
EV-ACME-04596,ACEMDLD16RJ004596,CLI-00925,SUC-009,Panamá,Model D,2024
EV-ACME-04597,ACEMDLD11SJ004597,CLI-00712,SUC-009,Panamá,Model D,2025
EV-ACME-04598,ACEMDLF19TJ004598,CLI-00119,SUC-009,Panamá,Model F,2026
EV-ACME-04599,ACEMDLD10RG004599,CLI-00467,SUC-007,Canadá,Model D,2024
EV-ACME-04600,ACEMDLB10RE004600,CLI-00581,SUC-005,Colombia,Model B,2024
EV-ACME-04601,ACEMDLF16RJ004601,CLI-00121,SUC-009,Panamá,Model F,2024
EV-ACME-04602,ACEMDLC18SD004602,CLI-00917,SUC-004,Costa Rica,Model C,2025
EV-ACME-04603,ACEMDLE12TE004603,CLI-00096,SUC-005,Colombia,Model E,2026
EV-ACME-04604,ACEMDLC19SG004604,CLI-00214,SUC-007,Canadá,Model C,2025
EV-ACME-04605,ACEMDLE16RF004605,CLI-00944,SUC-006,Argentina,Model E,2024
EV-ACME-04606,ACEMDLC19RG004606,CLI-00674,SUC-007,Canadá,Model C,2024
EV-ACME-04607,ACEMDLC13RJ004607,CLI-00566,SUC-009,Panamá,Model C,2024
EV-ACME-04608,ACEMDLA18SJ004608,CLI-00377,SUC-009,Panamá,Model A,2025
EV-ACME-04609,ACEMDLA19RH004609,CLI-00267,SUC-008,Chile,Model A,2024
EV-ACME-04610,ACEMDLF15RK004610,CLI-00935,SUC-010,Perú,Model F,2024
EV-ACME-04611,ACEMDLD17SE004611,CLI-00394,SUC-005,Colombia,Model D,2025
EV-ACME-04612,ACEMDLE14RH004612,CLI-00713,SUC-008,Chile,Model E,2024
EV-ACME-04613,ACEMDLC14SG004613,CLI-00037,SUC-007,Canadá,Model C,2025
EV-ACME-04614,ACEMDLE14RA004614,CLI-00378,SUC-001,México,Model E,2024
EV-ACME-04615,ACEMDLD11RD004615,CLI-00642,SUC-004,Costa Rica,Model D,2024
EV-ACME-04616,ACEMDLC14SF004616,CLI-00317,SUC-006,Argentina,Model C,2025
EV-ACME-04617,ACEMDLA15SE004617,CLI-00929,SUC-005,Colombia,Model A,2025
EV-ACME-04618,ACEMDLE11TK004618,CLI-00410,SUC-010,Perú,Model E,2026
EV-ACME-04619,ACEMDLE14RH004619,CLI-00062,SUC-008,Chile,Model E,2024
EV-ACME-04620,ACEMDLA19RF004620,CLI-00872,SUC-006,Argentina,Model A,2024
EV-ACME-04621,ACEMDLF11SF004621,CLI-00990,SUC-006,Argentina,Model F,2025
EV-ACME-04622,ACEMDLA15SE004622,CLI-00303,SUC-005,Colombia,Model A,2025
EV-ACME-04623,ACEMDLA16SA004623,CLI-00580,SUC-001,México,Model A,2025
EV-ACME-04624,ACEMDLC17TJ004624,CLI-00127,SUC-009,Panamá,Model C,2026
EV-ACME-04625,ACEMDLC12RB004625,CLI-00469,SUC-002,Guatemala,Model C,2024
EV-ACME-04626,ACEMDLF14TK004626,CLI-00543,SUC-010,Perú,Model F,2026
EV-ACME-04627,ACEMDLF10RJ004627,CLI-00547,SUC-009,Panamá,Model F,2024
EV-ACME-04628,ACEMDLC18TA004628,CLI-00223,SUC-001,México,Model C,2026
EV-ACME-04629,ACEMDLE19TD004629,CLI-00093,SUC-004,Costa Rica,Model E,2026
EV-ACME-04630,ACEMDLD19RE004630,CLI-00930,SUC-005,Colombia,Model D,2024
EV-ACME-04631,ACEMDLF19SE004631,CLI-00732,SUC-005,Colombia,Model F,2025
EV-ACME-04632,ACEMDLE18TC004632,CLI-00197,SUC-003,Honduras,Model E,2026
EV-ACME-04633,ACEMDLC15RA004633,CLI-00989,SUC-001,México,Model C,2024
EV-ACME-04634,ACEMDLA14SA004634,CLI-00084,SUC-001,México,Model A,2025
EV-ACME-04635,ACEMDLF16TC004635,CLI-00460,SUC-003,Honduras,Model F,2026
EV-ACME-04636,ACEMDLD11SD004636,CLI-00309,SUC-004,Costa Rica,Model D,2025
EV-ACME-04637,ACEMDLC16RG004637,CLI-00037,SUC-007,Canadá,Model C,2024
EV-ACME-04638,ACEMDLA13TA004638,CLI-00403,SUC-001,México,Model A,2026
EV-ACME-04639,ACEMDLC19SB004639,CLI-00100,SUC-002,Guatemala,Model C,2025
EV-ACME-04640,ACEMDLC10TG004640,CLI-00439,SUC-007,Canadá,Model C,2026
EV-ACME-04641,ACEMDLC15TK004641,CLI-00097,SUC-010,Perú,Model C,2026
EV-ACME-04642,ACEMDLB10RA004642,CLI-00017,SUC-001,México,Model B,2024
EV-ACME-04643,ACEMDLF11RD004643,CLI-00291,SUC-004,Costa Rica,Model F,2024
EV-ACME-04644,ACEMDLF12TJ004644,CLI-00379,SUC-009,Panamá,Model F,2026
EV-ACME-04645,ACEMDLB12SJ004645,CLI-00199,SUC-009,Panamá,Model B,2025
EV-ACME-04646,ACEMDLE19RE004646,CLI-00132,SUC-005,Colombia,Model E,2024
EV-ACME-04647,ACEMDLC14TJ004647,CLI-00301,SUC-009,Panamá,Model C,2026
EV-ACME-04648,ACEMDLB13TK004648,CLI-00594,SUC-010,Perú,Model B,2026
EV-ACME-04649,ACEMDLC18SJ004649,CLI-00256,SUC-009,Panamá,Model C,2025
EV-ACME-04650,ACEMDLB19SJ004650,CLI-00599,SUC-009,Panamá,Model B,2025
EV-ACME-04651,ACEMDLF15TE004651,CLI-00846,SUC-005,Colombia,Model F,2026
EV-ACME-04652,ACEMDLC11TB004652,CLI-00670,SUC-002,Guatemala,Model C,2026
EV-ACME-04653,ACEMDLC19RH004653,CLI-00726,SUC-008,Chile,Model C,2024
EV-ACME-04654,ACEMDLC13TB004654,CLI-00857,SUC-002,Guatemala,Model C,2026
EV-ACME-04655,ACEMDLA17TJ004655,CLI-00526,SUC-009,Panamá,Model A,2026
EV-ACME-04656,ACEMDLF15RH004656,CLI-00447,SUC-008,Chile,Model F,2024
EV-ACME-04657,ACEMDLB12RA004657,CLI-00580,SUC-001,México,Model B,2024
EV-ACME-04658,ACEMDLD14RH004658,CLI-00502,SUC-008,Chile,Model D,2024
EV-ACME-04659,ACEMDLC17SC004659,CLI-00974,SUC-003,Honduras,Model C,2025
EV-ACME-04660,ACEMDLF15RD004660,CLI-00822,SUC-004,Costa Rica,Model F,2024
EV-ACME-04661,ACEMDLB19SH004661,CLI-00063,SUC-008,Chile,Model B,2025
EV-ACME-04662,ACEMDLA17RJ004662,CLI-00202,SUC-009,Panamá,Model A,2024
EV-ACME-04663,ACEMDLD12RF004663,CLI-00104,SUC-006,Argentina,Model D,2024
EV-ACME-04664,ACEMDLC10TF004664,CLI-00904,SUC-006,Argentina,Model C,2026
EV-ACME-04665,ACEMDLE17TC004665,CLI-00693,SUC-003,Honduras,Model E,2026
EV-ACME-04666,ACEMDLD11RF004666,CLI-00755,SUC-006,Argentina,Model D,2024
EV-ACME-04667,ACEMDLF12RH004667,CLI-00913,SUC-008,Chile,Model F,2024
EV-ACME-04668,ACEMDLD14RG004668,CLI-00924,SUC-007,Canadá,Model D,2024
EV-ACME-04669,ACEMDLC11SC004669,CLI-00460,SUC-003,Honduras,Model C,2025
EV-ACME-04670,ACEMDLA16RH004670,CLI-00868,SUC-008,Chile,Model A,2024
EV-ACME-04671,ACEMDLB19TA004671,CLI-00066,SUC-001,México,Model B,2026
EV-ACME-04672,ACEMDLF16SJ004672,CLI-00408,SUC-009,Panamá,Model F,2025
EV-ACME-04673,ACEMDLA14RK004673,CLI-00094,SUC-010,Perú,Model A,2024
EV-ACME-04674,ACEMDLD18SK004674,CLI-00932,SUC-010,Perú,Model D,2025
EV-ACME-04675,ACEMDLC11RD004675,CLI-00027,SUC-004,Costa Rica,Model C,2024
EV-ACME-04676,ACEMDLC16TE004676,CLI-00665,SUC-005,Colombia,Model C,2026
EV-ACME-04677,ACEMDLF11RK004677,CLI-00491,SUC-010,Perú,Model F,2024
EV-ACME-04678,ACEMDLE13TG004678,CLI-00740,SUC-007,Canadá,Model E,2026
EV-ACME-04679,ACEMDLD17TA004679,CLI-00234,SUC-001,México,Model D,2026
EV-ACME-04680,ACEMDLB18SB004680,CLI-00178,SUC-002,Guatemala,Model B,2025
EV-ACME-04681,ACEMDLC14TD004681,CLI-00229,SUC-004,Costa Rica,Model C,2026
EV-ACME-04682,ACEMDLE11TF004682,CLI-00644,SUC-006,Argentina,Model E,2026
EV-ACME-04683,ACEMDLD15TA004683,CLI-00754,SUC-001,México,Model D,2026
EV-ACME-04684,ACEMDLE16RA004684,CLI-00378,SUC-001,México,Model E,2024
EV-ACME-04685,ACEMDLC15TH004685,CLI-00556,SUC-008,Chile,Model C,2026
EV-ACME-04686,ACEMDLF11TB004686,CLI-00407,SUC-002,Guatemala,Model F,2026
EV-ACME-04687,ACEMDLA15SD004687,CLI-00475,SUC-004,Costa Rica,Model A,2025
EV-ACME-04688,ACEMDLE14TG004688,CLI-00294,SUC-007,Canadá,Model E,2026
EV-ACME-04689,ACEMDLE14TF004689,CLI-00893,SUC-006,Argentina,Model E,2026
EV-ACME-04690,ACEMDLA14SK004690,CLI-00286,SUC-010,Perú,Model A,2025
EV-ACME-04691,ACEMDLC19TB004691,CLI-00509,SUC-002,Guatemala,Model C,2026
EV-ACME-04692,ACEMDLA10SA004692,CLI-00529,SUC-001,México,Model A,2025
EV-ACME-04693,ACEMDLF11TA004693,CLI-00983,SUC-001,México,Model F,2026
EV-ACME-04694,ACEMDLC17SF004694,CLI-00606,SUC-006,Argentina,Model C,2025
EV-ACME-04695,ACEMDLF15TD004695,CLI-00779,SUC-004,Costa Rica,Model F,2026
EV-ACME-04696,ACEMDLE18RH004696,CLI-00608,SUC-008,Chile,Model E,2024
EV-ACME-04697,ACEMDLF11RA004697,CLI-00660,SUC-001,México,Model F,2024
EV-ACME-04698,ACEMDLE18TD004698,CLI-00055,SUC-004,Costa Rica,Model E,2026
EV-ACME-04699,ACEMDLA10RJ004699,CLI-00942,SUC-009,Panamá,Model A,2024
EV-ACME-04700,ACEMDLE10SJ004700,CLI-00765,SUC-009,Panamá,Model E,2025
EV-ACME-04701,ACEMDLF15SK004701,CLI-00710,SUC-010,Perú,Model F,2025
EV-ACME-04702,ACEMDLC16RG004702,CLI-00635,SUC-007,Canadá,Model C,2024
EV-ACME-04703,ACEMDLC17TF004703,CLI-00532,SUC-006,Argentina,Model C,2026
EV-ACME-04704,ACEMDLA14RF004704,CLI-00347,SUC-006,Argentina,Model A,2024
EV-ACME-04705,ACEMDLF17SE004705,CLI-00043,SUC-005,Colombia,Model F,2025
EV-ACME-04706,ACEMDLC12SF004706,CLI-00533,SUC-006,Argentina,Model C,2025
EV-ACME-04707,ACEMDLE12TC004707,CLI-00809,SUC-003,Honduras,Model E,2026
EV-ACME-04708,ACEMDLC16RJ004708,CLI-00648,SUC-009,Panamá,Model C,2024
EV-ACME-04709,ACEMDLF15SC004709,CLI-00803,SUC-003,Honduras,Model F,2025
EV-ACME-04710,ACEMDLB18RD004710,CLI-00742,SUC-004,Costa Rica,Model B,2024
EV-ACME-04711,ACEMDLA10SA004711,CLI-00081,SUC-001,México,Model A,2025
EV-ACME-04712,ACEMDLD10TC004712,CLI-00693,SUC-003,Honduras,Model D,2026
EV-ACME-04713,ACEMDLD13SF004713,CLI-00289,SUC-006,Argentina,Model D,2025
EV-ACME-04714,ACEMDLE13TJ004714,CLI-00942,SUC-009,Panamá,Model E,2026
EV-ACME-04715,ACEMDLA14SG004715,CLI-00349,SUC-007,Canadá,Model A,2025
EV-ACME-04716,ACEMDLF17RB004716,CLI-00002,SUC-002,Guatemala,Model F,2024
EV-ACME-04717,ACEMDLE12SD004717,CLI-00898,SUC-004,Costa Rica,Model E,2025
EV-ACME-04718,ACEMDLD17SJ004718,CLI-00301,SUC-009,Panamá,Model D,2025
EV-ACME-04719,ACEMDLB19RB004719,CLI-00725,SUC-002,Guatemala,Model B,2024
EV-ACME-04720,ACEMDLD12SE004720,CLI-00065,SUC-005,Colombia,Model D,2025
EV-ACME-04721,ACEMDLB19TK004721,CLI-00001,SUC-010,Perú,Model B,2026
EV-ACME-04722,ACEMDLE15RC004722,CLI-00525,SUC-003,Honduras,Model E,2024
EV-ACME-04723,ACEMDLD19RF004723,CLI-00978,SUC-006,Argentina,Model D,2024
EV-ACME-04724,ACEMDLB14SA004724,CLI-00293,SUC-001,México,Model B,2025
EV-ACME-04725,ACEMDLF17SK004725,CLI-00718,SUC-010,Perú,Model F,2025
EV-ACME-04726,ACEMDLB16TF004726,CLI-00104,SUC-006,Argentina,Model B,2026
EV-ACME-04727,ACEMDLB10RD004727,CLI-00431,SUC-004,Costa Rica,Model B,2024
EV-ACME-04728,ACEMDLE15TE004728,CLI-00807,SUC-005,Colombia,Model E,2026
EV-ACME-04729,ACEMDLE12TF004729,CLI-00113,SUC-006,Argentina,Model E,2026
EV-ACME-04730,ACEMDLF14RA004730,CLI-00233,SUC-001,México,Model F,2024
EV-ACME-04731,ACEMDLD13RK004731,CLI-00991,SUC-010,Perú,Model D,2024
EV-ACME-04732,ACEMDLE15TC004732,CLI-00595,SUC-003,Honduras,Model E,2026
EV-ACME-04733,ACEMDLE10RC004733,CLI-00650,SUC-003,Honduras,Model E,2024
EV-ACME-04734,ACEMDLA11SK004734,CLI-00410,SUC-010,Perú,Model A,2025
EV-ACME-04735,ACEMDLA14RE004735,CLI-00167,SUC-005,Colombia,Model A,2024
EV-ACME-04736,ACEMDLA17SD004736,CLI-00419,SUC-004,Costa Rica,Model A,2025
EV-ACME-04737,ACEMDLF15SA004737,CLI-00580,SUC-001,México,Model F,2025
EV-ACME-04738,ACEMDLC10TH004738,CLI-00016,SUC-008,Chile,Model C,2026
EV-ACME-04739,ACEMDLB10SA004739,CLI-00318,SUC-001,México,Model B,2025
EV-ACME-04740,ACEMDLC14RC004740,CLI-00490,SUC-003,Honduras,Model C,2024
EV-ACME-04741,ACEMDLC16RJ004741,CLI-00902,SUC-009,Panamá,Model C,2024
EV-ACME-04742,ACEMDLE17TC004742,CLI-00892,SUC-003,Honduras,Model E,2026
EV-ACME-04743,ACEMDLD12TK004743,CLI-00734,SUC-010,Perú,Model D,2026
EV-ACME-04744,ACEMDLD19RA004744,CLI-00017,SUC-001,México,Model D,2024
EV-ACME-04745,ACEMDLC17RK004745,CLI-00269,SUC-010,Perú,Model C,2024
EV-ACME-04746,ACEMDLA19RE004746,CLI-00798,SUC-005,Colombia,Model A,2024
EV-ACME-04747,ACEMDLF18RA004747,CLI-00126,SUC-001,México,Model F,2024
EV-ACME-04748,ACEMDLE10RC004748,CLI-00430,SUC-003,Honduras,Model E,2024
EV-ACME-04749,ACEMDLC13TC004749,CLI-00650,SUC-003,Honduras,Model C,2026
EV-ACME-04750,ACEMDLB14RE004750,CLI-00646,SUC-005,Colombia,Model B,2024
EV-ACME-04751,ACEMDLE18RH004751,CLI-00063,SUC-008,Chile,Model E,2024
EV-ACME-04752,ACEMDLB11TJ004752,CLI-00817,SUC-009,Panamá,Model B,2026
EV-ACME-04753,ACEMDLF12SK004753,CLI-00789,SUC-010,Perú,Model F,2025
EV-ACME-04754,ACEMDLE15TD004754,CLI-00980,SUC-004,Costa Rica,Model E,2026
EV-ACME-04755,ACEMDLE16RC004755,CLI-00392,SUC-003,Honduras,Model E,2024
EV-ACME-04756,ACEMDLE17RF004756,CLI-00458,SUC-006,Argentina,Model E,2024
EV-ACME-04757,ACEMDLC16TB004757,CLI-00567,SUC-002,Guatemala,Model C,2026
EV-ACME-04758,ACEMDLC12TG004758,CLI-00194,SUC-007,Canadá,Model C,2026
EV-ACME-04759,ACEMDLA12RK004759,CLI-00325,SUC-010,Perú,Model A,2024
EV-ACME-04760,ACEMDLD18TE004760,CLI-00743,SUC-005,Colombia,Model D,2026
EV-ACME-04761,ACEMDLB10TF004761,CLI-00792,SUC-006,Argentina,Model B,2026
EV-ACME-04762,ACEMDLC18TB004762,CLI-00651,SUC-002,Guatemala,Model C,2026
EV-ACME-04763,ACEMDLC17SH004763,CLI-00362,SUC-008,Chile,Model C,2025
EV-ACME-04764,ACEMDLE13SG004764,CLI-00019,SUC-007,Canadá,Model E,2025
EV-ACME-04765,ACEMDLA12SJ004765,CLI-00252,SUC-009,Panamá,Model A,2025
EV-ACME-04766,ACEMDLC13SF004766,CLI-00305,SUC-006,Argentina,Model C,2025
EV-ACME-04767,ACEMDLD19RC004767,CLI-00477,SUC-003,Honduras,Model D,2024
EV-ACME-04768,ACEMDLD14TA004768,CLI-00315,SUC-001,México,Model D,2026
EV-ACME-04769,ACEMDLB13TC004769,CLI-00791,SUC-003,Honduras,Model B,2026
EV-ACME-04770,ACEMDLB15SG004770,CLI-00524,SUC-007,Canadá,Model B,2025
EV-ACME-04771,ACEMDLA14TD004771,CLI-00882,SUC-004,Costa Rica,Model A,2026
EV-ACME-04772,ACEMDLE11SJ004772,CLI-00198,SUC-009,Panamá,Model E,2025
EV-ACME-04773,ACEMDLE15RA004773,CLI-00332,SUC-001,México,Model E,2024
EV-ACME-04774,ACEMDLD18TD004774,CLI-00977,SUC-004,Costa Rica,Model D,2026
EV-ACME-04775,ACEMDLC11RJ004775,CLI-00864,SUC-009,Panamá,Model C,2024
EV-ACME-04776,ACEMDLA13RG004776,CLI-00090,SUC-007,Canadá,Model A,2024
EV-ACME-04777,ACEMDLE19RF004777,CLI-00944,SUC-006,Argentina,Model E,2024
EV-ACME-04778,ACEMDLD16SD004778,CLI-00240,SUC-004,Costa Rica,Model D,2025
EV-ACME-04779,ACEMDLD19RA004779,CLI-00259,SUC-001,México,Model D,2024
EV-ACME-04780,ACEMDLA11TE004780,CLI-00085,SUC-005,Colombia,Model A,2026
EV-ACME-04781,ACEMDLC10TA004781,CLI-00084,SUC-001,México,Model C,2026
EV-ACME-04782,ACEMDLF13RJ004782,CLI-00157,SUC-009,Panamá,Model F,2024
EV-ACME-04783,ACEMDLF17SJ004783,CLI-00072,SUC-009,Panamá,Model F,2025
EV-ACME-04784,ACEMDLB12SJ004784,CLI-00117,SUC-009,Panamá,Model B,2025
EV-ACME-04785,ACEMDLD15SA004785,CLI-00386,SUC-001,México,Model D,2025
EV-ACME-04786,ACEMDLB16TD004786,CLI-00922,SUC-004,Costa Rica,Model B,2026
EV-ACME-04787,ACEMDLA13RA004787,CLI-00058,SUC-001,México,Model A,2024
EV-ACME-04788,ACEMDLB14RF004788,CLI-00533,SUC-006,Argentina,Model B,2024
EV-ACME-04789,ACEMDLF10RH004789,CLI-00861,SUC-008,Chile,Model F,2024
EV-ACME-04790,ACEMDLE11TC004790,CLI-00322,SUC-003,Honduras,Model E,2026
EV-ACME-04791,ACEMDLC11RF004791,CLI-00338,SUC-006,Argentina,Model C,2024
EV-ACME-04792,ACEMDLA10SK004792,CLI-00659,SUC-010,Perú,Model A,2025
EV-ACME-04793,ACEMDLB13SH004793,CLI-00009,SUC-008,Chile,Model B,2025
EV-ACME-04794,ACEMDLA12TF004794,CLI-00455,SUC-006,Argentina,Model A,2026
EV-ACME-04795,ACEMDLF16RF004795,CLI-00778,SUC-006,Argentina,Model F,2024
EV-ACME-04796,ACEMDLE13SF004796,CLI-00359,SUC-006,Argentina,Model E,2025
EV-ACME-04797,ACEMDLA17RA004797,CLI-00403,SUC-001,México,Model A,2024
EV-ACME-04798,ACEMDLE12RJ004798,CLI-00044,SUC-009,Panamá,Model E,2024
EV-ACME-04799,ACEMDLB18RJ004799,CLI-00402,SUC-009,Panamá,Model B,2024
EV-ACME-04800,ACEMDLD19SF004800,CLI-00476,SUC-006,Argentina,Model D,2025
EV-ACME-04801,ACEMDLC18RF004801,CLI-00011,SUC-006,Argentina,Model C,2024
EV-ACME-04802,ACEMDLD15TK004802,CLI-00587,SUC-010,Perú,Model D,2026
EV-ACME-04803,ACEMDLC16TJ004803,CLI-00072,SUC-009,Panamá,Model C,2026
EV-ACME-04804,ACEMDLE12RH004804,CLI-00063,SUC-008,Chile,Model E,2024
EV-ACME-04805,ACEMDLC14SK004805,CLI-00336,SUC-010,Perú,Model C,2025
EV-ACME-04806,ACEMDLB14SC004806,CLI-00030,SUC-003,Honduras,Model B,2025
EV-ACME-04807,ACEMDLE13RG004807,CLI-00589,SUC-007,Canadá,Model E,2024
EV-ACME-04808,ACEMDLD19RF004808,CLI-00098,SUC-006,Argentina,Model D,2024
EV-ACME-04809,ACEMDLC19TE004809,CLI-00096,SUC-005,Colombia,Model C,2026
EV-ACME-04810,ACEMDLE11SC004810,CLI-00376,SUC-003,Honduras,Model E,2025
EV-ACME-04811,ACEMDLB12SG004811,CLI-00288,SUC-007,Canadá,Model B,2025
EV-ACME-04812,ACEMDLC15SG004812,CLI-00214,SUC-007,Canadá,Model C,2025
EV-ACME-04813,ACEMDLF13SG004813,CLI-00288,SUC-007,Canadá,Model F,2025
EV-ACME-04814,ACEMDLF16RB004814,CLI-00725,SUC-002,Guatemala,Model F,2024
EV-ACME-04815,ACEMDLC17SF004815,CLI-00978,SUC-006,Argentina,Model C,2025
EV-ACME-04816,ACEMDLC15SH004816,CLI-00936,SUC-008,Chile,Model C,2025
EV-ACME-04817,ACEMDLC18RF004817,CLI-00630,SUC-006,Argentina,Model C,2024
EV-ACME-04818,ACEMDLF13RG004818,CLI-00554,SUC-007,Canadá,Model F,2024
EV-ACME-04819,ACEMDLC16SC004819,CLI-00426,SUC-003,Honduras,Model C,2025
EV-ACME-04820,ACEMDLD13SG004820,CLI-00294,SUC-007,Canadá,Model D,2025
EV-ACME-04821,ACEMDLF16TK004821,CLI-00734,SUC-010,Perú,Model F,2026
EV-ACME-04822,ACEMDLF13RE004822,CLI-00345,SUC-005,Colombia,Model F,2024
EV-ACME-04823,ACEMDLE10TE004823,CLI-00551,SUC-005,Colombia,Model E,2026
EV-ACME-04824,ACEMDLA11SG004824,CLI-00760,SUC-007,Canadá,Model A,2025
EV-ACME-04825,ACEMDLE10RA004825,CLI-00025,SUC-001,México,Model E,2024
EV-ACME-04826,ACEMDLB19TC004826,CLI-00621,SUC-003,Honduras,Model B,2026
EV-ACME-04827,ACEMDLC17RC004827,CLI-00200,SUC-003,Honduras,Model C,2024
EV-ACME-04828,ACEMDLC10SG004828,CLI-00037,SUC-007,Canadá,Model C,2025
EV-ACME-04829,ACEMDLD16SD004829,CLI-00270,SUC-004,Costa Rica,Model D,2025
EV-ACME-04830,ACEMDLA18TE004830,CLI-00646,SUC-005,Colombia,Model A,2026
EV-ACME-04831,ACEMDLF11SB004831,CLI-00998,SUC-002,Guatemala,Model F,2025
EV-ACME-04832,ACEMDLB17SJ004832,CLI-00867,SUC-009,Panamá,Model B,2025
EV-ACME-04833,ACEMDLB16SC004833,CLI-00525,SUC-003,Honduras,Model B,2025
EV-ACME-04834,ACEMDLC15RE004834,CLI-00413,SUC-005,Colombia,Model C,2024
EV-ACME-04835,ACEMDLA12SA004835,CLI-00853,SUC-001,México,Model A,2025
EV-ACME-04836,ACEMDLE15SK004836,CLI-00175,SUC-010,Perú,Model E,2025
EV-ACME-04837,ACEMDLE12TJ004837,CLI-00867,SUC-009,Panamá,Model E,2026
EV-ACME-04838,ACEMDLB15RE004838,CLI-00324,SUC-005,Colombia,Model B,2024
EV-ACME-04839,ACEMDLD16TG004839,CLI-00004,SUC-007,Canadá,Model D,2026
EV-ACME-04840,ACEMDLE17TG004840,CLI-00214,SUC-007,Canadá,Model E,2026
EV-ACME-04841,ACEMDLD10SA004841,CLI-00259,SUC-001,México,Model D,2025
EV-ACME-04842,ACEMDLA18SF004842,CLI-00289,SUC-006,Argentina,Model A,2025
EV-ACME-04843,ACEMDLF10RA004843,CLI-00172,SUC-001,México,Model F,2024
EV-ACME-04844,ACEMDLF12TJ004844,CLI-00586,SUC-009,Panamá,Model F,2026
EV-ACME-04845,ACEMDLD13RD004845,CLI-00441,SUC-004,Costa Rica,Model D,2024
EV-ACME-04846,ACEMDLB10SJ004846,CLI-00765,SUC-009,Panamá,Model B,2025
EV-ACME-04847,ACEMDLB12SA004847,CLI-00017,SUC-001,México,Model B,2025
EV-ACME-04848,ACEMDLE10SK004848,CLI-00342,SUC-010,Perú,Model E,2025
EV-ACME-04849,ACEMDLC18SA004849,CLI-00844,SUC-001,México,Model C,2025
EV-ACME-04850,ACEMDLA15RG004850,CLI-00934,SUC-007,Canadá,Model A,2024
EV-ACME-04851,ACEMDLB13TG004851,CLI-00802,SUC-007,Canadá,Model B,2026
EV-ACME-04852,ACEMDLB19RK004852,CLI-00884,SUC-010,Perú,Model B,2024
EV-ACME-04853,ACEMDLD11RC004853,CLI-00504,SUC-003,Honduras,Model D,2024
EV-ACME-04854,ACEMDLF15TF004854,CLI-00244,SUC-006,Argentina,Model F,2026
EV-ACME-04855,ACEMDLE10SF004855,CLI-00116,SUC-006,Argentina,Model E,2025
EV-ACME-04856,ACEMDLC13SF004856,CLI-00816,SUC-006,Argentina,Model C,2025
EV-ACME-04857,ACEMDLB19RF004857,CLI-00564,SUC-006,Argentina,Model B,2024
EV-ACME-04858,ACEMDLB18SA004858,CLI-00682,SUC-001,México,Model B,2025
EV-ACME-04859,ACEMDLE17RE004859,CLI-00186,SUC-005,Colombia,Model E,2024
EV-ACME-04860,ACEMDLA13SJ004860,CLI-00526,SUC-009,Panamá,Model A,2025
EV-ACME-04861,ACEMDLC17TE004861,CLI-00493,SUC-005,Colombia,Model C,2026
EV-ACME-04862,ACEMDLF10TK004862,CLI-00342,SUC-010,Perú,Model F,2026
EV-ACME-04863,ACEMDLA11RC004863,CLI-00477,SUC-003,Honduras,Model A,2024
EV-ACME-04864,ACEMDLF14RE004864,CLI-00479,SUC-005,Colombia,Model F,2024
EV-ACME-04865,ACEMDLE17SE004865,CLI-00096,SUC-005,Colombia,Model E,2025
EV-ACME-04866,ACEMDLE13SB004866,CLI-00300,SUC-002,Guatemala,Model E,2025
EV-ACME-04867,ACEMDLD14TD004867,CLI-00920,SUC-004,Costa Rica,Model D,2026
EV-ACME-04868,ACEMDLA10SG004868,CLI-00762,SUC-007,Canadá,Model A,2025
EV-ACME-04869,ACEMDLC13SA004869,CLI-00082,SUC-001,México,Model C,2025
EV-ACME-04870,ACEMDLC12RE004870,CLI-00955,SUC-005,Colombia,Model C,2024
EV-ACME-04871,ACEMDLE10RD004871,CLI-00383,SUC-004,Costa Rica,Model E,2024
EV-ACME-04872,ACEMDLF14SE004872,CLI-00165,SUC-005,Colombia,Model F,2025
EV-ACME-04873,ACEMDLC16TF004873,CLI-00367,SUC-006,Argentina,Model C,2026
EV-ACME-04874,ACEMDLE14SB004874,CLI-00619,SUC-002,Guatemala,Model E,2025
EV-ACME-04875,ACEMDLE15TD004875,CLI-00237,SUC-004,Costa Rica,Model E,2026
EV-ACME-04876,ACEMDLC17RD004876,CLI-00783,SUC-004,Costa Rica,Model C,2024
EV-ACME-04877,ACEMDLA12TH004877,CLI-00280,SUC-008,Chile,Model A,2026
EV-ACME-04878,ACEMDLF14SG004878,CLI-00106,SUC-007,Canadá,Model F,2025
EV-ACME-04879,ACEMDLC13SE004879,CLI-00436,SUC-005,Colombia,Model C,2025
EV-ACME-04880,ACEMDLB19RK004880,CLI-00179,SUC-010,Perú,Model B,2024
EV-ACME-04881,ACEMDLE17SE004881,CLI-00324,SUC-005,Colombia,Model E,2025
EV-ACME-04882,ACEMDLB11RA004882,CLI-00916,SUC-001,México,Model B,2024
EV-ACME-04883,ACEMDLD13SG004883,CLI-00802,SUC-007,Canadá,Model D,2025
EV-ACME-04884,ACEMDLE10TE004884,CLI-00170,SUC-005,Colombia,Model E,2026
EV-ACME-04885,ACEMDLA16TA004885,CLI-00084,SUC-001,México,Model A,2026
EV-ACME-04886,ACEMDLB18SH004886,CLI-00063,SUC-008,Chile,Model B,2025
EV-ACME-04887,ACEMDLB14SA004887,CLI-00081,SUC-001,México,Model B,2025
EV-ACME-04888,ACEMDLF17RJ004888,CLI-00198,SUC-009,Panamá,Model F,2024
EV-ACME-04889,ACEMDLA12SB004889,CLI-00284,SUC-002,Guatemala,Model A,2025
EV-ACME-04890,ACEMDLB16SG004890,CLI-00067,SUC-007,Canadá,Model B,2025
EV-ACME-04891,ACEMDLE10TE004891,CLI-00574,SUC-005,Colombia,Model E,2026
EV-ACME-04892,ACEMDLD11SF004892,CLI-00630,SUC-006,Argentina,Model D,2025
EV-ACME-04893,ACEMDLA19TA004893,CLI-00315,SUC-001,México,Model A,2026
EV-ACME-04894,ACEMDLE14TA004894,CLI-00386,SUC-001,México,Model E,2026
EV-ACME-04895,ACEMDLA16RB004895,CLI-00454,SUC-002,Guatemala,Model A,2024
EV-ACME-04896,ACEMDLB13TE004896,CLI-00224,SUC-005,Colombia,Model B,2026
EV-ACME-04897,ACEMDLC12RA004897,CLI-00876,SUC-001,México,Model C,2024
EV-ACME-04898,ACEMDLA18SD004898,CLI-00159,SUC-004,Costa Rica,Model A,2025
EV-ACME-04899,ACEMDLA16TD004899,CLI-00051,SUC-004,Costa Rica,Model A,2026
EV-ACME-04900,ACEMDLD13RK004900,CLI-00351,SUC-010,Perú,Model D,2024
EV-ACME-04901,ACEMDLF15RJ004901,CLI-00060,SUC-009,Panamá,Model F,2024
EV-ACME-04902,ACEMDLB11RD004902,CLI-00369,SUC-004,Costa Rica,Model B,2024
EV-ACME-04903,ACEMDLF12SB004903,CLI-00108,SUC-002,Guatemala,Model F,2025
EV-ACME-04904,ACEMDLA18RF004904,CLI-00244,SUC-006,Argentina,Model A,2024
EV-ACME-04905,ACEMDLF18TG004905,CLI-00589,SUC-007,Canadá,Model F,2026
EV-ACME-04906,ACEMDLC16TC004906,CLI-00791,SUC-003,Honduras,Model C,2026
EV-ACME-04907,ACEMDLC10TG004907,CLI-00380,SUC-007,Canadá,Model C,2026
EV-ACME-04908,ACEMDLD18RD004908,CLI-00927,SUC-004,Costa Rica,Model D,2024
EV-ACME-04909,ACEMDLE17RB004909,CLI-00603,SUC-002,Guatemala,Model E,2024
EV-ACME-04910,ACEMDLE14SK004910,CLI-00746,SUC-010,Perú,Model E,2025
EV-ACME-04911,ACEMDLD17SA004911,CLI-00208,SUC-001,México,Model D,2025
EV-ACME-04912,ACEMDLE15SK004912,CLI-00542,SUC-010,Perú,Model E,2025
EV-ACME-04913,ACEMDLE16RJ004913,CLI-00379,SUC-009,Panamá,Model E,2024
EV-ACME-04914,ACEMDLD15RK004914,CLI-00147,SUC-010,Perú,Model D,2024
EV-ACME-04915,ACEMDLF10RC004915,CLI-00549,SUC-003,Honduras,Model F,2024
EV-ACME-04916,ACEMDLC19RE004916,CLI-00551,SUC-005,Colombia,Model C,2024
EV-ACME-04917,ACEMDLE17TA004917,CLI-00329,SUC-001,México,Model E,2026
EV-ACME-04918,ACEMDLB18SC004918,CLI-00888,SUC-003,Honduras,Model B,2025
EV-ACME-04919,ACEMDLB11TE004919,CLI-00832,SUC-005,Colombia,Model B,2026
EV-ACME-04920,ACEMDLA16TF004920,CLI-00340,SUC-006,Argentina,Model A,2026
EV-ACME-04921,ACEMDLE15TE004921,CLI-00673,SUC-005,Colombia,Model E,2026
EV-ACME-04922,ACEMDLE14SB004922,CLI-00790,SUC-002,Guatemala,Model E,2025
EV-ACME-04923,ACEMDLB12TC004923,CLI-00621,SUC-003,Honduras,Model B,2026
EV-ACME-04924,ACEMDLB17TC004924,CLI-00863,SUC-003,Honduras,Model B,2026
EV-ACME-04925,ACEMDLD15TC004925,CLI-00848,SUC-003,Honduras,Model D,2026
EV-ACME-04926,ACEMDLD10SG004926,CLI-00524,SUC-007,Canadá,Model D,2025
EV-ACME-04927,ACEMDLD14SJ004927,CLI-00184,SUC-009,Panamá,Model D,2025
EV-ACME-04928,ACEMDLE14RK004928,CLI-00033,SUC-010,Perú,Model E,2024
EV-ACME-04929,ACEMDLD17SC004929,CLI-00253,SUC-003,Honduras,Model D,2025
EV-ACME-04930,ACEMDLF14RK004930,CLI-00453,SUC-010,Perú,Model F,2024
EV-ACME-04931,ACEMDLE10RA004931,CLI-00654,SUC-001,México,Model E,2024
EV-ACME-04932,ACEMDLC19TE004932,CLI-00798,SUC-005,Colombia,Model C,2026
EV-ACME-04933,ACEMDLF10SH004933,CLI-00177,SUC-008,Chile,Model F,2025
EV-ACME-04934,ACEMDLE14RE004934,CLI-00807,SUC-005,Colombia,Model E,2024
EV-ACME-04935,ACEMDLC14RH004935,CLI-00228,SUC-008,Chile,Model C,2024
EV-ACME-04936,ACEMDLD17RK004936,CLI-00474,SUC-010,Perú,Model D,2024
EV-ACME-04937,ACEMDLC10RG004937,CLI-00194,SUC-007,Canadá,Model C,2024
EV-ACME-04938,ACEMDLF11SH004938,CLI-00868,SUC-008,Chile,Model F,2025
EV-ACME-04939,ACEMDLA19RC004939,CLI-00268,SUC-003,Honduras,Model A,2024
EV-ACME-04940,ACEMDLB19SK004940,CLI-00587,SUC-010,Perú,Model B,2025
EV-ACME-04941,ACEMDLE12TG004941,CLI-00719,SUC-007,Canadá,Model E,2026
EV-ACME-04942,ACEMDLC16RF004942,CLI-00533,SUC-006,Argentina,Model C,2024
EV-ACME-04943,ACEMDLB12RH004943,CLI-00118,SUC-008,Chile,Model B,2024
EV-ACME-04944,ACEMDLC16TH004944,CLI-00343,SUC-008,Chile,Model C,2026
EV-ACME-04945,ACEMDLD18SF004945,CLI-00911,SUC-006,Argentina,Model D,2025
EV-ACME-04946,ACEMDLC19SA004946,CLI-00318,SUC-001,México,Model C,2025
EV-ACME-04947,ACEMDLA13TB004947,CLI-00575,SUC-002,Guatemala,Model A,2026
EV-ACME-04948,ACEMDLB10TF004948,CLI-00865,SUC-006,Argentina,Model B,2026
EV-ACME-04949,ACEMDLB12TK004949,CLI-00302,SUC-010,Perú,Model B,2026
EV-ACME-04950,ACEMDLC19SJ004950,CLI-00157,SUC-009,Panamá,Model C,2025
EV-ACME-04951,ACEMDLD14SB004951,CLI-00770,SUC-002,Guatemala,Model D,2025
EV-ACME-04952,ACEMDLD18SF004952,CLI-00956,SUC-006,Argentina,Model D,2025
EV-ACME-04953,ACEMDLA12SK004953,CLI-00351,SUC-010,Perú,Model A,2025
EV-ACME-04954,ACEMDLF11RA004954,CLI-00443,SUC-001,México,Model F,2024
EV-ACME-04955,ACEMDLB10TA004955,CLI-00658,SUC-001,México,Model B,2026
EV-ACME-04956,ACEMDLF19RG004956,CLI-00639,SUC-007,Canadá,Model F,2024
EV-ACME-04957,ACEMDLD17SD004957,CLI-00649,SUC-004,Costa Rica,Model D,2025
EV-ACME-04958,ACEMDLC14SG004958,CLI-00560,SUC-007,Canadá,Model C,2025
EV-ACME-04959,ACEMDLD15RK004959,CLI-00461,SUC-010,Perú,Model D,2024
EV-ACME-04960,ACEMDLC12RJ004960,CLI-00101,SUC-009,Panamá,Model C,2024
EV-ACME-04961,ACEMDLA14SA004961,CLI-00223,SUC-001,México,Model A,2025
EV-ACME-04962,ACEMDLF14SF004962,CLI-00171,SUC-006,Argentina,Model F,2025
EV-ACME-04963,ACEMDLD10RK004963,CLI-00410,SUC-010,Perú,Model D,2024
EV-ACME-04964,ACEMDLD14RJ004964,CLI-00881,SUC-009,Panamá,Model D,2024
EV-ACME-04965,ACEMDLF18RD004965,CLI-00027,SUC-004,Costa Rica,Model F,2024
EV-ACME-04966,ACEMDLF14SF004966,CLI-00146,SUC-006,Argentina,Model F,2025
EV-ACME-04967,ACEMDLD11SH004967,CLI-00726,SUC-008,Chile,Model D,2025
EV-ACME-04968,ACEMDLE18TB004968,CLI-00998,SUC-002,Guatemala,Model E,2026
EV-ACME-04969,ACEMDLD10TE004969,CLI-00579,SUC-005,Colombia,Model D,2026
EV-ACME-04970,ACEMDLA14TK004970,CLI-00884,SUC-010,Perú,Model A,2026
EV-ACME-04971,ACEMDLA15RJ004971,CLI-00664,SUC-009,Panamá,Model A,2024
EV-ACME-04972,ACEMDLA17RE004972,CLI-00303,SUC-005,Colombia,Model A,2024
EV-ACME-04973,ACEMDLD15TD004973,CLI-00135,SUC-004,Costa Rica,Model D,2026
EV-ACME-04974,ACEMDLB18TH004974,CLI-00062,SUC-008,Chile,Model B,2026
EV-ACME-04975,ACEMDLD19SH004975,CLI-00601,SUC-008,Chile,Model D,2025
EV-ACME-04976,ACEMDLA17RC004976,CLI-00427,SUC-003,Honduras,Model A,2024
EV-ACME-04977,ACEMDLE10SK004977,CLI-00131,SUC-010,Perú,Model E,2025
EV-ACME-04978,ACEMDLF10RF004978,CLI-00095,SUC-006,Argentina,Model F,2024
EV-ACME-04979,ACEMDLA14RJ004979,CLI-00252,SUC-009,Panamá,Model A,2024
EV-ACME-04980,ACEMDLC14TJ004980,CLI-00115,SUC-009,Panamá,Model C,2026
EV-ACME-04981,ACEMDLE10SB004981,CLI-00003,SUC-002,Guatemala,Model E,2025
EV-ACME-04982,ACEMDLB18TA004982,CLI-00889,SUC-001,México,Model B,2026
EV-ACME-04983,ACEMDLC11RJ004983,CLI-00256,SUC-009,Panamá,Model C,2024
EV-ACME-04984,ACEMDLB19SG004984,CLI-00111,SUC-007,Canadá,Model B,2025
EV-ACME-04985,ACEMDLD16TF004985,CLI-00163,SUC-006,Argentina,Model D,2026
EV-ACME-04986,ACEMDLF10SE004986,CLI-00672,SUC-005,Colombia,Model F,2025
EV-ACME-04987,ACEMDLE19RF004987,CLI-00751,SUC-006,Argentina,Model E,2024
EV-ACME-04988,ACEMDLC14TJ004988,CLI-00312,SUC-009,Panamá,Model C,2026
EV-ACME-04989,ACEMDLE13SF004989,CLI-00824,SUC-006,Argentina,Model E,2025
EV-ACME-04990,ACEMDLF18RB004990,CLI-00998,SUC-002,Guatemala,Model F,2024
EV-ACME-04991,ACEMDLF16SJ004991,CLI-00266,SUC-009,Panamá,Model F,2025
EV-ACME-04992,ACEMDLD19SH004992,CLI-00006,SUC-008,Chile,Model D,2025
EV-ACME-04993,ACEMDLD17RE004993,CLI-00451,SUC-005,Colombia,Model D,2024
EV-ACME-04994,ACEMDLF19SG004994,CLI-00288,SUC-007,Canadá,Model F,2025
EV-ACME-04995,ACEMDLB13SA004995,CLI-00604,SUC-001,México,Model B,2025
EV-ACME-04996,ACEMDLE10SE004996,CLI-00295,SUC-005,Colombia,Model E,2025
EV-ACME-04997,ACEMDLA18RG004997,CLI-00067,SUC-007,Canadá,Model A,2024
EV-ACME-04998,ACEMDLD15RC004998,CLI-00376,SUC-003,Honduras,Model D,2024
EV-ACME-04999,ACEMDLF15TH004999,CLI-00608,SUC-008,Chile,Model F,2026
EV-ACME-05000,ACEMDLB17SE005000,CLI-00497,SUC-005,Colombia,Model B,2025
EV-ACME-05001,ACEMDLE12SK005001,CLI-00346,SUC-010,Perú,Model E,2025
EV-ACME-05002,ACEMDLE18RJ005002,CLI-00599,SUC-009,Panamá,Model E,2024
EV-ACME-05003,ACEMDLE10TE005003,CLI-00365,SUC-005,Colombia,Model E,2026
EV-ACME-05004,ACEMDLB11RK005004,CLI-00491,SUC-010,Perú,Model B,2024
EV-ACME-05005,ACEMDLF10SB005005,CLI-00941,SUC-002,Guatemala,Model F,2025
EV-ACME-05006,ACEMDLE15TE005006,CLI-00075,SUC-005,Colombia,Model E,2026
EV-ACME-05007,ACEMDLD15RA005007,CLI-00403,SUC-001,México,Model D,2024
EV-ACME-05008,ACEMDLF13SC005008,CLI-00430,SUC-003,Honduras,Model F,2025
EV-ACME-05009,ACEMDLF16SE005009,CLI-00032,SUC-005,Colombia,Model F,2025
EV-ACME-05010,ACEMDLC12SE005010,CLI-00967,SUC-005,Colombia,Model C,2025
EV-ACME-05011,ACEMDLE15RC005011,CLI-00947,SUC-003,Honduras,Model E,2024
EV-ACME-05012,ACEMDLE14TG005012,CLI-00035,SUC-007,Canadá,Model E,2026
EV-ACME-05013,ACEMDLB18RK005013,CLI-00122,SUC-010,Perú,Model B,2024
EV-ACME-05014,ACEMDLC12RK005014,CLI-00283,SUC-010,Perú,Model C,2024
EV-ACME-05015,ACEMDLA15TK005015,CLI-00175,SUC-010,Perú,Model A,2026
EV-ACME-05016,ACEMDLD15TK005016,CLI-00213,SUC-010,Perú,Model D,2026
EV-ACME-05017,ACEMDLE11TD005017,CLI-00008,SUC-004,Costa Rica,Model E,2026
EV-ACME-05018,ACEMDLE13SJ005018,CLI-00925,SUC-009,Panamá,Model E,2025
EV-ACME-05019,ACEMDLB11TK005019,CLI-00991,SUC-010,Perú,Model B,2026
EV-ACME-05020,ACEMDLD10SB005020,CLI-00527,SUC-002,Guatemala,Model D,2025
EV-ACME-05021,ACEMDLA11TK005021,CLI-00366,SUC-010,Perú,Model A,2026
EV-ACME-05022,ACEMDLE10SA005022,CLI-00208,SUC-001,México,Model E,2025
EV-ACME-05023,ACEMDLA14SC005023,CLI-00863,SUC-003,Honduras,Model A,2025
EV-ACME-05024,ACEMDLB10TD005024,CLI-00229,SUC-004,Costa Rica,Model B,2026
EV-ACME-05025,ACEMDLB14RE005025,CLI-00954,SUC-005,Colombia,Model B,2024
EV-ACME-05026,ACEMDLD18TG005026,CLI-00321,SUC-007,Canadá,Model D,2026
EV-ACME-05027,ACEMDLB16TJ005027,CLI-00593,SUC-009,Panamá,Model B,2026
EV-ACME-05028,ACEMDLA12RJ005028,CLI-00334,SUC-009,Panamá,Model A,2024
EV-ACME-05029,ACEMDLC16RG005029,CLI-00106,SUC-007,Canadá,Model C,2024
EV-ACME-05030,ACEMDLC14SA005030,CLI-00753,SUC-001,México,Model C,2025
EV-ACME-05031,ACEMDLE19RD005031,CLI-00247,SUC-004,Costa Rica,Model E,2024
EV-ACME-05032,ACEMDLB15SB005032,CLI-00258,SUC-002,Guatemala,Model B,2025
EV-ACME-05033,ACEMDLB18TH005033,CLI-00831,SUC-008,Chile,Model B,2026
EV-ACME-05034,ACEMDLF14SJ005034,CLI-00547,SUC-009,Panamá,Model F,2025
EV-ACME-05035,ACEMDLD16TB005035,CLI-00231,SUC-002,Guatemala,Model D,2026
EV-ACME-05036,ACEMDLF19SC005036,CLI-00975,SUC-003,Honduras,Model F,2025
EV-ACME-05037,ACEMDLC15TD005037,CLI-00898,SUC-004,Costa Rica,Model C,2026
EV-ACME-05038,ACEMDLA17SB005038,CLI-00003,SUC-002,Guatemala,Model A,2025
EV-ACME-05039,ACEMDLE18RJ005039,CLI-00703,SUC-009,Panamá,Model E,2024
EV-ACME-05040,ACEMDLD18SA005040,CLI-00850,SUC-001,México,Model D,2025
EV-ACME-05041,ACEMDLC12RE005041,CLI-00186,SUC-005,Colombia,Model C,2024
EV-ACME-05042,ACEMDLB12RD005042,CLI-00917,SUC-004,Costa Rica,Model B,2024
EV-ACME-05043,ACEMDLE12SE005043,CLI-00059,SUC-005,Colombia,Model E,2025
EV-ACME-05044,ACEMDLE11TG005044,CLI-00090,SUC-007,Canadá,Model E,2026
EV-ACME-05045,ACEMDLC13SJ005045,CLI-00379,SUC-009,Panamá,Model C,2025
EV-ACME-05046,ACEMDLC19RC005046,CLI-00525,SUC-003,Honduras,Model C,2024
EV-ACME-05047,ACEMDLF15TC005047,CLI-00412,SUC-003,Honduras,Model F,2026
EV-ACME-05048,ACEMDLC14TK005048,CLI-00416,SUC-010,Perú,Model C,2026
EV-ACME-05049,ACEMDLA10RK005049,CLI-00633,SUC-010,Perú,Model A,2024
EV-ACME-05050,ACEMDLF18RD005050,CLI-00535,SUC-004,Costa Rica,Model F,2024
EV-ACME-05051,ACEMDLA14RC005051,CLI-00731,SUC-003,Honduras,Model A,2024
EV-ACME-05052,ACEMDLA19TC005052,CLI-00432,SUC-003,Honduras,Model A,2026
EV-ACME-05053,ACEMDLF18TF005053,CLI-00865,SUC-006,Argentina,Model F,2026
EV-ACME-05054,ACEMDLB12TF005054,CLI-00720,SUC-006,Argentina,Model B,2026
EV-ACME-05055,ACEMDLB13SA005055,CLI-00654,SUC-001,México,Model B,2025
EV-ACME-05056,ACEMDLB19SA005056,CLI-00298,SUC-001,México,Model B,2025
EV-ACME-05057,ACEMDLA16TJ005057,CLI-00881,SUC-009,Panamá,Model A,2026
EV-ACME-05058,ACEMDLC19SJ005058,CLI-00242,SUC-009,Panamá,Model C,2025
EV-ACME-05059,ACEMDLD16TB005059,CLI-00771,SUC-002,Guatemala,Model D,2026
EV-ACME-05060,ACEMDLB13SH005060,CLI-00781,SUC-008,Chile,Model B,2025
EV-ACME-05061,ACEMDLE18SD005061,CLI-00159,SUC-004,Costa Rica,Model E,2025
EV-ACME-05062,ACEMDLC15TE005062,CLI-00967,SUC-005,Colombia,Model C,2026
EV-ACME-05063,ACEMDLA15SC005063,CLI-00030,SUC-003,Honduras,Model A,2025
EV-ACME-05064,ACEMDLC17RK005064,CLI-00633,SUC-010,Perú,Model C,2024
EV-ACME-05065,ACEMDLF12TD005065,CLI-00822,SUC-004,Costa Rica,Model F,2026
EV-ACME-05066,ACEMDLB19RD005066,CLI-00237,SUC-004,Costa Rica,Model B,2024
EV-ACME-05067,ACEMDLB16TD005067,CLI-00611,SUC-004,Costa Rica,Model B,2026
EV-ACME-05068,ACEMDLB16SF005068,CLI-00226,SUC-006,Argentina,Model B,2025
EV-ACME-05069,ACEMDLE14SF005069,CLI-00110,SUC-006,Argentina,Model E,2025
EV-ACME-05070,ACEMDLA18TK005070,CLI-00568,SUC-010,Perú,Model A,2026
EV-ACME-05071,ACEMDLB15RD005071,CLI-00457,SUC-004,Costa Rica,Model B,2024
EV-ACME-05072,ACEMDLF14TE005072,CLI-00897,SUC-005,Colombia,Model F,2026
EV-ACME-05073,ACEMDLC12RB005073,CLI-00277,SUC-002,Guatemala,Model C,2024
EV-ACME-05074,ACEMDLC11TG005074,CLI-00212,SUC-007,Canadá,Model C,2026
EV-ACME-05075,ACEMDLD15TD005075,CLI-00051,SUC-004,Costa Rica,Model D,2026
EV-ACME-05076,ACEMDLC17TA005076,CLI-00906,SUC-001,México,Model C,2026
EV-ACME-05077,ACEMDLE10SJ005077,CLI-00434,SUC-009,Panamá,Model E,2025
EV-ACME-05078,ACEMDLD16RF005078,CLI-00104,SUC-006,Argentina,Model D,2024
EV-ACME-05079,ACEMDLB18SF005079,CLI-00792,SUC-006,Argentina,Model B,2025
EV-ACME-05080,ACEMDLB18SK005080,CLI-00489,SUC-010,Perú,Model B,2025
EV-ACME-05081,ACEMDLC19TD005081,CLI-00920,SUC-004,Costa Rica,Model C,2026
EV-ACME-05082,ACEMDLA18TE005082,CLI-00337,SUC-005,Colombia,Model A,2026
EV-ACME-05083,ACEMDLD14SF005083,CLI-00095,SUC-006,Argentina,Model D,2025
EV-ACME-05084,ACEMDLC17TG005084,CLI-00629,SUC-007,Canadá,Model C,2026
EV-ACME-05085,ACEMDLB16RF005085,CLI-00071,SUC-006,Argentina,Model B,2024
EV-ACME-05086,ACEMDLF11RB005086,CLI-00218,SUC-002,Guatemala,Model F,2024
EV-ACME-05087,ACEMDLB11TJ005087,CLI-00202,SUC-009,Panamá,Model B,2026
EV-ACME-05088,ACEMDLA15TA005088,CLI-00210,SUC-001,México,Model A,2026
EV-ACME-05089,ACEMDLE19TJ005089,CLI-00518,SUC-009,Panamá,Model E,2026
EV-ACME-05090,ACEMDLE11SD005090,CLI-00327,SUC-004,Costa Rica,Model E,2025
EV-ACME-05091,ACEMDLD19SE005091,CLI-00999,SUC-005,Colombia,Model D,2025
EV-ACME-05092,ACEMDLD17RH005092,CLI-00130,SUC-008,Chile,Model D,2024
EV-ACME-05093,ACEMDLE13RE005093,CLI-00220,SUC-005,Colombia,Model E,2024
EV-ACME-05094,ACEMDLA11TG005094,CLI-00629,SUC-007,Canadá,Model A,2026
EV-ACME-05095,ACEMDLB17RF005095,CLI-00645,SUC-006,Argentina,Model B,2024
EV-ACME-05096,ACEMDLB12SF005096,CLI-00532,SUC-006,Argentina,Model B,2025
EV-ACME-05097,ACEMDLA13SC005097,CLI-00392,SUC-003,Honduras,Model A,2025
EV-ACME-05098,ACEMDLB14SD005098,CLI-00278,SUC-004,Costa Rica,Model B,2025
EV-ACME-05099,ACEMDLB10TA005099,CLI-00700,SUC-001,México,Model B,2026
EV-ACME-05100,ACEMDLE13SH005100,CLI-00204,SUC-008,Chile,Model E,2025
EV-ACME-05101,ACEMDLF15RB005101,CLI-00469,SUC-002,Guatemala,Model F,2024
EV-ACME-05102,ACEMDLA19RB005102,CLI-00488,SUC-002,Guatemala,Model A,2024
EV-ACME-05103,ACEMDLC16RJ005103,CLI-00703,SUC-009,Panamá,Model C,2024
EV-ACME-05104,ACEMDLE13RJ005104,CLI-00401,SUC-009,Panamá,Model E,2024
EV-ACME-05105,ACEMDLB12RC005105,CLI-00020,SUC-003,Honduras,Model B,2024
EV-ACME-05106,ACEMDLB10RH005106,CLI-00637,SUC-008,Chile,Model B,2024
EV-ACME-05107,ACEMDLA10TE005107,CLI-00521,SUC-005,Colombia,Model A,2026
EV-ACME-05108,ACEMDLD17SC005108,CLI-00020,SUC-003,Honduras,Model D,2025
EV-ACME-05109,ACEMDLC13TJ005109,CLI-00202,SUC-009,Panamá,Model C,2026
EV-ACME-05110,ACEMDLD15TA005110,CLI-00041,SUC-001,México,Model D,2026
EV-ACME-05111,ACEMDLA11TB005111,CLI-00045,SUC-002,Guatemala,Model A,2026
EV-ACME-05112,ACEMDLB14TE005112,CLI-00930,SUC-005,Colombia,Model B,2026
EV-ACME-05113,ACEMDLC16TC005113,CLI-00209,SUC-003,Honduras,Model C,2026
EV-ACME-05114,ACEMDLD10TK005114,CLI-00474,SUC-010,Perú,Model D,2026
EV-ACME-05115,ACEMDLB17SC005115,CLI-00525,SUC-003,Honduras,Model B,2025
EV-ACME-05116,ACEMDLE12SJ005116,CLI-00374,SUC-009,Panamá,Model E,2025
EV-ACME-05117,ACEMDLD16SG005117,CLI-00435,SUC-007,Canadá,Model D,2025
EV-ACME-05118,ACEMDLA15TE005118,CLI-00926,SUC-005,Colombia,Model A,2026
EV-ACME-05119,ACEMDLA18TJ005119,CLI-00648,SUC-009,Panamá,Model A,2026
EV-ACME-05120,ACEMDLD18SF005120,CLI-00047,SUC-006,Argentina,Model D,2025
EV-ACME-05121,ACEMDLF12SK005121,CLI-00269,SUC-010,Perú,Model F,2025
EV-ACME-05122,ACEMDLB10RD005122,CLI-00070,SUC-004,Costa Rica,Model B,2024
EV-ACME-05123,ACEMDLD16SB005123,CLI-00454,SUC-002,Guatemala,Model D,2025
EV-ACME-05124,ACEMDLA16TD005124,CLI-00898,SUC-004,Costa Rica,Model A,2026
EV-ACME-05125,ACEMDLF15TF005125,CLI-00903,SUC-006,Argentina,Model F,2026
EV-ACME-05126,ACEMDLC10TD005126,CLI-00709,SUC-004,Costa Rica,Model C,2026
EV-ACME-05127,ACEMDLF16SJ005127,CLI-00408,SUC-009,Panamá,Model F,2025
EV-ACME-05128,ACEMDLE19RJ005128,CLI-00199,SUC-009,Panamá,Model E,2024
EV-ACME-05129,ACEMDLE14TE005129,CLI-00295,SUC-005,Colombia,Model E,2026
EV-ACME-05130,ACEMDLA16TE005130,CLI-00220,SUC-005,Colombia,Model A,2026
EV-ACME-05131,ACEMDLF14SF005131,CLI-00282,SUC-006,Argentina,Model F,2025
EV-ACME-05132,ACEMDLD19RK005132,CLI-00569,SUC-010,Perú,Model D,2024
EV-ACME-05133,ACEMDLC10TG005133,CLI-00042,SUC-007,Canadá,Model C,2026
EV-ACME-05134,ACEMDLD12SD005134,CLI-00709,SUC-004,Costa Rica,Model D,2025
EV-ACME-05135,ACEMDLA17RH005135,CLI-00749,SUC-008,Chile,Model A,2024
EV-ACME-05136,ACEMDLE18SC005136,CLI-00442,SUC-003,Honduras,Model E,2025
EV-ACME-05137,ACEMDLA12SD005137,CLI-00159,SUC-004,Costa Rica,Model A,2025
EV-ACME-05138,ACEMDLD18RG005138,CLI-00629,SUC-007,Canadá,Model D,2024
EV-ACME-05139,ACEMDLA12RJ005139,CLI-00643,SUC-009,Panamá,Model A,2024
EV-ACME-05140,ACEMDLC19TD005140,CLI-00927,SUC-004,Costa Rica,Model C,2026
EV-ACME-05141,ACEMDLD14RD005141,CLI-00498,SUC-004,Costa Rica,Model D,2024
EV-ACME-05142,ACEMDLB18TC005142,CLI-00039,SUC-003,Honduras,Model B,2026
EV-ACME-05143,ACEMDLD19SJ005143,CLI-00599,SUC-009,Panamá,Model D,2025
EV-ACME-05144,ACEMDLD16RJ005144,CLI-00301,SUC-009,Panamá,Model D,2024
EV-ACME-05145,ACEMDLA19TA005145,CLI-00353,SUC-001,México,Model A,2026
EV-ACME-05146,ACEMDLF18SD005146,CLI-00278,SUC-004,Costa Rica,Model F,2025
EV-ACME-05147,ACEMDLF17SK005147,CLI-00811,SUC-010,Perú,Model F,2025
EV-ACME-05148,ACEMDLB18RD005148,CLI-00027,SUC-004,Costa Rica,Model B,2024
EV-ACME-05149,ACEMDLE15RF005149,CLI-00735,SUC-006,Argentina,Model E,2024
EV-ACME-05150,ACEMDLA18SH005150,CLI-00502,SUC-008,Chile,Model A,2025
EV-ACME-05151,ACEMDLF17TB005151,CLI-00187,SUC-002,Guatemala,Model F,2026
EV-ACME-05152,ACEMDLB14TE005152,CLI-00075,SUC-005,Colombia,Model B,2026
EV-ACME-05153,ACEMDLE10RK005153,CLI-00122,SUC-010,Perú,Model E,2024
EV-ACME-05154,ACEMDLF17RH005154,CLI-00385,SUC-008,Chile,Model F,2024
EV-ACME-05155,ACEMDLA11SC005155,CLI-00818,SUC-003,Honduras,Model A,2025
EV-ACME-05156,ACEMDLC19SC005156,CLI-00650,SUC-003,Honduras,Model C,2025
EV-ACME-05157,ACEMDLB16SE005157,CLI-00550,SUC-005,Colombia,Model B,2025
EV-ACME-05158,ACEMDLC11SE005158,CLI-00618,SUC-005,Colombia,Model C,2025
EV-ACME-05159,ACEMDLC16RD005159,CLI-00148,SUC-004,Costa Rica,Model C,2024
EV-ACME-05160,ACEMDLA17RC005160,CLI-00392,SUC-003,Honduras,Model A,2024
EV-ACME-05161,ACEMDLF19SG005161,CLI-00808,SUC-007,Canadá,Model F,2025
EV-ACME-05162,ACEMDLF10SA005162,CLI-00172,SUC-001,México,Model F,2025
EV-ACME-05163,ACEMDLC14RA005163,CLI-00041,SUC-001,México,Model C,2024
EV-ACME-05164,ACEMDLD12TE005164,CLI-00672,SUC-005,Colombia,Model D,2026
EV-ACME-05165,ACEMDLE15SH005165,CLI-00713,SUC-008,Chile,Model E,2025
EV-ACME-05166,ACEMDLA16SF005166,CLI-00317,SUC-006,Argentina,Model A,2025
EV-ACME-05167,ACEMDLB16SJ005167,CLI-00712,SUC-009,Panamá,Model B,2025
EV-ACME-05168,ACEMDLB14TA005168,CLI-00889,SUC-001,México,Model B,2026
EV-ACME-05169,ACEMDLB15TA005169,CLI-00057,SUC-001,México,Model B,2026
EV-ACME-05170,ACEMDLF10TK005170,CLI-00158,SUC-010,Perú,Model F,2026
EV-ACME-05171,ACEMDLA13RG005171,CLI-00589,SUC-007,Canadá,Model A,2024
EV-ACME-05172,ACEMDLE12SA005172,CLI-00329,SUC-001,México,Model E,2025
EV-ACME-05173,ACEMDLA11SJ005173,CLI-00526,SUC-009,Panamá,Model A,2025
EV-ACME-05174,ACEMDLD11TK005174,CLI-00711,SUC-010,Perú,Model D,2026
EV-ACME-05175,ACEMDLC16SH005175,CLI-00556,SUC-008,Chile,Model C,2025
EV-ACME-05176,ACEMDLB17RA005176,CLI-00844,SUC-001,México,Model B,2024
EV-ACME-05177,ACEMDLF19SK005177,CLI-00474,SUC-010,Perú,Model F,2025
EV-ACME-05178,ACEMDLE19SD005178,CLI-00828,SUC-004,Costa Rica,Model E,2025
EV-ACME-05179,ACEMDLD12RF005179,CLI-00816,SUC-006,Argentina,Model D,2024
EV-ACME-05180,ACEMDLD16TE005180,CLI-00500,SUC-005,Colombia,Model D,2026
EV-ACME-05181,ACEMDLB12SD005181,CLI-00511,SUC-004,Costa Rica,Model B,2025
EV-ACME-05182,ACEMDLA19RJ005182,CLI-00501,SUC-009,Panamá,Model A,2024
EV-ACME-05183,ACEMDLB16RE005183,CLI-00479,SUC-005,Colombia,Model B,2024
EV-ACME-05184,ACEMDLD12RA005184,CLI-00271,SUC-001,México,Model D,2024
EV-ACME-05185,ACEMDLF13RD005185,CLI-00545,SUC-004,Costa Rica,Model F,2024
EV-ACME-05186,ACEMDLC10TC005186,CLI-00986,SUC-003,Honduras,Model C,2026
EV-ACME-05187,ACEMDLE18RG005187,CLI-00308,SUC-007,Canadá,Model E,2024
EV-ACME-05188,ACEMDLB15RH005188,CLI-00739,SUC-008,Chile,Model B,2024
EV-ACME-05189,ACEMDLE11SE005189,CLI-00497,SUC-005,Colombia,Model E,2025
EV-ACME-05190,ACEMDLE12SJ005190,CLI-00845,SUC-009,Panamá,Model E,2025
EV-ACME-05191,ACEMDLB12RH005191,CLI-00780,SUC-008,Chile,Model B,2024
EV-ACME-05192,ACEMDLE11TC005192,CLI-00975,SUC-003,Honduras,Model E,2026
EV-ACME-05193,ACEMDLF13SC005193,CLI-00842,SUC-003,Honduras,Model F,2025
EV-ACME-05194,ACEMDLD19RD005194,CLI-00422,SUC-004,Costa Rica,Model D,2024
EV-ACME-05195,ACEMDLD12RD005195,CLI-00309,SUC-004,Costa Rica,Model D,2024
EV-ACME-05196,ACEMDLC14RC005196,CLI-00915,SUC-003,Honduras,Model C,2024
EV-ACME-05197,ACEMDLC17TF005197,CLI-00455,SUC-006,Argentina,Model C,2026
EV-ACME-05198,ACEMDLD10SA005198,CLI-00382,SUC-001,México,Model D,2025
EV-ACME-05199,ACEMDLB13TH005199,CLI-00728,SUC-008,Chile,Model B,2026
EV-ACME-05200,ACEMDLF18TD005200,CLI-00217,SUC-004,Costa Rica,Model F,2026
EV-ACME-05201,ACEMDLA10RK005201,CLI-00945,SUC-010,Perú,Model A,2024
EV-ACME-05202,ACEMDLB10SH005202,CLI-00107,SUC-008,Chile,Model B,2025
EV-ACME-05203,ACEMDLC18RG005203,CLI-00077,SUC-007,Canadá,Model C,2024
EV-ACME-05204,ACEMDLC12TH005204,CLI-00280,SUC-008,Chile,Model C,2026
EV-ACME-05205,ACEMDLA19SA005205,CLI-00584,SUC-001,México,Model A,2025
EV-ACME-05206,ACEMDLB18TF005206,CLI-00523,SUC-006,Argentina,Model B,2026
EV-ACME-05207,ACEMDLD13RC005207,CLI-00442,SUC-003,Honduras,Model D,2024
EV-ACME-05208,ACEMDLE12RB005208,CLI-00272,SUC-002,Guatemala,Model E,2024
EV-ACME-05209,ACEMDLC14TB005209,CLI-00013,SUC-002,Guatemala,Model C,2026
EV-ACME-05210,ACEMDLD10RE005210,CLI-00075,SUC-005,Colombia,Model D,2024
EV-ACME-05211,ACEMDLB10SD005211,CLI-00160,SUC-004,Costa Rica,Model B,2025
EV-ACME-05212,ACEMDLB11SJ005212,CLI-00150,SUC-009,Panamá,Model B,2025
EV-ACME-05213,ACEMDLD11TC005213,CLI-00549,SUC-003,Honduras,Model D,2026
EV-ACME-05214,ACEMDLF19TF005214,CLI-00011,SUC-006,Argentina,Model F,2026
EV-ACME-05215,ACEMDLA18SK005215,CLI-00935,SUC-010,Perú,Model A,2025
EV-ACME-05216,ACEMDLD15TK005216,CLI-00296,SUC-010,Perú,Model D,2026
EV-ACME-05217,ACEMDLD19SK005217,CLI-00884,SUC-010,Perú,Model D,2025
EV-ACME-05218,ACEMDLB15SE005218,CLI-00190,SUC-005,Colombia,Model B,2025
EV-ACME-05219,ACEMDLB15RG005219,CLI-00620,SUC-007,Canadá,Model B,2024
EV-ACME-05220,ACEMDLE16SA005220,CLI-00983,SUC-001,México,Model E,2025
EV-ACME-05221,ACEMDLF14TJ005221,CLI-00371,SUC-009,Panamá,Model F,2026
EV-ACME-05222,ACEMDLE14SB005222,CLI-00567,SUC-002,Guatemala,Model E,2025
EV-ACME-05223,ACEMDLA13SD005223,CLI-00683,SUC-004,Costa Rica,Model A,2025
EV-ACME-05224,ACEMDLC12TC005224,CLI-00053,SUC-003,Honduras,Model C,2026
EV-ACME-05225,ACEMDLC13SK005225,CLI-00835,SUC-010,Perú,Model C,2025
EV-ACME-05226,ACEMDLB18SK005226,CLI-00543,SUC-010,Perú,Model B,2025
EV-ACME-05227,ACEMDLD14TE005227,CLI-00673,SUC-005,Colombia,Model D,2026
EV-ACME-05228,ACEMDLB11SJ005228,CLI-00184,SUC-009,Panamá,Model B,2025
EV-ACME-05229,ACEMDLC17TJ005229,CLI-00724,SUC-009,Panamá,Model C,2026
EV-ACME-05230,ACEMDLD11TH005230,CLI-00964,SUC-008,Chile,Model D,2026
EV-ACME-05231,ACEMDLE13SJ005231,CLI-00519,SUC-009,Panamá,Model E,2025
EV-ACME-05232,ACEMDLD18RG005232,CLI-00620,SUC-007,Canadá,Model D,2024
EV-ACME-05233,ACEMDLF15RH005233,CLI-00015,SUC-008,Chile,Model F,2024
EV-ACME-05234,ACEMDLD15TH005234,CLI-00891,SUC-008,Chile,Model D,2026
EV-ACME-05235,ACEMDLD14TA005235,CLI-00007,SUC-001,México,Model D,2026
EV-ACME-05236,ACEMDLB12TG005236,CLI-00037,SUC-007,Canadá,Model B,2026
EV-ACME-05237,ACEMDLD10RB005237,CLI-00488,SUC-002,Guatemala,Model D,2024
EV-ACME-05238,ACEMDLC18TJ005238,CLI-00880,SUC-009,Panamá,Model C,2026
EV-ACME-05239,ACEMDLB13RG005239,CLI-00840,SUC-007,Canadá,Model B,2024
EV-ACME-05240,ACEMDLF14RD005240,CLI-00383,SUC-004,Costa Rica,Model F,2024
EV-ACME-05241,ACEMDLF13TK005241,CLI-00068,SUC-010,Perú,Model F,2026
EV-ACME-05242,ACEMDLC13RJ005242,CLI-00970,SUC-009,Panamá,Model C,2024
EV-ACME-05243,ACEMDLD11RK005243,CLI-00024,SUC-010,Perú,Model D,2024
EV-ACME-05244,ACEMDLC19TB005244,CLI-00284,SUC-002,Guatemala,Model C,2026
EV-ACME-05245,ACEMDLD10TD005245,CLI-00996,SUC-004,Costa Rica,Model D,2026
EV-ACME-05246,ACEMDLE13RH005246,CLI-00153,SUC-008,Chile,Model E,2024
EV-ACME-05247,ACEMDLC10SJ005247,CLI-00506,SUC-009,Panamá,Model C,2025
EV-ACME-05248,ACEMDLC12RE005248,CLI-00324,SUC-005,Colombia,Model C,2024
EV-ACME-05249,ACEMDLB14RC005249,CLI-00842,SUC-003,Honduras,Model B,2024
EV-ACME-05250,ACEMDLD14RD005250,CLI-00475,SUC-004,Costa Rica,Model D,2024
EV-ACME-05251,ACEMDLA16SD005251,CLI-00369,SUC-004,Costa Rica,Model A,2025
EV-ACME-05252,ACEMDLD15TF005252,CLI-00028,SUC-006,Argentina,Model D,2026
EV-ACME-05253,ACEMDLA14RG005253,CLI-00288,SUC-007,Canadá,Model A,2024
EV-ACME-05254,ACEMDLE18TK005254,CLI-00068,SUC-010,Perú,Model E,2026
EV-ACME-05255,ACEMDLB11RA005255,CLI-00844,SUC-001,México,Model B,2024
EV-ACME-05256,ACEMDLC14SE005256,CLI-00967,SUC-005,Colombia,Model C,2025
EV-ACME-05257,ACEMDLC17TJ005257,CLI-00348,SUC-009,Panamá,Model C,2026
EV-ACME-05258,ACEMDLF15RE005258,CLI-00096,SUC-005,Colombia,Model F,2024
EV-ACME-05259,ACEMDLA17RF005259,CLI-00824,SUC-006,Argentina,Model A,2024
EV-ACME-05260,ACEMDLF14TA005260,CLI-00625,SUC-001,México,Model F,2026
EV-ACME-05261,ACEMDLE11RB005261,CLI-00438,SUC-002,Guatemala,Model E,2024
EV-ACME-05262,ACEMDLC17SB005262,CLI-00698,SUC-002,Guatemala,Model C,2025
EV-ACME-05263,ACEMDLD12SJ005263,CLI-00765,SUC-009,Panamá,Model D,2025
EV-ACME-05264,ACEMDLF13SC005264,CLI-00463,SUC-003,Honduras,Model F,2025
EV-ACME-05265,ACEMDLB14RK005265,CLI-00858,SUC-010,Perú,Model B,2024
EV-ACME-05266,ACEMDLE17TE005266,CLI-00295,SUC-005,Colombia,Model E,2026
EV-ACME-05267,ACEMDLF18RG005267,CLI-00111,SUC-007,Canadá,Model F,2024
EV-ACME-05268,ACEMDLB19RG005268,CLI-00288,SUC-007,Canadá,Model B,2024
EV-ACME-05269,ACEMDLA13SK005269,CLI-00568,SUC-010,Perú,Model A,2025
EV-ACME-05270,ACEMDLE15SB005270,CLI-00919,SUC-002,Guatemala,Model E,2025
EV-ACME-05271,ACEMDLC11TC005271,CLI-00571,SUC-003,Honduras,Model C,2026
EV-ACME-05272,ACEMDLF13RG005272,CLI-00294,SUC-007,Canadá,Model F,2024
EV-ACME-05273,ACEMDLC16TG005273,CLI-00445,SUC-007,Canadá,Model C,2026
EV-ACME-05274,ACEMDLE15TH005274,CLI-00153,SUC-008,Chile,Model E,2026
EV-ACME-05275,ACEMDLD15RF005275,CLI-00668,SUC-006,Argentina,Model D,2024
EV-ACME-05276,ACEMDLB13RA005276,CLI-00361,SUC-001,México,Model B,2024
EV-ACME-05277,ACEMDLB12SH005277,CLI-00726,SUC-008,Chile,Model B,2025
EV-ACME-05278,ACEMDLA16TA005278,CLI-00850,SUC-001,México,Model A,2026
EV-ACME-05279,ACEMDLE11TF005279,CLI-00946,SUC-006,Argentina,Model E,2026
EV-ACME-05280,ACEMDLA12SA005280,CLI-00697,SUC-001,México,Model A,2025
EV-ACME-05281,ACEMDLF19RG005281,CLI-00524,SUC-007,Canadá,Model F,2024
EV-ACME-05282,ACEMDLB11TE005282,CLI-00238,SUC-005,Colombia,Model B,2026
EV-ACME-05283,ACEMDLA13SJ005283,CLI-00703,SUC-009,Panamá,Model A,2025
EV-ACME-05284,ACEMDLF17TG005284,CLI-00304,SUC-007,Canadá,Model F,2026
EV-ACME-05285,ACEMDLA17SJ005285,CLI-00127,SUC-009,Panamá,Model A,2025
EV-ACME-05286,ACEMDLA18RC005286,CLI-00818,SUC-003,Honduras,Model A,2024
EV-ACME-05287,ACEMDLC16RG005287,CLI-00524,SUC-007,Canadá,Model C,2024
EV-ACME-05288,ACEMDLD10RB005288,CLI-00575,SUC-002,Guatemala,Model D,2024
EV-ACME-05289,ACEMDLA17SD005289,CLI-00977,SUC-004,Costa Rica,Model A,2025
EV-ACME-05290,ACEMDLA17SH005290,CLI-00016,SUC-008,Chile,Model A,2025
EV-ACME-05291,ACEMDLC17TK005291,CLI-00960,SUC-010,Perú,Model C,2026
EV-ACME-05292,ACEMDLD19RC005292,CLI-00863,SUC-003,Honduras,Model D,2024
EV-ACME-05293,ACEMDLD18TE005293,CLI-00085,SUC-005,Colombia,Model D,2026
EV-ACME-05294,ACEMDLE10SD005294,CLI-00827,SUC-004,Costa Rica,Model E,2025
EV-ACME-05295,ACEMDLB19SC005295,CLI-00230,SUC-003,Honduras,Model B,2025
EV-ACME-05296,ACEMDLC19TG005296,CLI-00254,SUC-007,Canadá,Model C,2026
EV-ACME-05297,ACEMDLE12TC005297,CLI-00360,SUC-003,Honduras,Model E,2026
EV-ACME-05298,ACEMDLD19TE005298,CLI-00806,SUC-005,Colombia,Model D,2026
EV-ACME-05299,ACEMDLA14SB005299,CLI-00284,SUC-002,Guatemala,Model A,2025
EV-ACME-05300,ACEMDLB15RF005300,CLI-00468,SUC-006,Argentina,Model B,2024
EV-ACME-05301,ACEMDLE12RF005301,CLI-00166,SUC-006,Argentina,Model E,2024
EV-ACME-05302,ACEMDLF15SA005302,CLI-00675,SUC-001,México,Model F,2025
EV-ACME-05303,ACEMDLA18TJ005303,CLI-00072,SUC-009,Panamá,Model A,2026
EV-ACME-05304,ACEMDLE15RJ005304,CLI-00364,SUC-009,Panamá,Model E,2024
EV-ACME-05305,ACEMDLB13TK005305,CLI-00461,SUC-010,Perú,Model B,2026
EV-ACME-05306,ACEMDLC10TC005306,CLI-00176,SUC-003,Honduras,Model C,2026
EV-ACME-05307,ACEMDLD17SE005307,CLI-00167,SUC-005,Colombia,Model D,2025
EV-ACME-05308,ACEMDLC13TF005308,CLI-00668,SUC-006,Argentina,Model C,2026
EV-ACME-05309,ACEMDLB11TK005309,CLI-00923,SUC-010,Perú,Model B,2026
EV-ACME-05310,ACEMDLE11RA005310,CLI-00580,SUC-001,México,Model E,2024
EV-ACME-05311,ACEMDLA14RA005311,CLI-00082,SUC-001,México,Model A,2024
EV-ACME-05312,ACEMDLD18SK005312,CLI-00912,SUC-010,Perú,Model D,2025
EV-ACME-05313,ACEMDLA11RF005313,CLI-00782,SUC-006,Argentina,Model A,2024
EV-ACME-05314,ACEMDLA13TK005314,CLI-00528,SUC-010,Perú,Model A,2026
EV-ACME-05315,ACEMDLE12SF005315,CLI-00987,SUC-006,Argentina,Model E,2025
EV-ACME-05316,ACEMDLA11TG005316,CLI-00004,SUC-007,Canadá,Model A,2026
EV-ACME-05317,ACEMDLA15TH005317,CLI-00913,SUC-008,Chile,Model A,2026
EV-ACME-05318,ACEMDLF14TD005318,CLI-00957,SUC-004,Costa Rica,Model F,2026
EV-ACME-05319,ACEMDLF11RD005319,CLI-00683,SUC-004,Costa Rica,Model F,2024
EV-ACME-05320,ACEMDLA18TA005320,CLI-00207,SUC-001,México,Model A,2026
EV-ACME-05321,ACEMDLA17TG005321,CLI-00866,SUC-007,Canadá,Model A,2026
EV-ACME-05322,ACEMDLE11SD005322,CLI-00309,SUC-004,Costa Rica,Model E,2025
EV-ACME-05323,ACEMDLF16SC005323,CLI-00602,SUC-003,Honduras,Model F,2025
EV-ACME-05324,ACEMDLD10RA005324,CLI-00876,SUC-001,México,Model D,2024
EV-ACME-05325,ACEMDLA11SB005325,CLI-00774,SUC-002,Guatemala,Model A,2025
EV-ACME-05326,ACEMDLF12RC005326,CLI-00819,SUC-003,Honduras,Model F,2024
EV-ACME-05327,ACEMDLA15RD005327,CLI-00093,SUC-004,Costa Rica,Model A,2024
EV-ACME-05328,ACEMDLC12SE005328,CLI-00797,SUC-005,Colombia,Model C,2025
EV-ACME-05329,ACEMDLA14SE005329,CLI-00499,SUC-005,Colombia,Model A,2025
EV-ACME-05330,ACEMDLC17SG005330,CLI-00306,SUC-007,Canadá,Model C,2025
EV-ACME-05331,ACEMDLB13SJ005331,CLI-00881,SUC-009,Panamá,Model B,2025
EV-ACME-05332,ACEMDLE18TG005332,CLI-00555,SUC-007,Canadá,Model E,2026
EV-ACME-05333,ACEMDLE10SF005333,CLI-00146,SUC-006,Argentina,Model E,2025
EV-ACME-05334,ACEMDLE10TA005334,CLI-00704,SUC-001,México,Model E,2026
EV-ACME-05335,ACEMDLA12TB005335,CLI-00277,SUC-002,Guatemala,Model A,2026
EV-ACME-05336,ACEMDLC14TH005336,CLI-00385,SUC-008,Chile,Model C,2026
EV-ACME-05337,ACEMDLF16SH005337,CLI-00891,SUC-008,Chile,Model F,2025
EV-ACME-05338,ACEMDLA12RA005338,CLI-00675,SUC-001,México,Model A,2024
EV-ACME-05339,ACEMDLB10SG005339,CLI-00773,SUC-007,Canadá,Model B,2025
EV-ACME-05340,ACEMDLF17TG005340,CLI-00928,SUC-007,Canadá,Model F,2026
EV-ACME-05341,ACEMDLB10RF005341,CLI-00459,SUC-006,Argentina,Model B,2024
EV-ACME-05342,ACEMDLF11TD005342,CLI-00692,SUC-004,Costa Rica,Model F,2026
EV-ACME-05343,ACEMDLF19TG005343,CLI-00462,SUC-007,Canadá,Model F,2026
EV-ACME-05344,ACEMDLD15TF005344,CLI-00778,SUC-006,Argentina,Model D,2026
EV-ACME-05345,ACEMDLE17SF005345,CLI-00071,SUC-006,Argentina,Model E,2025
EV-ACME-05346,ACEMDLB12RB005346,CLI-00478,SUC-002,Guatemala,Model B,2024
EV-ACME-05347,ACEMDLD14TB005347,CLI-00354,SUC-002,Guatemala,Model D,2026
EV-ACME-05348,ACEMDLA14TH005348,CLI-00006,SUC-008,Chile,Model A,2026
EV-ACME-05349,ACEMDLB12RC005349,CLI-00020,SUC-003,Honduras,Model B,2024
EV-ACME-05350,ACEMDLB14SF005350,CLI-00188,SUC-006,Argentina,Model B,2025
EV-ACME-05351,ACEMDLD15RA005351,CLI-00356,SUC-001,México,Model D,2024
EV-ACME-05352,ACEMDLE16SD005352,CLI-00917,SUC-004,Costa Rica,Model E,2025
EV-ACME-05353,ACEMDLE15TE005353,CLI-00663,SUC-005,Colombia,Model E,2026
EV-ACME-05354,ACEMDLA11RD005354,CLI-00783,SUC-004,Costa Rica,Model A,2024
EV-ACME-05355,ACEMDLB18SE005355,CLI-00085,SUC-005,Colombia,Model B,2025
EV-ACME-05356,ACEMDLE13TK005356,CLI-00835,SUC-010,Perú,Model E,2026
EV-ACME-05357,ACEMDLF14SH005357,CLI-00314,SUC-008,Chile,Model F,2025
EV-ACME-05358,ACEMDLA12SJ005358,CLI-00371,SUC-009,Panamá,Model A,2025
EV-ACME-05359,ACEMDLD19SB005359,CLI-00907,SUC-002,Guatemala,Model D,2025
EV-ACME-05360,ACEMDLC18SC005360,CLI-00536,SUC-003,Honduras,Model C,2025
EV-ACME-05361,ACEMDLE15TJ005361,CLI-00334,SUC-009,Panamá,Model E,2026
EV-ACME-05362,ACEMDLD15SE005362,CLI-00192,SUC-005,Colombia,Model D,2025
EV-ACME-05363,ACEMDLE14TE005363,CLI-00413,SUC-005,Colombia,Model E,2026
EV-ACME-05364,ACEMDLF11TD005364,CLI-00355,SUC-004,Costa Rica,Model F,2026
EV-ACME-05365,ACEMDLE13SJ005365,CLI-00198,SUC-009,Panamá,Model E,2025
EV-ACME-05366,ACEMDLA17RA005366,CLI-00584,SUC-001,México,Model A,2024
EV-ACME-05367,ACEMDLD19TD005367,CLI-00433,SUC-004,Costa Rica,Model D,2026
EV-ACME-05368,ACEMDLD14SE005368,CLI-00370,SUC-005,Colombia,Model D,2025
EV-ACME-05369,ACEMDLD10RF005369,CLI-00285,SUC-006,Argentina,Model D,2024
EV-ACME-05370,ACEMDLE10RF005370,CLI-00606,SUC-006,Argentina,Model E,2024
EV-ACME-05371,ACEMDLC18TF005371,CLI-00687,SUC-006,Argentina,Model C,2026
EV-ACME-05372,ACEMDLA14RG005372,CLI-00393,SUC-007,Canadá,Model A,2024
EV-ACME-05373,ACEMDLB12TF005373,CLI-00244,SUC-006,Argentina,Model B,2026
EV-ACME-05374,ACEMDLD17TA005374,CLI-00207,SUC-001,México,Model D,2026
EV-ACME-05375,ACEMDLA17RB005375,CLI-00849,SUC-002,Guatemala,Model A,2024
EV-ACME-05376,ACEMDLC19SC005376,CLI-00915,SUC-003,Honduras,Model C,2025
EV-ACME-05377,ACEMDLC14SG005377,CLI-00388,SUC-007,Canadá,Model C,2025
EV-ACME-05378,ACEMDLC17TK005378,CLI-00409,SUC-010,Perú,Model C,2026
EV-ACME-05379,ACEMDLC19TA005379,CLI-00992,SUC-001,México,Model C,2026
EV-ACME-05380,ACEMDLE10TB005380,CLI-00284,SUC-002,Guatemala,Model E,2026
EV-ACME-05381,ACEMDLD15SB005381,CLI-00178,SUC-002,Guatemala,Model D,2025
EV-ACME-05382,ACEMDLD16SC005382,CLI-00688,SUC-003,Honduras,Model D,2025
EV-ACME-05383,ACEMDLD16RF005383,CLI-00180,SUC-006,Argentina,Model D,2024
EV-ACME-05384,ACEMDLD19SJ005384,CLI-00389,SUC-009,Panamá,Model D,2025
EV-ACME-05385,ACEMDLE10SJ005385,CLI-00379,SUC-009,Panamá,Model E,2025
EV-ACME-05386,ACEMDLD11TF005386,CLI-00399,SUC-006,Argentina,Model D,2026
EV-ACME-05387,ACEMDLE14SD005387,CLI-00636,SUC-004,Costa Rica,Model E,2025
EV-ACME-05388,ACEMDLA14SE005388,CLI-00451,SUC-005,Colombia,Model A,2025
EV-ACME-05389,ACEMDLF18TK005389,CLI-00711,SUC-010,Perú,Model F,2026
EV-ACME-05390,ACEMDLE18TK005390,CLI-00710,SUC-010,Perú,Model E,2026
EV-ACME-05391,ACEMDLC14SE005391,CLI-00499,SUC-005,Colombia,Model C,2025
EV-ACME-05392,ACEMDLE17RJ005392,CLI-00741,SUC-009,Panamá,Model E,2024
EV-ACME-05393,ACEMDLA18RA005393,CLI-00745,SUC-001,México,Model A,2024
EV-ACME-05394,ACEMDLB11SD005394,CLI-00419,SUC-004,Costa Rica,Model B,2025
EV-ACME-05395,ACEMDLD12RB005395,CLI-00941,SUC-002,Guatemala,Model D,2024
EV-ACME-05396,ACEMDLB10RH005396,CLI-00726,SUC-008,Chile,Model B,2024
EV-ACME-05397,ACEMDLD17SG005397,CLI-00762,SUC-007,Canadá,Model D,2025
EV-ACME-05398,ACEMDLE13SD005398,CLI-00383,SUC-004,Costa Rica,Model E,2025
EV-ACME-05399,ACEMDLA19RG005399,CLI-00674,SUC-007,Canadá,Model A,2024
EV-ACME-05400,ACEMDLB17TF005400,CLI-00956,SUC-006,Argentina,Model B,2026
EV-ACME-05401,ACEMDLD11RA005401,CLI-00452,SUC-001,México,Model D,2024
EV-ACME-05402,ACEMDLA13SJ005402,CLI-00963,SUC-009,Panamá,Model A,2025
EV-ACME-05403,ACEMDLF13RA005403,CLI-00329,SUC-001,México,Model F,2024
EV-ACME-05404,ACEMDLA18TF005404,CLI-00116,SUC-006,Argentina,Model A,2026
EV-ACME-05405,ACEMDLE11TE005405,CLI-00220,SUC-005,Colombia,Model E,2026
EV-ACME-05406,ACEMDLD18SE005406,CLI-00846,SUC-005,Colombia,Model D,2025
EV-ACME-05407,ACEMDLC19SD005407,CLI-00692,SUC-004,Costa Rica,Model C,2025
EV-ACME-05408,ACEMDLB16SC005408,CLI-00613,SUC-003,Honduras,Model B,2025
EV-ACME-05409,ACEMDLC19SD005409,CLI-00291,SUC-004,Costa Rica,Model C,2025
EV-ACME-05410,ACEMDLB18RA005410,CLI-00332,SUC-001,México,Model B,2024
EV-ACME-05411,ACEMDLA17TB005411,CLI-00231,SUC-002,Guatemala,Model A,2026
EV-ACME-05412,ACEMDLA19RB005412,CLI-00424,SUC-002,Guatemala,Model A,2024
EV-ACME-05413,ACEMDLC10RJ005413,CLI-00880,SUC-009,Panamá,Model C,2024
EV-ACME-05414,ACEMDLA15RJ005414,CLI-00834,SUC-009,Panamá,Model A,2024
EV-ACME-05415,ACEMDLF12TC005415,CLI-00038,SUC-003,Honduras,Model F,2026
EV-ACME-05416,ACEMDLE19TG005416,CLI-00067,SUC-007,Canadá,Model E,2026
EV-ACME-05417,ACEMDLB16RD005417,CLI-00352,SUC-004,Costa Rica,Model B,2024
EV-ACME-05418,ACEMDLA11SE005418,CLI-00499,SUC-005,Colombia,Model A,2025
EV-ACME-05419,ACEMDLA13SK005419,CLI-00945,SUC-010,Perú,Model A,2025
EV-ACME-05420,ACEMDLA19SE005420,CLI-00930,SUC-005,Colombia,Model A,2025
EV-ACME-05421,ACEMDLB14SB005421,CLI-00988,SUC-002,Guatemala,Model B,2025
EV-ACME-05422,ACEMDLB15TK005422,CLI-00311,SUC-010,Perú,Model B,2026
EV-ACME-05423,ACEMDLF17TA005423,CLI-00983,SUC-001,México,Model F,2026
EV-ACME-05424,ACEMDLE13RC005424,CLI-00691,SUC-003,Honduras,Model E,2024
EV-ACME-05425,ACEMDLA10RE005425,CLI-00479,SUC-005,Colombia,Model A,2024
EV-ACME-05426,ACEMDLD16RA005426,CLI-00333,SUC-001,México,Model D,2024
EV-ACME-05427,ACEMDLF16SB005427,CLI-00988,SUC-002,Guatemala,Model F,2025
EV-ACME-05428,ACEMDLA14RF005428,CLI-00645,SUC-006,Argentina,Model A,2024
EV-ACME-05429,ACEMDLB16TD005429,CLI-00874,SUC-004,Costa Rica,Model B,2026
EV-ACME-05430,ACEMDLA12SA005430,CLI-00916,SUC-001,México,Model A,2025
EV-ACME-05431,ACEMDLE14RK005431,CLI-00213,SUC-010,Perú,Model E,2024
EV-ACME-05432,ACEMDLB16RH005432,CLI-00109,SUC-008,Chile,Model B,2024
EV-ACME-05433,ACEMDLD13TA005433,CLI-00546,SUC-001,México,Model D,2026
EV-ACME-05434,ACEMDLE11SE005434,CLI-00224,SUC-005,Colombia,Model E,2025
EV-ACME-05435,ACEMDLB12RE005435,CLI-00345,SUC-005,Colombia,Model B,2024
EV-ACME-05436,ACEMDLF13TK005436,CLI-00410,SUC-010,Perú,Model F,2026
EV-ACME-05437,ACEMDLF16TG005437,CLI-00304,SUC-007,Canadá,Model F,2026
EV-ACME-05438,ACEMDLA11RK005438,CLI-00474,SUC-010,Perú,Model A,2024
EV-ACME-05439,ACEMDLC14TJ005439,CLI-00647,SUC-009,Panamá,Model C,2026
EV-ACME-05440,ACEMDLA13SB005440,CLI-00981,SUC-002,Guatemala,Model A,2025
EV-ACME-05441,ACEMDLD19TB005441,CLI-00790,SUC-002,Guatemala,Model D,2026
EV-ACME-05442,ACEMDLA12RF005442,CLI-00564,SUC-006,Argentina,Model A,2024
EV-ACME-05443,ACEMDLD19TH005443,CLI-00780,SUC-008,Chile,Model D,2026
EV-ACME-05444,ACEMDLB13RA005444,CLI-00103,SUC-001,México,Model B,2024
EV-ACME-05445,ACEMDLE19RK005445,CLI-00746,SUC-010,Perú,Model E,2024
EV-ACME-05446,ACEMDLB17SC005446,CLI-00549,SUC-003,Honduras,Model B,2025
EV-ACME-05447,ACEMDLE13RD005447,CLI-00709,SUC-004,Costa Rica,Model E,2024
EV-ACME-05448,ACEMDLB13RH005448,CLI-00508,SUC-008,Chile,Model B,2024
EV-ACME-05449,ACEMDLE18RK005449,CLI-00296,SUC-010,Perú,Model E,2024
EV-ACME-05450,ACEMDLC10RC005450,CLI-00503,SUC-003,Honduras,Model C,2024
EV-ACME-05451,ACEMDLC18TD005451,CLI-00511,SUC-004,Costa Rica,Model C,2026
EV-ACME-05452,ACEMDLC10TK005452,CLI-00311,SUC-010,Perú,Model C,2026
EV-ACME-05453,ACEMDLF11SA005453,CLI-00682,SUC-001,México,Model F,2025
EV-ACME-05454,ACEMDLB13RB005454,CLI-00774,SUC-002,Guatemala,Model B,2024
EV-ACME-05455,ACEMDLA19SJ005455,CLI-00677,SUC-009,Panamá,Model A,2025
EV-ACME-05456,ACEMDLA12RG005456,CLI-00808,SUC-007,Canadá,Model A,2024
EV-ACME-05457,ACEMDLF19RK005457,CLI-00912,SUC-010,Perú,Model F,2024
EV-ACME-05458,ACEMDLF18RA005458,CLI-00368,SUC-001,México,Model F,2024
EV-ACME-05459,ACEMDLA15RB005459,CLI-00276,SUC-002,Guatemala,Model A,2024
EV-ACME-05460,ACEMDLE13SK005460,CLI-00328,SUC-010,Perú,Model E,2025
EV-ACME-05461,ACEMDLB10RD005461,CLI-00709,SUC-004,Costa Rica,Model B,2024
EV-ACME-05462,ACEMDLB10TE005462,CLI-00052,SUC-005,Colombia,Model B,2026
EV-ACME-05463,ACEMDLD17TF005463,CLI-00047,SUC-006,Argentina,Model D,2026
EV-ACME-05464,ACEMDLD17TD005464,CLI-00785,SUC-004,Costa Rica,Model D,2026
EV-ACME-05465,ACEMDLE17TF005465,CLI-00893,SUC-006,Argentina,Model E,2026
EV-ACME-05466,ACEMDLC15TJ005466,CLI-00374,SUC-009,Panamá,Model C,2026
EV-ACME-05467,ACEMDLD13RD005467,CLI-00330,SUC-004,Costa Rica,Model D,2024
EV-ACME-05468,ACEMDLB14SG005468,CLI-00772,SUC-007,Canadá,Model B,2025
EV-ACME-05469,ACEMDLC17TC005469,CLI-00268,SUC-003,Honduras,Model C,2026
EV-ACME-05470,ACEMDLA13TE005470,CLI-00832,SUC-005,Colombia,Model A,2026
EV-ACME-05471,ACEMDLF11SK005471,CLI-00158,SUC-010,Perú,Model F,2025
EV-ACME-05472,ACEMDLB15TD005472,CLI-00174,SUC-004,Costa Rica,Model B,2026
EV-ACME-05473,ACEMDLC16SF005473,CLI-00564,SUC-006,Argentina,Model C,2025
EV-ACME-05474,ACEMDLB13TC005474,CLI-00268,SUC-003,Honduras,Model B,2026
EV-ACME-05475,ACEMDLF11TB005475,CLI-00003,SUC-002,Guatemala,Model F,2026
EV-ACME-05476,ACEMDLE12SE005476,CLI-00500,SUC-005,Colombia,Model E,2025
EV-ACME-05477,ACEMDLF15TC005477,CLI-00885,SUC-003,Honduras,Model F,2026
EV-ACME-05478,ACEMDLF12SK005478,CLI-00398,SUC-010,Perú,Model F,2025
EV-ACME-05479,ACEMDLD12SF005479,CLI-00738,SUC-006,Argentina,Model D,2025
EV-ACME-05480,ACEMDLF18TK005480,CLI-00203,SUC-010,Perú,Model F,2026
EV-ACME-05481,ACEMDLD19TC005481,CLI-00053,SUC-003,Honduras,Model D,2026
EV-ACME-05482,ACEMDLD10RG005482,CLI-00411,SUC-007,Canadá,Model D,2024
EV-ACME-05483,ACEMDLD19SK005483,CLI-00179,SUC-010,Perú,Model D,2025
EV-ACME-05484,ACEMDLE15SE005484,CLI-00500,SUC-005,Colombia,Model E,2025
EV-ACME-05485,ACEMDLC10RF005485,CLI-00695,SUC-006,Argentina,Model C,2024
EV-ACME-05486,ACEMDLF17SK005486,CLI-00710,SUC-010,Perú,Model F,2025
EV-ACME-05487,ACEMDLB11SB005487,CLI-00603,SUC-002,Guatemala,Model B,2025
EV-ACME-05488,ACEMDLD16TG005488,CLI-00635,SUC-007,Canadá,Model D,2026
EV-ACME-05489,ACEMDLC10TE005489,CLI-00096,SUC-005,Colombia,Model C,2026
EV-ACME-05490,ACEMDLE10RG005490,CLI-00076,SUC-007,Canadá,Model E,2024
EV-ACME-05491,ACEMDLA12TB005491,CLI-00653,SUC-002,Guatemala,Model A,2026
EV-ACME-05492,ACEMDLC11TF005492,CLI-00028,SUC-006,Argentina,Model C,2026
EV-ACME-05493,ACEMDLE14TE005493,CLI-00170,SUC-005,Colombia,Model E,2026
EV-ACME-05494,ACEMDLD15TA005494,CLI-00604,SUC-001,México,Model D,2026
EV-ACME-05495,ACEMDLA10SK005495,CLI-00851,SUC-010,Perú,Model A,2025
EV-ACME-05496,ACEMDLD17TJ005496,CLI-00664,SUC-009,Panamá,Model D,2026
EV-ACME-05497,ACEMDLE13RJ005497,CLI-00044,SUC-009,Panamá,Model E,2024
EV-ACME-05498,ACEMDLA11RF005498,CLI-00105,SUC-006,Argentina,Model A,2024
EV-ACME-05499,ACEMDLA12SA005499,CLI-00580,SUC-001,México,Model A,2025
EV-ACME-05500,ACEMDLF19TK005500,CLI-00396,SUC-010,Perú,Model F,2026
EV-ACME-05501,ACEMDLE18TH005501,CLI-00109,SUC-008,Chile,Model E,2026
EV-ACME-05502,ACEMDLC14TA005502,CLI-00368,SUC-001,México,Model C,2026
EV-ACME-05503,ACEMDLE11RG005503,CLI-00802,SUC-007,Canadá,Model E,2024
EV-ACME-05504,ACEMDLB13SG005504,CLI-00760,SUC-007,Canadá,Model B,2025
EV-ACME-05505,ACEMDLC13TG005505,CLI-00304,SUC-007,Canadá,Model C,2026
EV-ACME-05506,ACEMDLD14RD005506,CLI-00692,SUC-004,Costa Rica,Model D,2024
EV-ACME-05507,ACEMDLC12TC005507,CLI-00914,SUC-003,Honduras,Model C,2026
EV-ACME-05508,ACEMDLD15RH005508,CLI-00891,SUC-008,Chile,Model D,2024
EV-ACME-05509,ACEMDLF19SD005509,CLI-00545,SUC-004,Costa Rica,Model F,2025
EV-ACME-05510,ACEMDLE13SC005510,CLI-00975,SUC-003,Honduras,Model E,2025
EV-ACME-05511,ACEMDLC11SE005511,CLI-00646,SUC-005,Colombia,Model C,2025
EV-ACME-05512,ACEMDLA18TK005512,CLI-00768,SUC-010,Perú,Model A,2026
EV-ACME-05513,ACEMDLF19RK005513,CLI-00789,SUC-010,Perú,Model F,2024
EV-ACME-05514,ACEMDLE10SC005514,CLI-00848,SUC-003,Honduras,Model E,2025
EV-ACME-05515,ACEMDLB14RB005515,CLI-00012,SUC-002,Guatemala,Model B,2024
EV-ACME-05516,ACEMDLD16SF005516,CLI-00156,SUC-006,Argentina,Model D,2025
EV-ACME-05517,ACEMDLE14SB005517,CLI-00196,SUC-002,Guatemala,Model E,2025
EV-ACME-05518,ACEMDLE16RB005518,CLI-00003,SUC-002,Guatemala,Model E,2024
EV-ACME-05519,ACEMDLD16TE005519,CLI-00953,SUC-005,Colombia,Model D,2026
EV-ACME-05520,ACEMDLB19SF005520,CLI-00514,SUC-006,Argentina,Model B,2025
EV-ACME-05521,ACEMDLE10RE005521,CLI-00550,SUC-005,Colombia,Model E,2024
EV-ACME-05522,ACEMDLF13RF005522,CLI-00459,SUC-006,Argentina,Model F,2024
EV-ACME-05523,ACEMDLF13TH005523,CLI-00107,SUC-008,Chile,Model F,2026
EV-ACME-05524,ACEMDLA17RK005524,CLI-00516,SUC-010,Perú,Model A,2024
EV-ACME-05525,ACEMDLF14TB005525,CLI-00774,SUC-002,Guatemala,Model F,2026
EV-ACME-05526,ACEMDLD14RE005526,CLI-00592,SUC-005,Colombia,Model D,2024
EV-ACME-05527,ACEMDLE18SE005527,CLI-00727,SUC-005,Colombia,Model E,2025
EV-ACME-05528,ACEMDLD14TE005528,CLI-00154,SUC-005,Colombia,Model D,2026
EV-ACME-05529,ACEMDLA17TA005529,CLI-00889,SUC-001,México,Model A,2026
EV-ACME-05530,ACEMDLF17TC005530,CLI-00391,SUC-003,Honduras,Model F,2026
EV-ACME-05531,ACEMDLF12SC005531,CLI-00819,SUC-003,Honduras,Model F,2025
EV-ACME-05532,ACEMDLC18RA005532,CLI-00546,SUC-001,México,Model C,2024
EV-ACME-05533,ACEMDLA16SB005533,CLI-00756,SUC-002,Guatemala,Model A,2025
EV-ACME-05534,ACEMDLA12TJ005534,CLI-00526,SUC-009,Panamá,Model A,2026
EV-ACME-05535,ACEMDLD14TD005535,CLI-00683,SUC-004,Costa Rica,Model D,2026
EV-ACME-05536,ACEMDLF13SH005536,CLI-00601,SUC-008,Chile,Model F,2025
EV-ACME-05537,ACEMDLB16SA005537,CLI-00010,SUC-001,México,Model B,2025
EV-ACME-05538,ACEMDLA18TJ005538,CLI-00886,SUC-009,Panamá,Model A,2026
EV-ACME-05539,ACEMDLA17TA005539,CLI-00223,SUC-001,México,Model A,2026
EV-ACME-05540,ACEMDLA11RB005540,CLI-00196,SUC-002,Guatemala,Model A,2024
EV-ACME-05541,ACEMDLF15SA005541,CLI-00753,SUC-001,México,Model F,2025
EV-ACME-05542,ACEMDLD14TD005542,CLI-00481,SUC-004,Costa Rica,Model D,2026
EV-ACME-05543,ACEMDLB10TE005543,CLI-00788,SUC-005,Colombia,Model B,2026
EV-ACME-05544,ACEMDLF18SB005544,CLI-00274,SUC-002,Guatemala,Model F,2025
EV-ACME-05545,ACEMDLD19SF005545,CLI-00047,SUC-006,Argentina,Model D,2025
EV-ACME-05546,ACEMDLD12SF005546,CLI-00533,SUC-006,Argentina,Model D,2025
EV-ACME-05547,ACEMDLC16SC005547,CLI-00494,SUC-003,Honduras,Model C,2025
EV-ACME-05548,ACEMDLE13RC005548,CLI-00841,SUC-003,Honduras,Model E,2024
EV-ACME-05549,ACEMDLE18RK005549,CLI-00758,SUC-010,Perú,Model E,2024
EV-ACME-05550,ACEMDLB15RA005550,CLI-00443,SUC-001,México,Model B,2024
EV-ACME-05551,ACEMDLB19TK005551,CLI-00633,SUC-010,Perú,Model B,2026
EV-ACME-05552,ACEMDLE15SJ005552,CLI-00662,SUC-009,Panamá,Model E,2025
EV-ACME-05553,ACEMDLB12TF005553,CLI-00399,SUC-006,Argentina,Model B,2026
EV-ACME-05554,ACEMDLC16RG005554,CLI-00067,SUC-007,Canadá,Model C,2024
EV-ACME-05555,ACEMDLD18TD005555,CLI-00027,SUC-004,Costa Rica,Model D,2026
EV-ACME-05556,ACEMDLC19SK005556,CLI-00883,SUC-010,Perú,Model C,2025
EV-ACME-05557,ACEMDLD14TF005557,CLI-00778,SUC-006,Argentina,Model D,2026
EV-ACME-05558,ACEMDLE17SC005558,CLI-00230,SUC-003,Honduras,Model E,2025
EV-ACME-05559,ACEMDLC16RE005559,CLI-00075,SUC-005,Colombia,Model C,2024
EV-ACME-05560,ACEMDLB16TB005560,CLI-00652,SUC-002,Guatemala,Model B,2026
EV-ACME-05561,ACEMDLE13TF005561,CLI-00372,SUC-006,Argentina,Model E,2026
EV-ACME-05562,ACEMDLA12SA005562,CLI-00799,SUC-001,México,Model A,2025
EV-ACME-05563,ACEMDLD19TH005563,CLI-00556,SUC-008,Chile,Model D,2026
EV-ACME-05564,ACEMDLA17RA005564,CLI-00992,SUC-001,México,Model A,2024
EV-ACME-05565,ACEMDLB18RB005565,CLI-00790,SUC-002,Guatemala,Model B,2024
EV-ACME-05566,ACEMDLC10TB005566,CLI-00003,SUC-002,Guatemala,Model C,2026
EV-ACME-05567,ACEMDLD15RD005567,CLI-00135,SUC-004,Costa Rica,Model D,2024
EV-ACME-05568,ACEMDLB16SE005568,CLI-00665,SUC-005,Colombia,Model B,2025
EV-ACME-05569,ACEMDLD12RK005569,CLI-00201,SUC-010,Perú,Model D,2024
EV-ACME-05570,ACEMDLD19SB005570,CLI-00776,SUC-002,Guatemala,Model D,2025
EV-ACME-05571,ACEMDLC19RC005571,CLI-00444,SUC-003,Honduras,Model C,2024
EV-ACME-05572,ACEMDLA19RB005572,CLI-00276,SUC-002,Guatemala,Model A,2024
EV-ACME-05573,ACEMDLF19TH005573,CLI-00483,SUC-008,Chile,Model F,2026
EV-ACME-05574,ACEMDLD11TA005574,CLI-00017,SUC-001,México,Model D,2026
EV-ACME-05575,ACEMDLB14SF005575,CLI-00285,SUC-006,Argentina,Model B,2025
EV-ACME-05576,ACEMDLE17TF005576,CLI-00244,SUC-006,Argentina,Model E,2026
EV-ACME-05577,ACEMDLA11SF005577,CLI-00755,SUC-006,Argentina,Model A,2025
EV-ACME-05578,ACEMDLA18RC005578,CLI-00937,SUC-003,Honduras,Model A,2024
EV-ACME-05579,ACEMDLF11RD005579,CLI-00545,SUC-004,Costa Rica,Model F,2024
EV-ACME-05580,ACEMDLB12SE005580,CLI-00732,SUC-005,Colombia,Model B,2025
EV-ACME-05581,ACEMDLB17SG005581,CLI-00539,SUC-007,Canadá,Model B,2025
EV-ACME-05582,ACEMDLF15SH005582,CLI-00948,SUC-008,Chile,Model F,2025
EV-ACME-05583,ACEMDLD10TB005583,CLI-00652,SUC-002,Guatemala,Model D,2026
EV-ACME-05584,ACEMDLF16SJ005584,CLI-00099,SUC-009,Panamá,Model F,2025
EV-ACME-05585,ACEMDLC14RF005585,CLI-00047,SUC-006,Argentina,Model C,2024
EV-ACME-05586,ACEMDLA10SK005586,CLI-00750,SUC-010,Perú,Model A,2025
EV-ACME-05587,ACEMDLB11SE005587,CLI-00337,SUC-005,Colombia,Model B,2025
EV-ACME-05588,ACEMDLF17SK005588,CLI-00484,SUC-010,Perú,Model F,2025
EV-ACME-05589,ACEMDLE19TD005589,CLI-00785,SUC-004,Costa Rica,Model E,2026
EV-ACME-05590,ACEMDLC11TF005590,CLI-00766,SUC-006,Argentina,Model C,2026
EV-ACME-05591,ACEMDLB15TD005591,CLI-00874,SUC-004,Costa Rica,Model B,2026
EV-ACME-05592,ACEMDLE18TD005592,CLI-00174,SUC-004,Costa Rica,Model E,2026
EV-ACME-05593,ACEMDLF13RD005593,CLI-00939,SUC-004,Costa Rica,Model F,2024
EV-ACME-05594,ACEMDLD11RH005594,CLI-00749,SUC-008,Chile,Model D,2024
EV-ACME-05595,ACEMDLB16SD005595,CLI-00859,SUC-004,Costa Rica,Model B,2025
EV-ACME-05596,ACEMDLB15RA005596,CLI-00361,SUC-001,México,Model B,2024
EV-ACME-05597,ACEMDLD15RK005597,CLI-00158,SUC-010,Perú,Model D,2024
EV-ACME-05598,ACEMDLF10TJ005598,CLI-00157,SUC-009,Panamá,Model F,2026
EV-ACME-05599,ACEMDLF13SH005599,CLI-00009,SUC-008,Chile,Model F,2025
EV-ACME-05600,ACEMDLD19RJ005600,CLI-00970,SUC-009,Panamá,Model D,2024
EV-ACME-05601,ACEMDLA17SH005601,CLI-00563,SUC-008,Chile,Model A,2025
EV-ACME-05602,ACEMDLC13TK005602,CLI-00710,SUC-010,Perú,Model C,2026
EV-ACME-05603,ACEMDLB10SF005603,CLI-00944,SUC-006,Argentina,Model B,2025
EV-ACME-05604,ACEMDLD11TK005604,CLI-00482,SUC-010,Perú,Model D,2026
EV-ACME-05605,ACEMDLE10TF005605,CLI-00606,SUC-006,Argentina,Model E,2026
EV-ACME-05606,ACEMDLA10RH005606,CLI-00505,SUC-008,Chile,Model A,2024
EV-ACME-05607,ACEMDLE14TJ005607,CLI-00647,SUC-009,Panamá,Model E,2026
EV-ACME-05608,ACEMDLF16TH005608,CLI-00831,SUC-008,Chile,Model F,2026
EV-ACME-05609,ACEMDLE17TA005609,CLI-00572,SUC-001,México,Model E,2026
EV-ACME-05610,ACEMDLD14TC005610,CLI-00191,SUC-003,Honduras,Model D,2026
EV-ACME-05611,ACEMDLB15SC005611,CLI-00583,SUC-003,Honduras,Model B,2025
EV-ACME-05612,ACEMDLE16SF005612,CLI-00952,SUC-006,Argentina,Model E,2025
EV-ACME-05613,ACEMDLC16RG005613,CLI-00465,SUC-007,Canadá,Model C,2024
EV-ACME-05614,ACEMDLC13RC005614,CLI-00494,SUC-003,Honduras,Model C,2024
EV-ACME-05615,ACEMDLA19SA005615,CLI-00103,SUC-001,México,Model A,2025
EV-ACME-05616,ACEMDLD15SA005616,CLI-00259,SUC-001,México,Model D,2025
EV-ACME-05617,ACEMDLB12RA005617,CLI-00223,SUC-001,México,Model B,2024
EV-ACME-05618,ACEMDLC17RA005618,CLI-00403,SUC-001,México,Model C,2024
EV-ACME-05619,ACEMDLF13TA005619,CLI-00315,SUC-001,México,Model F,2026
EV-ACME-05620,ACEMDLD15RK005620,CLI-00024,SUC-010,Perú,Model D,2024
EV-ACME-05621,ACEMDLB15TC005621,CLI-00086,SUC-003,Honduras,Model B,2026
EV-ACME-05622,ACEMDLB10RG005622,CLI-00928,SUC-007,Canadá,Model B,2024
EV-ACME-05623,ACEMDLB11SC005623,CLI-00914,SUC-003,Honduras,Model B,2025
EV-ACME-05624,ACEMDLE11RG005624,CLI-00610,SUC-007,Canadá,Model E,2024
EV-ACME-05625,ACEMDLF19RK005625,CLI-00900,SUC-010,Perú,Model F,2024
EV-ACME-05626,ACEMDLC19RA005626,CLI-00660,SUC-001,México,Model C,2024
EV-ACME-05627,ACEMDLC19SA005627,CLI-00558,SUC-001,México,Model C,2025
EV-ACME-05628,ACEMDLE15TF005628,CLI-00340,SUC-006,Argentina,Model E,2026
EV-ACME-05629,ACEMDLE10SK005629,CLI-00638,SUC-010,Perú,Model E,2025
EV-ACME-05630,ACEMDLF14TK005630,CLI-00001,SUC-010,Perú,Model F,2026
EV-ACME-05631,ACEMDLE14RG005631,CLI-00111,SUC-007,Canadá,Model E,2024
EV-ACME-05632,ACEMDLF11TG005632,CLI-00388,SUC-007,Canadá,Model F,2026
EV-ACME-05633,ACEMDLA10TE005633,CLI-00673,SUC-005,Colombia,Model A,2026
EV-ACME-05634,ACEMDLD16TD005634,CLI-00262,SUC-004,Costa Rica,Model D,2026
EV-ACME-05635,ACEMDLE16TC005635,CLI-00472,SUC-003,Honduras,Model E,2026
EV-ACME-05636,ACEMDLC17TE005636,CLI-00065,SUC-005,Colombia,Model C,2026
EV-ACME-05637,ACEMDLF10TG005637,CLI-00760,SUC-007,Canadá,Model F,2026
EV-ACME-05638,ACEMDLB10RK005638,CLI-00189,SUC-010,Perú,Model B,2024
EV-ACME-05639,ACEMDLA12TB005639,CLI-00187,SUC-002,Guatemala,Model A,2026
EV-ACME-05640,ACEMDLD16SH005640,CLI-00913,SUC-008,Chile,Model D,2025
EV-ACME-05641,ACEMDLD12RJ005641,CLI-00662,SUC-009,Panamá,Model D,2024
EV-ACME-05642,ACEMDLD17RD005642,CLI-00642,SUC-004,Costa Rica,Model D,2024
EV-ACME-05643,ACEMDLD17RG005643,CLI-00589,SUC-007,Canadá,Model D,2024
EV-ACME-05644,ACEMDLB12TE005644,CLI-00032,SUC-005,Colombia,Model B,2026
EV-ACME-05645,ACEMDLD14RE005645,CLI-00373,SUC-005,Colombia,Model D,2024
EV-ACME-05646,ACEMDLB10SD005646,CLI-00927,SUC-004,Costa Rica,Model B,2025
EV-ACME-05647,ACEMDLC19TJ005647,CLI-00607,SUC-009,Panamá,Model C,2026
EV-ACME-05648,ACEMDLE17SB005648,CLI-00300,SUC-002,Guatemala,Model E,2025
EV-ACME-05649,ACEMDLE10TG005649,CLI-00212,SUC-007,Canadá,Model E,2026
EV-ACME-05650,ACEMDLF13TE005650,CLI-00627,SUC-005,Colombia,Model F,2026
EV-ACME-05651,ACEMDLB19TJ005651,CLI-00837,SUC-009,Panamá,Model B,2026
EV-ACME-05652,ACEMDLA15TC005652,CLI-00477,SUC-003,Honduras,Model A,2026
EV-ACME-05653,ACEMDLE12SD005653,CLI-00783,SUC-004,Costa Rica,Model E,2025
EV-ACME-05654,ACEMDLD11TH005654,CLI-00715,SUC-008,Chile,Model D,2026
EV-ACME-05655,ACEMDLF19TJ005655,CLI-00374,SUC-009,Panamá,Model F,2026
EV-ACME-05656,ACEMDLB19RK005656,CLI-00883,SUC-010,Perú,Model B,2024
EV-ACME-05657,ACEMDLE14SK005657,CLI-00351,SUC-010,Perú,Model E,2025
EV-ACME-05658,ACEMDLA11TK005658,CLI-00269,SUC-010,Perú,Model A,2026
EV-ACME-05659,ACEMDLD13RG005659,CLI-00435,SUC-007,Canadá,Model D,2024
EV-ACME-05660,ACEMDLF19SJ005660,CLI-00899,SUC-009,Panamá,Model F,2025
EV-ACME-05661,ACEMDLD13RK005661,CLI-00718,SUC-010,Perú,Model D,2024
EV-ACME-05662,ACEMDLA18SD005662,CLI-00957,SUC-004,Costa Rica,Model A,2025
EV-ACME-05663,ACEMDLE18SG005663,CLI-00173,SUC-007,Canadá,Model E,2025
EV-ACME-05664,ACEMDLF14RJ005664,CLI-00401,SUC-009,Panamá,Model F,2024
EV-ACME-05665,ACEMDLD18SF005665,CLI-00166,SUC-006,Argentina,Model D,2025
EV-ACME-05666,ACEMDLC19SJ005666,CLI-00072,SUC-009,Panamá,Model C,2025
EV-ACME-05667,ACEMDLA15TB005667,CLI-00651,SUC-002,Guatemala,Model A,2026
EV-ACME-05668,ACEMDLC15TG005668,CLI-00760,SUC-007,Canadá,Model C,2026
EV-ACME-05669,ACEMDLC19TC005669,CLI-00215,SUC-003,Honduras,Model C,2026
EV-ACME-05670,ACEMDLD15TH005670,CLI-00339,SUC-008,Chile,Model D,2026
EV-ACME-05671,ACEMDLD18RD005671,CLI-00217,SUC-004,Costa Rica,Model D,2024
EV-ACME-05672,ACEMDLB15RD005672,CLI-00383,SUC-004,Costa Rica,Model B,2024
EV-ACME-05673,ACEMDLC18TG005673,CLI-00411,SUC-007,Canadá,Model C,2026
EV-ACME-05674,ACEMDLD11SD005674,CLI-00369,SUC-004,Costa Rica,Model D,2025
EV-ACME-05675,ACEMDLD18RA005675,CLI-00443,SUC-001,México,Model D,2024
EV-ACME-05676,ACEMDLA11TK005676,CLI-00296,SUC-010,Perú,Model A,2026
EV-ACME-05677,ACEMDLE14RG005677,CLI-00393,SUC-007,Canadá,Model E,2024
EV-ACME-05678,ACEMDLA15TA005678,CLI-00443,SUC-001,México,Model A,2026
EV-ACME-05679,ACEMDLF16SK005679,CLI-00179,SUC-010,Perú,Model F,2025
EV-ACME-05680,ACEMDLB13TC005680,CLI-00976,SUC-003,Honduras,Model B,2026
EV-ACME-05681,ACEMDLE19SK005681,CLI-00489,SUC-010,Perú,Model E,2025
EV-ACME-05682,ACEMDLB12SE005682,CLI-00493,SUC-005,Colombia,Model B,2025
EV-ACME-05683,ACEMDLD19RB005683,CLI-00129,SUC-002,Guatemala,Model D,2024
EV-ACME-05684,ACEMDLE17SA005684,CLI-00754,SUC-001,México,Model E,2025
EV-ACME-05685,ACEMDLD10SK005685,CLI-00714,SUC-010,Perú,Model D,2025
EV-ACME-05686,ACEMDLB17RH005686,CLI-00505,SUC-008,Chile,Model B,2024
EV-ACME-05687,ACEMDLD18SC005687,CLI-00477,SUC-003,Honduras,Model D,2025
EV-ACME-05688,ACEMDLB18RA005688,CLI-00382,SUC-001,México,Model B,2024
EV-ACME-05689,ACEMDLB15SJ005689,CLI-00526,SUC-009,Panamá,Model B,2025
EV-ACME-05690,ACEMDLA14RC005690,CLI-00885,SUC-003,Honduras,Model A,2024
EV-ACME-05691,ACEMDLC13RH005691,CLI-00109,SUC-008,Chile,Model C,2024
EV-ACME-05692,ACEMDLF17SE005692,CLI-00926,SUC-005,Colombia,Model F,2025
EV-ACME-05693,ACEMDLB17RF005693,CLI-00166,SUC-006,Argentina,Model B,2024
EV-ACME-05694,ACEMDLE13TF005694,CLI-00956,SUC-006,Argentina,Model E,2026
EV-ACME-05695,ACEMDLC19SC005695,CLI-00236,SUC-003,Honduras,Model C,2025
EV-ACME-05696,ACEMDLD14SJ005696,CLI-00643,SUC-009,Panamá,Model D,2025
EV-ACME-05697,ACEMDLA18TA005697,CLI-00753,SUC-001,México,Model A,2026
EV-ACME-05698,ACEMDLF14TE005698,CLI-00743,SUC-005,Colombia,Model F,2026
EV-ACME-05699,ACEMDLA13SG005699,CLI-00620,SUC-007,Canadá,Model A,2025
EV-ACME-05700,ACEMDLA18RG005700,CLI-00639,SUC-007,Canadá,Model A,2024
EV-ACME-05701,ACEMDLA18TF005701,CLI-00680,SUC-006,Argentina,Model A,2026
EV-ACME-05702,ACEMDLE15TD005702,CLI-00971,SUC-004,Costa Rica,Model E,2026
EV-ACME-05703,ACEMDLB14RB005703,CLI-00139,SUC-002,Guatemala,Model B,2024
EV-ACME-05704,ACEMDLD18TF005704,CLI-00514,SUC-006,Argentina,Model D,2026
EV-ACME-05705,ACEMDLF12TC005705,CLI-00583,SUC-003,Honduras,Model F,2026
EV-ACME-05706,ACEMDLA14TK005706,CLI-00097,SUC-010,Perú,Model A,2026
EV-ACME-05707,ACEMDLC14SA005707,CLI-00537,SUC-001,México,Model C,2025
EV-ACME-05708,ACEMDLF12RD005708,CLI-00174,SUC-004,Costa Rica,Model F,2024
EV-ACME-05709,ACEMDLB12RA005709,CLI-00057,SUC-001,México,Model B,2024
EV-ACME-05710,ACEMDLC15RK005710,CLI-00923,SUC-010,Perú,Model C,2024
EV-ACME-05711,ACEMDLC18TF005711,CLI-00514,SUC-006,Argentina,Model C,2026
EV-ACME-05712,ACEMDLB13TC005712,CLI-00427,SUC-003,Honduras,Model B,2026
EV-ACME-05713,ACEMDLF10RF005713,CLI-00468,SUC-006,Argentina,Model F,2024
EV-ACME-05714,ACEMDLF17SC005714,CLI-00183,SUC-003,Honduras,Model F,2025
EV-ACME-05715,ACEMDLE15TC005715,CLI-00357,SUC-003,Honduras,Model E,2026
EV-ACME-05716,ACEMDLE12RF005716,CLI-00425,SUC-006,Argentina,Model E,2024
EV-ACME-05717,ACEMDLC18RC005717,CLI-00432,SUC-003,Honduras,Model C,2024
EV-ACME-05718,ACEMDLA12TF005718,CLI-00609,SUC-006,Argentina,Model A,2026
EV-ACME-05719,ACEMDLE10RF005719,CLI-00028,SUC-006,Argentina,Model E,2024
EV-ACME-05720,ACEMDLF17SE005720,CLI-00211,SUC-005,Colombia,Model F,2025
EV-ACME-05721,ACEMDLA19SD005721,CLI-00262,SUC-004,Costa Rica,Model A,2025
EV-ACME-05722,ACEMDLA11RF005722,CLI-00188,SUC-006,Argentina,Model A,2024
EV-ACME-05723,ACEMDLB14RH005723,CLI-00769,SUC-008,Chile,Model B,2024
EV-ACME-05724,ACEMDLE13TH005724,CLI-00339,SUC-008,Chile,Model E,2026
EV-ACME-05725,ACEMDLF13TB005725,CLI-00272,SUC-002,Guatemala,Model F,2026
EV-ACME-05726,ACEMDLE14TF005726,CLI-00532,SUC-006,Argentina,Model E,2026
EV-ACME-05727,ACEMDLC17TK005727,CLI-00310,SUC-010,Perú,Model C,2026
EV-ACME-05728,ACEMDLD12SJ005728,CLI-00879,SUC-009,Panamá,Model D,2025
EV-ACME-05729,ACEMDLD16RF005729,CLI-00222,SUC-006,Argentina,Model D,2024
EV-ACME-05730,ACEMDLE10RJ005730,CLI-00925,SUC-009,Panamá,Model E,2024
EV-ACME-05731,ACEMDLC10SF005731,CLI-00455,SUC-006,Argentina,Model C,2025
EV-ACME-05732,ACEMDLC15RF005732,CLI-00778,SUC-006,Argentina,Model C,2024
EV-ACME-05733,ACEMDLC11RE005733,CLI-00953,SUC-005,Colombia,Model C,2024
EV-ACME-05734,ACEMDLC10SH005734,CLI-00713,SUC-008,Chile,Model C,2025
EV-ACME-05735,ACEMDLA10SD005735,CLI-00977,SUC-004,Costa Rica,Model A,2025
EV-ACME-05736,ACEMDLA12RE005736,CLI-00413,SUC-005,Colombia,Model A,2024
EV-ACME-05737,ACEMDLE15RB005737,CLI-00108,SUC-002,Guatemala,Model E,2024
EV-ACME-05738,ACEMDLB14TF005738,CLI-00171,SUC-006,Argentina,Model B,2026
EV-ACME-05739,ACEMDLF19TF005739,CLI-00317,SUC-006,Argentina,Model F,2026
EV-ACME-05740,ACEMDLC11SE005740,CLI-00495,SUC-005,Colombia,Model C,2025
EV-ACME-05741,ACEMDLA12RE005741,CLI-00846,SUC-005,Colombia,Model A,2024
EV-ACME-05742,ACEMDLE18RB005742,CLI-00666,SUC-002,Guatemala,Model E,2024
EV-ACME-05743,ACEMDLC15SK005743,CLI-00064,SUC-010,Perú,Model C,2025
EV-ACME-05744,ACEMDLE12SG005744,CLI-00106,SUC-007,Canadá,Model E,2025
EV-ACME-05745,ACEMDLC17SK005745,CLI-00710,SUC-010,Perú,Model C,2025
EV-ACME-05746,ACEMDLA11TG005746,CLI-00531,SUC-007,Canadá,Model A,2026
EV-ACME-05747,ACEMDLF17TG005747,CLI-00773,SUC-007,Canadá,Model F,2026
EV-ACME-05748,ACEMDLA15SK005748,CLI-00342,SUC-010,Perú,Model A,2025
EV-ACME-05749,ACEMDLE17RH005749,CLI-00657,SUC-008,Chile,Model E,2024
EV-ACME-05750,ACEMDLA16RK005750,CLI-00718,SUC-010,Perú,Model A,2024
EV-ACME-05751,ACEMDLE10SH005751,CLI-00601,SUC-008,Chile,Model E,2025
EV-ACME-05752,ACEMDLD18RE005752,CLI-00324,SUC-005,Colombia,Model D,2024
EV-ACME-05753,ACEMDLD12TK005753,CLI-00482,SUC-010,Perú,Model D,2026
EV-ACME-05754,ACEMDLC11SC005754,CLI-00191,SUC-003,Honduras,Model C,2025
EV-ACME-05755,ACEMDLE17SF005755,CLI-00104,SUC-006,Argentina,Model E,2025
EV-ACME-05756,ACEMDLC12TK005756,CLI-00923,SUC-010,Perú,Model C,2026
EV-ACME-05757,ACEMDLE10RK005757,CLI-00396,SUC-010,Perú,Model E,2024
EV-ACME-05758,ACEMDLB16TD005758,CLI-00957,SUC-004,Costa Rica,Model B,2026
EV-ACME-05759,ACEMDLE10RE005759,CLI-00665,SUC-005,Colombia,Model E,2024
EV-ACME-05760,ACEMDLE12TK005760,CLI-00131,SUC-010,Perú,Model E,2026
EV-ACME-05761,ACEMDLD19RJ005761,CLI-00864,SUC-009,Panamá,Model D,2024
EV-ACME-05762,ACEMDLC19TG005762,CLI-00288,SUC-007,Canadá,Model C,2026
EV-ACME-05763,ACEMDLF17TA005763,CLI-00534,SUC-001,México,Model F,2026
EV-ACME-05764,ACEMDLD12RB005764,CLI-00384,SUC-002,Guatemala,Model D,2024
EV-ACME-05765,ACEMDLA14SJ005765,CLI-00593,SUC-009,Panamá,Model A,2025
EV-ACME-05766,ACEMDLD12SH005766,CLI-00335,SUC-008,Chile,Model D,2025
EV-ACME-05767,ACEMDLA14RD005767,CLI-00873,SUC-004,Costa Rica,Model A,2024
EV-ACME-05768,ACEMDLB13TC005768,CLI-00136,SUC-003,Honduras,Model B,2026
EV-ACME-05769,ACEMDLE14RK005769,CLI-00001,SUC-010,Perú,Model E,2024
EV-ACME-05770,ACEMDLD13RD005770,CLI-00623,SUC-004,Costa Rica,Model D,2024
EV-ACME-05771,ACEMDLE12RE005771,CLI-00672,SUC-005,Colombia,Model E,2024
EV-ACME-05772,ACEMDLD12SC005772,CLI-00255,SUC-003,Honduras,Model D,2025
EV-ACME-05773,ACEMDLA18RF005773,CLI-00944,SUC-006,Argentina,Model A,2024
EV-ACME-05774,ACEMDLC16RD005774,CLI-00882,SUC-004,Costa Rica,Model C,2024
EV-ACME-05775,ACEMDLB18RA005775,CLI-00152,SUC-001,México,Model B,2024
EV-ACME-05776,ACEMDLD13TH005776,CLI-00608,SUC-008,Chile,Model D,2026
EV-ACME-05777,ACEMDLF10RB005777,CLI-00488,SUC-002,Guatemala,Model F,2024
EV-ACME-05778,ACEMDLF11SD005778,CLI-00051,SUC-004,Costa Rica,Model F,2025
EV-ACME-05779,ACEMDLF10RD005779,CLI-00784,SUC-004,Costa Rica,Model F,2024
EV-ACME-05780,ACEMDLA10SK005780,CLI-00097,SUC-010,Perú,Model A,2025
EV-ACME-05781,ACEMDLC15RH005781,CLI-00781,SUC-008,Chile,Model C,2024
EV-ACME-05782,ACEMDLB15TG005782,CLI-00214,SUC-007,Canadá,Model B,2026
EV-ACME-05783,ACEMDLF11TD005783,CLI-00422,SUC-004,Costa Rica,Model F,2026
EV-ACME-05784,ACEMDLD15RB005784,CLI-00142,SUC-002,Guatemala,Model D,2024
EV-ACME-05785,ACEMDLF16TG005785,CLI-00555,SUC-007,Canadá,Model F,2026
EV-ACME-05786,ACEMDLB18SB005786,CLI-00424,SUC-002,Guatemala,Model B,2025
EV-ACME-05787,ACEMDLC19RJ005787,CLI-00813,SUC-009,Panamá,Model C,2024
EV-ACME-05788,ACEMDLC12SG005788,CLI-00212,SUC-007,Canadá,Model C,2025
EV-ACME-05789,ACEMDLF17RJ005789,CLI-00684,SUC-009,Panamá,Model F,2024
EV-ACME-05790,ACEMDLA12SF005790,CLI-00071,SUC-006,Argentina,Model A,2025
EV-ACME-05791,ACEMDLC11RC005791,CLI-00888,SUC-003,Honduras,Model C,2024
EV-ACME-05792,ACEMDLE16RD005792,CLI-00777,SUC-004,Costa Rica,Model E,2024
EV-ACME-05793,ACEMDLC13TJ005793,CLI-00707,SUC-009,Panamá,Model C,2026
EV-ACME-05794,ACEMDLC14RJ005794,CLI-00628,SUC-009,Panamá,Model C,2024
EV-ACME-05795,ACEMDLB16RC005795,CLI-00583,SUC-003,Honduras,Model B,2024
EV-ACME-05796,ACEMDLC13TH005796,CLI-00483,SUC-008,Chile,Model C,2026
EV-ACME-05797,ACEMDLD15SD005797,CLI-00051,SUC-004,Costa Rica,Model D,2025
EV-ACME-05798,ACEMDLF17SJ005798,CLI-00829,SUC-009,Panamá,Model F,2025
EV-ACME-05799,ACEMDLD10SJ005799,CLI-00599,SUC-009,Panamá,Model D,2025
EV-ACME-05800,ACEMDLC10RB005800,CLI-00145,SUC-002,Guatemala,Model C,2024
EV-ACME-05801,ACEMDLF11TF005801,CLI-00285,SUC-006,Argentina,Model F,2026
EV-ACME-05802,ACEMDLD17SJ005802,CLI-00401,SUC-009,Panamá,Model D,2025
EV-ACME-05803,ACEMDLB11TC005803,CLI-00510,SUC-003,Honduras,Model B,2026
EV-ACME-05804,ACEMDLB19SJ005804,CLI-00837,SUC-009,Panamá,Model B,2025
EV-ACME-05805,ACEMDLB16TK005805,CLI-00179,SUC-010,Perú,Model B,2026
EV-ACME-05806,ACEMDLE18RC005806,CLI-00039,SUC-003,Honduras,Model E,2024
EV-ACME-05807,ACEMDLA11SD005807,CLI-00070,SUC-004,Costa Rica,Model A,2025
EV-ACME-05808,ACEMDLE10TD005808,CLI-00859,SUC-004,Costa Rica,Model E,2026
EV-ACME-05809,ACEMDLC11SD005809,CLI-00217,SUC-004,Costa Rica,Model C,2025
EV-ACME-05810,ACEMDLA16RK005810,CLI-00131,SUC-010,Perú,Model A,2024
EV-ACME-05811,ACEMDLA10RB005811,CLI-00258,SUC-002,Guatemala,Model A,2024
EV-ACME-05812,ACEMDLF14RD005812,CLI-00779,SUC-004,Costa Rica,Model F,2024
EV-ACME-05813,ACEMDLB10TB005813,CLI-00603,SUC-002,Guatemala,Model B,2026
EV-ACME-05814,ACEMDLF19TA005814,CLI-00273,SUC-001,México,Model F,2026
EV-ACME-05815,ACEMDLE15TJ005815,CLI-00506,SUC-009,Panamá,Model E,2026
EV-ACME-05816,ACEMDLF11SE005816,CLI-00344,SUC-005,Colombia,Model F,2025
EV-ACME-05817,ACEMDLF16RC005817,CLI-00863,SUC-003,Honduras,Model F,2024
EV-ACME-05818,ACEMDLE19SH005818,CLI-00177,SUC-008,Chile,Model E,2025
EV-ACME-05819,ACEMDLE16TC005819,CLI-00875,SUC-003,Honduras,Model E,2026
EV-ACME-05820,ACEMDLE16SD005820,CLI-00070,SUC-004,Costa Rica,Model E,2025
EV-ACME-05821,ACEMDLB18SD005821,CLI-00642,SUC-004,Costa Rica,Model B,2025
EV-ACME-05822,ACEMDLC12SH005822,CLI-00006,SUC-008,Chile,Model C,2025
EV-ACME-05823,ACEMDLA18TJ005823,CLI-00843,SUC-009,Panamá,Model A,2026
EV-ACME-05824,ACEMDLA12TB005824,CLI-00100,SUC-002,Guatemala,Model A,2026
EV-ACME-05825,ACEMDLD11RH005825,CLI-00107,SUC-008,Chile,Model D,2024
EV-ACME-05826,ACEMDLC13TK005826,CLI-00283,SUC-010,Perú,Model C,2026
EV-ACME-05827,ACEMDLC17RG005827,CLI-00067,SUC-007,Canadá,Model C,2024
EV-ACME-05828,ACEMDLA19TF005828,CLI-00564,SUC-006,Argentina,Model A,2026
EV-ACME-05829,ACEMDLF17RA005829,CLI-00368,SUC-001,México,Model F,2024
EV-ACME-05830,ACEMDLC18TE005830,CLI-00224,SUC-005,Colombia,Model C,2026
EV-ACME-05831,ACEMDLB14TF005831,CLI-00522,SUC-006,Argentina,Model B,2026
EV-ACME-05832,ACEMDLF19SC005832,CLI-00440,SUC-003,Honduras,Model F,2025
EV-ACME-05833,ACEMDLF19TH005833,CLI-00204,SUC-008,Chile,Model F,2026
EV-ACME-05834,ACEMDLE12SH005834,CLI-00948,SUC-008,Chile,Model E,2025
EV-ACME-05835,ACEMDLB10RD005835,CLI-00959,SUC-004,Costa Rica,Model B,2024
EV-ACME-05836,ACEMDLA13TD005836,CLI-00742,SUC-004,Costa Rica,Model A,2026
EV-ACME-05837,ACEMDLF17SC005837,CLI-00818,SUC-003,Honduras,Model F,2025
EV-ACME-05838,ACEMDLD13SC005838,CLI-00937,SUC-003,Honduras,Model D,2025
EV-ACME-05839,ACEMDLA16RJ005839,CLI-00972,SUC-009,Panamá,Model A,2024
EV-ACME-05840,ACEMDLC17SJ005840,CLI-00379,SUC-009,Panamá,Model C,2025
EV-ACME-05841,ACEMDLE15RH005841,CLI-00831,SUC-008,Chile,Model E,2024
EV-ACME-05842,ACEMDLD17SD005842,CLI-00827,SUC-004,Costa Rica,Model D,2025
EV-ACME-05843,ACEMDLB10SA005843,CLI-00378,SUC-001,México,Model B,2025
EV-ACME-05844,ACEMDLC12TD005844,CLI-00174,SUC-004,Costa Rica,Model C,2026
EV-ACME-05845,ACEMDLD17TJ005845,CLI-00252,SUC-009,Panamá,Model D,2026
EV-ACME-05846,ACEMDLB18RE005846,CLI-00295,SUC-005,Colombia,Model B,2024
EV-ACME-05847,ACEMDLE13RD005847,CLI-00859,SUC-004,Costa Rica,Model E,2024
EV-ACME-05848,ACEMDLA11RA005848,CLI-00221,SUC-001,México,Model A,2024
EV-ACME-05849,ACEMDLF15SG005849,CLI-00721,SUC-007,Canadá,Model F,2025
EV-ACME-05850,ACEMDLA13SC005850,CLI-00871,SUC-003,Honduras,Model A,2025
EV-ACME-05851,ACEMDLC11SB005851,CLI-00603,SUC-002,Guatemala,Model C,2025
EV-ACME-05852,ACEMDLE15SG005852,CLI-00808,SUC-007,Canadá,Model E,2025
EV-ACME-05853,ACEMDLD19RD005853,CLI-00570,SUC-004,Costa Rica,Model D,2024
EV-ACME-05854,ACEMDLE15TG005854,CLI-00802,SUC-007,Canadá,Model E,2026
EV-ACME-05855,ACEMDLA16SF005855,CLI-00459,SUC-006,Argentina,Model A,2025
EV-ACME-05856,ACEMDLF18SH005856,CLI-00063,SUC-008,Chile,Model F,2025
EV-ACME-05857,ACEMDLF10TE005857,CLI-00797,SUC-005,Colombia,Model F,2026
EV-ACME-05858,ACEMDLA11SG005858,CLI-00772,SUC-007,Canadá,Model A,2025
EV-ACME-05859,ACEMDLA13RA005859,CLI-00604,SUC-001,México,Model A,2024
EV-ACME-05860,ACEMDLF10RK005860,CLI-00542,SUC-010,Perú,Model F,2024
EV-ACME-05861,ACEMDLD10SK005861,CLI-00733,SUC-010,Perú,Model D,2025
EV-ACME-05862,ACEMDLA15SG005862,CLI-00294,SUC-007,Canadá,Model A,2025
EV-ACME-05863,ACEMDLB16TE005863,CLI-00394,SUC-005,Colombia,Model B,2026
EV-ACME-05864,ACEMDLB18RE005864,CLI-00220,SUC-005,Colombia,Model B,2024
EV-ACME-05865,ACEMDLA16SK005865,CLI-00582,SUC-010,Perú,Model A,2025
EV-ACME-05866,ACEMDLB19TF005866,CLI-00372,SUC-006,Argentina,Model B,2026
EV-ACME-05867,ACEMDLD18RK005867,CLI-00346,SUC-010,Perú,Model D,2024
EV-ACME-05868,ACEMDLE16TH005868,CLI-00089,SUC-008,Chile,Model E,2026
EV-ACME-05869,ACEMDLB16RK005869,CLI-00993,SUC-010,Perú,Model B,2024
EV-ACME-05870,ACEMDLC11TH005870,CLI-00736,SUC-008,Chile,Model C,2026
EV-ACME-05871,ACEMDLF14RK005871,CLI-00923,SUC-010,Perú,Model F,2024
EV-ACME-05872,ACEMDLA17RA005872,CLI-00876,SUC-001,México,Model A,2024
EV-ACME-05873,ACEMDLE19RH005873,CLI-00936,SUC-008,Chile,Model E,2024
EV-ACME-05874,ACEMDLB19TF005874,CLI-00046,SUC-006,Argentina,Model B,2026
EV-ACME-05875,ACEMDLA16RE005875,CLI-00581,SUC-005,Colombia,Model A,2024
EV-ACME-05876,ACEMDLB17RG005876,CLI-00852,SUC-007,Canadá,Model B,2024
EV-ACME-05877,ACEMDLD12SE005877,CLI-00550,SUC-005,Colombia,Model D,2025
EV-ACME-05878,ACEMDLE19RK005878,CLI-00122,SUC-010,Perú,Model E,2024
EV-ACME-05879,ACEMDLA13RC005879,CLI-00442,SUC-003,Honduras,Model A,2024
EV-ACME-05880,ACEMDLA10RB005880,CLI-00243,SUC-002,Guatemala,Model A,2024
EV-ACME-05881,ACEMDLD10RJ005881,CLI-00707,SUC-009,Panamá,Model D,2024
EV-ACME-05882,ACEMDLB10SD005882,CLI-00151,SUC-004,Costa Rica,Model B,2025
EV-ACME-05883,ACEMDLE10RC005883,CLI-00892,SUC-003,Honduras,Model E,2024
EV-ACME-05884,ACEMDLC17RA005884,CLI-00890,SUC-001,México,Model C,2024
EV-ACME-05885,ACEMDLD16SD005885,CLI-00422,SUC-004,Costa Rica,Model D,2025
EV-ACME-05886,ACEMDLD13TJ005886,CLI-00181,SUC-009,Panamá,Model D,2026
EV-ACME-05887,ACEMDLD11SG005887,CLI-00439,SUC-007,Canadá,Model D,2025
EV-ACME-05888,ACEMDLE11RE005888,CLI-00732,SUC-005,Colombia,Model E,2024
EV-ACME-05889,ACEMDLC19TG005889,CLI-00035,SUC-007,Canadá,Model C,2026
EV-ACME-05890,ACEMDLD19TC005890,CLI-00463,SUC-003,Honduras,Model D,2026
EV-ACME-05891,ACEMDLB19RA005891,CLI-00386,SUC-001,México,Model B,2024
EV-ACME-05892,ACEMDLF10SC005892,CLI-00463,SUC-003,Honduras,Model F,2025
EV-ACME-05893,ACEMDLE12TJ005893,CLI-00301,SUC-009,Panamá,Model E,2026
EV-ACME-05894,ACEMDLA12TC005894,CLI-00503,SUC-003,Honduras,Model A,2026
EV-ACME-05895,ACEMDLD17RK005895,CLI-00711,SUC-010,Perú,Model D,2024
EV-ACME-05896,ACEMDLD15SA005896,CLI-00876,SUC-001,México,Model D,2025
EV-ACME-05897,ACEMDLC16SF005897,CLI-00735,SUC-006,Argentina,Model C,2025
EV-ACME-05898,ACEMDLC11RD005898,CLI-00783,SUC-004,Costa Rica,Model C,2024
EV-ACME-05899,ACEMDLF17TB005899,CLI-00002,SUC-002,Guatemala,Model F,2026
EV-ACME-05900,ACEMDLA11SH005900,CLI-00138,SUC-008,Chile,Model A,2025
EV-ACME-05901,ACEMDLA19RJ005901,CLI-00078,SUC-009,Panamá,Model A,2024
EV-ACME-05902,ACEMDLC18TA005902,CLI-00386,SUC-001,México,Model C,2026
EV-ACME-05903,ACEMDLA16RC005903,CLI-00888,SUC-003,Honduras,Model A,2024
EV-ACME-05904,ACEMDLD14TB005904,CLI-00509,SUC-002,Guatemala,Model D,2026
EV-ACME-05905,ACEMDLC18SE005905,CLI-00581,SUC-005,Colombia,Model C,2025
EV-ACME-05906,ACEMDLD18TH005906,CLI-00728,SUC-008,Chile,Model D,2026
EV-ACME-05907,ACEMDLF13SG005907,CLI-00388,SUC-007,Canadá,Model F,2025
EV-ACME-05908,ACEMDLD18SD005908,CLI-00859,SUC-004,Costa Rica,Model D,2025
EV-ACME-05909,ACEMDLE11RE005909,CLI-00930,SUC-005,Colombia,Model E,2024
EV-ACME-05910,ACEMDLE11TF005910,CLI-00116,SUC-006,Argentina,Model E,2026
EV-ACME-05911,ACEMDLF12TB005911,CLI-00651,SUC-002,Guatemala,Model F,2026
EV-ACME-05912,ACEMDLA16TB005912,CLI-00981,SUC-002,Guatemala,Model A,2026
EV-ACME-05913,ACEMDLE13SB005913,CLI-00988,SUC-002,Guatemala,Model E,2025
EV-ACME-05914,ACEMDLA10TH005914,CLI-00063,SUC-008,Chile,Model A,2026
EV-ACME-05915,ACEMDLF13RJ005915,CLI-00843,SUC-009,Panamá,Model F,2024
EV-ACME-05916,ACEMDLF19TE005916,CLI-00450,SUC-005,Colombia,Model F,2026
EV-ACME-05917,ACEMDLF10TA005917,CLI-00353,SUC-001,México,Model F,2026
EV-ACME-05918,ACEMDLF11RB005918,CLI-00756,SUC-002,Guatemala,Model F,2024
EV-ACME-05919,ACEMDLC14SA005919,CLI-00029,SUC-001,México,Model C,2025
EV-ACME-05920,ACEMDLB14SJ005920,CLI-00684,SUC-009,Panamá,Model B,2025
EV-ACME-05921,ACEMDLB15RH005921,CLI-00362,SUC-008,Chile,Model B,2024
EV-ACME-05922,ACEMDLB10SK005922,CLI-00908,SUC-010,Perú,Model B,2025
EV-ACME-05923,ACEMDLF17SA005923,CLI-00050,SUC-001,México,Model F,2025
EV-ACME-05924,ACEMDLD19SD005924,CLI-00174,SUC-004,Costa Rica,Model D,2025
EV-ACME-05925,ACEMDLB19SJ005925,CLI-00184,SUC-009,Panamá,Model B,2025
EV-ACME-05926,ACEMDLB18SH005926,CLI-00780,SUC-008,Chile,Model B,2025
EV-ACME-05927,ACEMDLB13SC005927,CLI-00162,SUC-003,Honduras,Model B,2025
EV-ACME-05928,ACEMDLB14SF005928,CLI-00786,SUC-006,Argentina,Model B,2025
EV-ACME-05929,ACEMDLA18TF005929,CLI-00367,SUC-006,Argentina,Model A,2026
EV-ACME-05930,ACEMDLF17RH005930,CLI-00021,SUC-008,Chile,Model F,2024
EV-ACME-05931,ACEMDLE13TB005931,CLI-00243,SUC-002,Guatemala,Model E,2026
EV-ACME-05932,ACEMDLA19SH005932,CLI-00109,SUC-008,Chile,Model A,2025
EV-ACME-05933,ACEMDLD14SE005933,CLI-00257,SUC-005,Colombia,Model D,2025
EV-ACME-05934,ACEMDLF10SA005934,CLI-00992,SUC-001,México,Model F,2025
EV-ACME-05935,ACEMDLB15TB005935,CLI-00907,SUC-002,Guatemala,Model B,2026
EV-ACME-05936,ACEMDLB12TK005936,CLI-00396,SUC-010,Perú,Model B,2026
EV-ACME-05937,ACEMDLC19TC005937,CLI-00038,SUC-003,Honduras,Model C,2026
EV-ACME-05938,ACEMDLE16RH005938,CLI-00559,SUC-008,Chile,Model E,2024
EV-ACME-05939,ACEMDLB17RK005939,CLI-00912,SUC-010,Perú,Model B,2024
EV-ACME-05940,ACEMDLD18RE005940,CLI-00825,SUC-005,Colombia,Model D,2024
EV-ACME-05941,ACEMDLB10SD005941,CLI-00160,SUC-004,Costa Rica,Model B,2025
EV-ACME-05942,ACEMDLE12RH005942,CLI-00505,SUC-008,Chile,Model E,2024
EV-ACME-05943,ACEMDLD19TJ005943,CLI-00712,SUC-009,Panamá,Model D,2026
EV-ACME-05944,ACEMDLD11SG005944,CLI-00321,SUC-007,Canadá,Model D,2025
EV-ACME-05945,ACEMDLB16RK005945,CLI-00794,SUC-010,Perú,Model B,2024
EV-ACME-05946,ACEMDLA13SB005946,CLI-00390,SUC-002,Guatemala,Model A,2025
EV-ACME-05947,ACEMDLD15SB005947,CLI-00274,SUC-002,Guatemala,Model D,2025
EV-ACME-05948,ACEMDLF18SD005948,CLI-00431,SUC-004,Costa Rica,Model F,2025
EV-ACME-05949,ACEMDLE18SE005949,CLI-00627,SUC-005,Colombia,Model E,2025
EV-ACME-05950,ACEMDLE17TB005950,CLI-00326,SUC-002,Guatemala,Model E,2026
EV-ACME-05951,ACEMDLB13RF005951,CLI-00944,SUC-006,Argentina,Model B,2024
EV-ACME-05952,ACEMDLC14TE005952,CLI-00052,SUC-005,Colombia,Model C,2026
EV-ACME-05953,ACEMDLE11RK005953,CLI-00945,SUC-010,Perú,Model E,2024
EV-ACME-05954,ACEMDLF16RB005954,CLI-00486,SUC-002,Guatemala,Model F,2024
EV-ACME-05955,ACEMDLC14SH005955,CLI-00195,SUC-008,Chile,Model C,2025
EV-ACME-05956,ACEMDLA11TD005956,CLI-00441,SUC-004,Costa Rica,Model A,2026
EV-ACME-05957,ACEMDLF18TK005957,CLI-00336,SUC-010,Perú,Model F,2026
EV-ACME-05958,ACEMDLD19TJ005958,CLI-00599,SUC-009,Panamá,Model D,2026
EV-ACME-05959,ACEMDLC10SH005959,CLI-00155,SUC-008,Chile,Model C,2025
EV-ACME-05960,ACEMDLB16SA005960,CLI-00356,SUC-001,México,Model B,2025
EV-ACME-05961,ACEMDLC18TJ005961,CLI-00886,SUC-009,Panamá,Model C,2026
EV-ACME-05962,ACEMDLD12TH005962,CLI-00913,SUC-008,Chile,Model D,2026
EV-ACME-05963,ACEMDLA14RF005963,CLI-00222,SUC-006,Argentina,Model A,2024
EV-ACME-05964,ACEMDLA17TJ005964,CLI-00198,SUC-009,Panamá,Model A,2026
EV-ACME-05965,ACEMDLF19SB005965,CLI-00003,SUC-002,Guatemala,Model F,2025
EV-ACME-05966,ACEMDLD16TD005966,CLI-00278,SUC-004,Costa Rica,Model D,2026
EV-ACME-05967,ACEMDLD16TB005967,CLI-00774,SUC-002,Guatemala,Model D,2026
EV-ACME-05968,ACEMDLB11RA005968,CLI-00658,SUC-001,México,Model B,2024
EV-ACME-05969,ACEMDLA14RA005969,CLI-00745,SUC-001,México,Model A,2024
EV-ACME-05970,ACEMDLA11TA005970,CLI-00452,SUC-001,México,Model A,2026
EV-ACME-05971,ACEMDLC15RA005971,CLI-00553,SUC-001,México,Model C,2024
EV-ACME-05972,ACEMDLF16RE005972,CLI-00224,SUC-005,Colombia,Model F,2024
EV-ACME-05973,ACEMDLC19RH005973,CLI-00502,SUC-008,Chile,Model C,2024
EV-ACME-05974,ACEMDLA15TA005974,CLI-00520,SUC-001,México,Model A,2026
EV-ACME-05975,ACEMDLE15SG005975,CLI-00674,SUC-007,Canadá,Model E,2025
EV-ACME-05976,ACEMDLF14SJ005976,CLI-00899,SUC-009,Panamá,Model F,2025
EV-ACME-05977,ACEMDLB13RG005977,CLI-00773,SUC-007,Canadá,Model B,2024
EV-ACME-05978,ACEMDLB15SE005978,CLI-00985,SUC-005,Colombia,Model B,2025
EV-ACME-05979,ACEMDLF11TH005979,CLI-00739,SUC-008,Chile,Model F,2026
EV-ACME-05980,ACEMDLE17SD005980,CLI-00511,SUC-004,Costa Rica,Model E,2025
EV-ACME-05981,ACEMDLB16SD005981,CLI-00464,SUC-004,Costa Rica,Model B,2025
EV-ACME-05982,ACEMDLD17TK005982,CLI-00705,SUC-010,Perú,Model D,2026
EV-ACME-05983,ACEMDLD17RK005983,CLI-00851,SUC-010,Perú,Model D,2024
EV-ACME-05984,ACEMDLF13TB005984,CLI-00527,SUC-002,Guatemala,Model F,2026
EV-ACME-05985,ACEMDLD13TB005985,CLI-00438,SUC-002,Guatemala,Model D,2026
EV-ACME-05986,ACEMDLB13SF005986,CLI-00146,SUC-006,Argentina,Model B,2025
EV-ACME-05987,ACEMDLB17TG005987,CLI-00321,SUC-007,Canadá,Model B,2026
EV-ACME-05988,ACEMDLB17TH005988,CLI-00280,SUC-008,Chile,Model B,2026
EV-ACME-05989,ACEMDLE10RJ005989,CLI-00879,SUC-009,Panamá,Model E,2024
EV-ACME-05990,ACEMDLD17SD005990,CLI-00882,SUC-004,Costa Rica,Model D,2025
EV-ACME-05991,ACEMDLD15SF005991,CLI-00340,SUC-006,Argentina,Model D,2025
EV-ACME-05992,ACEMDLE11SF005992,CLI-00492,SUC-006,Argentina,Model E,2025
EV-ACME-05993,ACEMDLD14SG005993,CLI-00866,SUC-007,Canadá,Model D,2025
EV-ACME-05994,ACEMDLA15RE005994,CLI-00788,SUC-005,Colombia,Model A,2024
EV-ACME-05995,ACEMDLD14SE005995,CLI-00186,SUC-005,Colombia,Model D,2025
EV-ACME-05996,ACEMDLD13SD005996,CLI-00535,SUC-004,Costa Rica,Model D,2025
EV-ACME-05997,ACEMDLD16TC005997,CLI-00510,SUC-003,Honduras,Model D,2026
EV-ACME-05998,ACEMDLC17TH005998,CLI-00505,SUC-008,Chile,Model C,2026
EV-ACME-05999,ACEMDLE10SG005999,CLI-00674,SUC-007,Canadá,Model E,2025
EV-ACME-06000,ACEMDLD18RF006000,CLI-00317,SUC-006,Argentina,Model D,2024
EV-ACME-06001,ACEMDLF16TD006001,CLI-00922,SUC-004,Costa Rica,Model F,2026
EV-ACME-06002,ACEMDLB13TC006002,CLI-00764,SUC-003,Honduras,Model B,2026
EV-ACME-06003,ACEMDLB11SK006003,CLI-00175,SUC-010,Perú,Model B,2025
EV-ACME-06004,ACEMDLF12TC006004,CLI-00140,SUC-003,Honduras,Model F,2026
EV-ACME-06005,ACEMDLF15SG006005,CLI-00288,SUC-007,Canadá,Model F,2025
EV-ACME-06006,ACEMDLE11RF006006,CLI-00872,SUC-006,Argentina,Model E,2024
EV-ACME-06007,ACEMDLE11SH006007,CLI-00868,SUC-008,Chile,Model E,2025
EV-ACME-06008,ACEMDLA13SE006008,CLI-00897,SUC-005,Colombia,Model A,2025
EV-ACME-06009,ACEMDLF16SJ006009,CLI-00496,SUC-009,Panamá,Model F,2025
EV-ACME-06010,ACEMDLD11TJ006010,CLI-00449,SUC-009,Panamá,Model D,2026
EV-ACME-06011,ACEMDLE13SK006011,CLI-00416,SUC-010,Perú,Model E,2025
EV-ACME-06012,ACEMDLF17SF006012,CLI-00735,SUC-006,Argentina,Model F,2025
EV-ACME-06013,ACEMDLF15RG006013,CLI-00439,SUC-007,Canadá,Model F,2024
EV-ACME-06014,ACEMDLE16SJ006014,CLI-00648,SUC-009,Panamá,Model E,2025
EV-ACME-06015,ACEMDLB19SA006015,CLI-00889,SUC-001,México,Model B,2025
EV-ACME-06016,ACEMDLD12SB006016,CLI-00790,SUC-002,Guatemala,Model D,2025
EV-ACME-06017,ACEMDLC16RG006017,CLI-00531,SUC-007,Canadá,Model C,2024
EV-ACME-06018,ACEMDLB12SK006018,CLI-00835,SUC-010,Perú,Model B,2025
EV-ACME-06019,ACEMDLC14TJ006019,CLI-00703,SUC-009,Panamá,Model C,2026
EV-ACME-06020,ACEMDLC19SA006020,CLI-00943,SUC-001,México,Model C,2025
EV-ACME-06021,ACEMDLD10TH006021,CLI-00780,SUC-008,Chile,Model D,2026
EV-ACME-06022,ACEMDLA11SG006022,CLI-00035,SUC-007,Canadá,Model A,2025
EV-ACME-06023,ACEMDLA11RC006023,CLI-00480,SUC-003,Honduras,Model A,2024
EV-ACME-06024,ACEMDLD13TG006024,CLI-00111,SUC-007,Canadá,Model D,2026
EV-ACME-06025,ACEMDLB11SC006025,CLI-00136,SUC-003,Honduras,Model B,2025
EV-ACME-06026,ACEMDLD10SK006026,CLI-00491,SUC-010,Perú,Model D,2025
EV-ACME-06027,ACEMDLF17TD006027,CLI-00055,SUC-004,Costa Rica,Model F,2026
EV-ACME-06028,ACEMDLD14RC006028,CLI-00472,SUC-003,Honduras,Model D,2024
EV-ACME-06029,ACEMDLF17SJ006029,CLI-00449,SUC-009,Panamá,Model F,2025
EV-ACME-06030,ACEMDLA14RF006030,CLI-00285,SUC-006,Argentina,Model A,2024
EV-ACME-06031,ACEMDLD19RA006031,CLI-00207,SUC-001,México,Model D,2024
EV-ACME-06032,ACEMDLE11RE006032,CLI-00663,SUC-005,Colombia,Model E,2024
EV-ACME-06033,ACEMDLC16TD006033,CLI-00959,SUC-004,Costa Rica,Model C,2026
EV-ACME-06034,ACEMDLF17SH006034,CLI-00362,SUC-008,Chile,Model F,2025
EV-ACME-06035,ACEMDLC10RD006035,CLI-00330,SUC-004,Costa Rica,Model C,2024
EV-ACME-06036,ACEMDLE12SK006036,CLI-00410,SUC-010,Perú,Model E,2025
EV-ACME-06037,ACEMDLE16RG006037,CLI-00548,SUC-007,Canadá,Model E,2024
EV-ACME-06038,ACEMDLA15RC006038,CLI-00819,SUC-003,Honduras,Model A,2024
EV-ACME-06039,ACEMDLC13TH006039,CLI-00726,SUC-008,Chile,Model C,2026
EV-ACME-06040,ACEMDLE14RJ006040,CLI-00334,SUC-009,Panamá,Model E,2024
EV-ACME-06041,ACEMDLA10RE006041,CLI-00394,SUC-005,Colombia,Model A,2024
EV-ACME-06042,ACEMDLA11RC006042,CLI-00869,SUC-003,Honduras,Model A,2024
EV-ACME-06043,ACEMDLC13SJ006043,CLI-00617,SUC-009,Panamá,Model C,2025
EV-ACME-06044,ACEMDLF18TJ006044,CLI-00647,SUC-009,Panamá,Model F,2026
EV-ACME-06045,ACEMDLA16SB006045,CLI-00438,SUC-002,Guatemala,Model A,2025
EV-ACME-06046,ACEMDLC15TJ006046,CLI-00694,SUC-009,Panamá,Model C,2026
EV-ACME-06047,ACEMDLB16SG006047,CLI-00439,SUC-007,Canadá,Model B,2025
EV-ACME-06048,ACEMDLB18SC006048,CLI-00263,SUC-003,Honduras,Model B,2025
EV-ACME-06049,ACEMDLB14SF006049,CLI-00188,SUC-006,Argentina,Model B,2025
EV-ACME-06050,ACEMDLD15TJ006050,CLI-00647,SUC-009,Panamá,Model D,2026
EV-ACME-06051,ACEMDLE13TD006051,CLI-00055,SUC-004,Costa Rica,Model E,2026
EV-ACME-06052,ACEMDLF15SJ006052,CLI-00119,SUC-009,Panamá,Model F,2025
EV-ACME-06053,ACEMDLC10SG006053,CLI-00772,SUC-007,Canadá,Model C,2025
EV-ACME-06054,ACEMDLE14RJ006054,CLI-00843,SUC-009,Panamá,Model E,2024
EV-ACME-06055,ACEMDLE12SD006055,CLI-00148,SUC-004,Costa Rica,Model E,2025
EV-ACME-06056,ACEMDLD11RH006056,CLI-00123,SUC-008,Chile,Model D,2024
EV-ACME-06057,ACEMDLC16RD006057,CLI-00649,SUC-004,Costa Rica,Model C,2024
EV-ACME-06058,ACEMDLB14TE006058,CLI-00032,SUC-005,Colombia,Model B,2026
EV-ACME-06059,ACEMDLA11SD006059,CLI-00827,SUC-004,Costa Rica,Model A,2025
EV-ACME-06060,ACEMDLE12TC006060,CLI-00215,SUC-003,Honduras,Model E,2026
EV-ACME-06061,ACEMDLE17TA006061,CLI-00704,SUC-001,México,Model E,2026
EV-ACME-06062,ACEMDLF17SJ006062,CLI-00867,SUC-009,Panamá,Model F,2025
EV-ACME-06063,ACEMDLF17RE006063,CLI-00832,SUC-005,Colombia,Model F,2024
EV-ACME-06064,ACEMDLF17RD006064,CLI-00031,SUC-004,Costa Rica,Model F,2024
EV-ACME-06065,ACEMDLF19TG006065,CLI-00576,SUC-007,Canadá,Model F,2026
EV-ACME-06066,ACEMDLA17RD006066,CLI-00419,SUC-004,Costa Rica,Model A,2024
EV-ACME-06067,ACEMDLC16RD006067,CLI-00920,SUC-004,Costa Rica,Model C,2024
EV-ACME-06068,ACEMDLD18TC006068,CLI-00136,SUC-003,Honduras,Model D,2026
EV-ACME-06069,ACEMDLE11SA006069,CLI-00234,SUC-001,México,Model E,2025
EV-ACME-06070,ACEMDLF10SE006070,CLI-00953,SUC-005,Colombia,Model F,2025
EV-ACME-06071,ACEMDLD11RC006071,CLI-00162,SUC-003,Honduras,Model D,2024
EV-ACME-06072,ACEMDLE13RH006072,CLI-00696,SUC-008,Chile,Model E,2024
EV-ACME-06073,ACEMDLC11SH006073,CLI-00830,SUC-008,Chile,Model C,2025
EV-ACME-06074,ACEMDLB17RA006074,CLI-00058,SUC-001,México,Model B,2024
EV-ACME-06075,ACEMDLD17RB006075,CLI-00002,SUC-002,Guatemala,Model D,2024
EV-ACME-06076,ACEMDLA18TG006076,CLI-00288,SUC-007,Canadá,Model A,2026
EV-ACME-06077,ACEMDLD18RD006077,CLI-00369,SUC-004,Costa Rica,Model D,2024
EV-ACME-06078,ACEMDLE12SB006078,CLI-00997,SUC-002,Guatemala,Model E,2025
EV-ACME-06079,ACEMDLB13SJ006079,CLI-00880,SUC-009,Panamá,Model B,2025
EV-ACME-06080,ACEMDLA11RA006080,CLI-00906,SUC-001,México,Model A,2024
EV-ACME-06081,ACEMDLB18TD006081,CLI-00481,SUC-004,Costa Rica,Model B,2026
EV-ACME-06082,ACEMDLE16SF006082,CLI-00289,SUC-006,Argentina,Model E,2025
EV-ACME-06083,ACEMDLA11SJ006083,CLI-00168,SUC-009,Panamá,Model A,2025
EV-ACME-06084,ACEMDLD14RD006084,CLI-00291,SUC-004,Costa Rica,Model D,2024
EV-ACME-06085,ACEMDLF13RJ006085,CLI-00120,SUC-009,Panamá,Model F,2024
EV-ACME-06086,ACEMDLE13RB006086,CLI-00716,SUC-002,Guatemala,Model E,2024
EV-ACME-06087,ACEMDLF17TG006087,CLI-00106,SUC-007,Canadá,Model F,2026
EV-ACME-06088,ACEMDLA16TG006088,CLI-00671,SUC-007,Canadá,Model A,2026
EV-ACME-06089,ACEMDLD13SB006089,CLI-00277,SUC-002,Guatemala,Model D,2025
EV-ACME-06090,ACEMDLB11TC006090,CLI-00842,SUC-003,Honduras,Model B,2026
EV-ACME-06091,ACEMDLE19SF006091,CLI-00110,SUC-006,Argentina,Model E,2025
EV-ACME-06092,ACEMDLC18RD006092,CLI-00433,SUC-004,Costa Rica,Model C,2024
EV-ACME-06093,ACEMDLF17RK006093,CLI-00024,SUC-010,Perú,Model F,2024
EV-ACME-06094,ACEMDLC18RG006094,CLI-00294,SUC-007,Canadá,Model C,2024
EV-ACME-06095,ACEMDLE13RD006095,CLI-00433,SUC-004,Costa Rica,Model E,2024
EV-ACME-06096,ACEMDLF16TK006096,CLI-00325,SUC-010,Perú,Model F,2026
EV-ACME-06097,ACEMDLA19RJ006097,CLI-00632,SUC-009,Panamá,Model A,2024
EV-ACME-06098,ACEMDLC14SC006098,CLI-00209,SUC-003,Honduras,Model C,2025
EV-ACME-06099,ACEMDLE15SJ006099,CLI-00496,SUC-009,Panamá,Model E,2025
EV-ACME-06100,ACEMDLA12RK006100,CLI-00416,SUC-010,Perú,Model A,2024
EV-ACME-06101,ACEMDLC13SB006101,CLI-00616,SUC-002,Guatemala,Model C,2025
EV-ACME-06102,ACEMDLE18RH006102,CLI-00134,SUC-008,Chile,Model E,2024
EV-ACME-06103,ACEMDLF13SH006103,CLI-00739,SUC-008,Chile,Model F,2025
EV-ACME-06104,ACEMDLA19RA006104,CLI-00584,SUC-001,México,Model A,2024
EV-ACME-06105,ACEMDLC13RE006105,CLI-00052,SUC-005,Colombia,Model C,2024
EV-ACME-06106,ACEMDLD18TF006106,CLI-00244,SUC-006,Argentina,Model D,2026
EV-ACME-06107,ACEMDLB15RK006107,CLI-00858,SUC-010,Perú,Model B,2024
EV-ACME-06108,ACEMDLF12SF006108,CLI-00083,SUC-006,Argentina,Model F,2025
EV-ACME-06109,ACEMDLA16RJ006109,CLI-00940,SUC-009,Panamá,Model A,2024
EV-ACME-06110,ACEMDLE17SH006110,CLI-00830,SUC-008,Chile,Model E,2025
EV-ACME-06111,ACEMDLC11TJ006111,CLI-00115,SUC-009,Panamá,Model C,2026
EV-ACME-06112,ACEMDLB17SD006112,CLI-00249,SUC-004,Costa Rica,Model B,2025
EV-ACME-06113,ACEMDLB19SF006113,CLI-00911,SUC-006,Argentina,Model B,2025
EV-ACME-06114,ACEMDLF15SD006114,CLI-00921,SUC-004,Costa Rica,Model F,2025
EV-ACME-06115,ACEMDLF19TF006115,CLI-00738,SUC-006,Argentina,Model F,2026
EV-ACME-06116,ACEMDLF17SH006116,CLI-00608,SUC-008,Chile,Model F,2025
EV-ACME-06117,ACEMDLF15SA006117,CLI-00041,SUC-001,México,Model F,2025
EV-ACME-06118,ACEMDLC19RA006118,CLI-00103,SUC-001,México,Model C,2024
EV-ACME-06119,ACEMDLF18SE006119,CLI-00437,SUC-005,Colombia,Model F,2025
EV-ACME-06120,ACEMDLB13TC006120,CLI-00525,SUC-003,Honduras,Model B,2026
EV-ACME-06121,ACEMDLC14RA006121,CLI-00403,SUC-001,México,Model C,2024
EV-ACME-06122,ACEMDLF13RG006122,CLI-00762,SUC-007,Canadá,Model F,2024
EV-ACME-06123,ACEMDLC12RE006123,CLI-00358,SUC-005,Colombia,Model C,2024
EV-ACME-06124,ACEMDLE19SK006124,CLI-00491,SUC-010,Perú,Model E,2025
EV-ACME-06125,ACEMDLD13SF006125,CLI-00476,SUC-006,Argentina,Model D,2025
EV-ACME-06126,ACEMDLB19SC006126,CLI-00162,SUC-003,Honduras,Model B,2025
EV-ACME-06127,ACEMDLA16SG006127,CLI-00448,SUC-007,Canadá,Model A,2025
EV-ACME-06128,ACEMDLC13RF006128,CLI-00577,SUC-006,Argentina,Model C,2024
EV-ACME-06129,ACEMDLA18TC006129,CLI-00255,SUC-003,Honduras,Model A,2026
EV-ACME-06130,ACEMDLC15RC006130,CLI-00848,SUC-003,Honduras,Model C,2024
EV-ACME-06131,ACEMDLB19RA006131,CLI-00745,SUC-001,México,Model B,2024
EV-ACME-06132,ACEMDLC17TD006132,CLI-00920,SUC-004,Costa Rica,Model C,2026
EV-ACME-06133,ACEMDLB13TJ006133,CLI-00496,SUC-009,Panamá,Model B,2026
EV-ACME-06134,ACEMDLE19TK006134,CLI-00094,SUC-010,Perú,Model E,2026
EV-ACME-06135,ACEMDLE16SC006135,CLI-00525,SUC-003,Honduras,Model E,2025
EV-ACME-06136,ACEMDLA18RF006136,CLI-00865,SUC-006,Argentina,Model A,2024
EV-ACME-06137,ACEMDLC14TA006137,CLI-00315,SUC-001,México,Model C,2026
EV-ACME-06138,ACEMDLC16SA006138,CLI-00730,SUC-001,México,Model C,2025
EV-ACME-06139,ACEMDLF15RD006139,CLI-00125,SUC-004,Costa Rica,Model F,2024
EV-ACME-06140,ACEMDLF10SE006140,CLI-00497,SUC-005,Colombia,Model F,2025
EV-ACME-06141,ACEMDLD16TD006141,CLI-00278,SUC-004,Costa Rica,Model D,2026
EV-ACME-06142,ACEMDLF18SK006142,CLI-00569,SUC-010,Perú,Model F,2025
EV-ACME-06143,ACEMDLF15SF006143,CLI-00522,SUC-006,Argentina,Model F,2025
EV-ACME-06144,ACEMDLA17TB006144,CLI-00145,SUC-002,Guatemala,Model A,2026
EV-ACME-06145,ACEMDLA12SF006145,CLI-00872,SUC-006,Argentina,Model A,2025
EV-ACME-06146,ACEMDLB14SC006146,CLI-00183,SUC-003,Honduras,Model B,2025
EV-ACME-06147,ACEMDLB16SG006147,CLI-00576,SUC-007,Canadá,Model B,2025
EV-ACME-06148,ACEMDLC17SH006148,CLI-00780,SUC-008,Chile,Model C,2025
EV-ACME-06149,ACEMDLC13SC006149,CLI-00976,SUC-003,Honduras,Model C,2025
EV-ACME-06150,ACEMDLC19TC006150,CLI-00430,SUC-003,Honduras,Model C,2026
EV-ACME-06151,ACEMDLD18SK006151,CLI-00851,SUC-010,Perú,Model D,2025
EV-ACME-06152,ACEMDLB18SK006152,CLI-00795,SUC-010,Perú,Model B,2025
EV-ACME-06153,ACEMDLC15TK006153,CLI-00024,SUC-010,Perú,Model C,2026
EV-ACME-06154,ACEMDLC15RB006154,CLI-00421,SUC-002,Guatemala,Model C,2024
EV-ACME-06155,ACEMDLD16SA006155,CLI-00361,SUC-001,México,Model D,2025
EV-ACME-06156,ACEMDLA16RB006156,CLI-00653,SUC-002,Guatemala,Model A,2024
EV-ACME-06157,ACEMDLB10RK006157,CLI-00169,SUC-010,Perú,Model B,2024
EV-ACME-06158,ACEMDLD15SC006158,CLI-00699,SUC-003,Honduras,Model D,2025
EV-ACME-06159,ACEMDLE17SH006159,CLI-00089,SUC-008,Chile,Model E,2025
EV-ACME-06160,ACEMDLB14RD006160,CLI-00683,SUC-004,Costa Rica,Model B,2024
EV-ACME-06161,ACEMDLB17RH006161,CLI-00556,SUC-008,Chile,Model B,2024
EV-ACME-06162,ACEMDLD16TH006162,CLI-00860,SUC-008,Chile,Model D,2026
EV-ACME-06163,ACEMDLD16RE006163,CLI-00665,SUC-005,Colombia,Model D,2024
EV-ACME-06164,ACEMDLB16SG006164,CLI-00092,SUC-007,Canadá,Model B,2025
EV-ACME-06165,ACEMDLA12RB006165,CLI-00640,SUC-002,Guatemala,Model A,2024
EV-ACME-06166,ACEMDLF17RJ006166,CLI-00973,SUC-009,Panamá,Model F,2024
EV-ACME-06167,ACEMDLD19RE006167,CLI-00825,SUC-005,Colombia,Model D,2024
EV-ACME-06168,ACEMDLE13SA006168,CLI-00081,SUC-001,México,Model E,2025
EV-ACME-06169,ACEMDLE12TJ006169,CLI-00402,SUC-009,Panamá,Model E,2026
EV-ACME-06170,ACEMDLC14TG006170,CLI-00467,SUC-007,Canadá,Model C,2026
EV-ACME-06171,ACEMDLD16SC006171,CLI-00415,SUC-003,Honduras,Model D,2025
EV-ACME-06172,ACEMDLA14TJ006172,CLI-00115,SUC-009,Panamá,Model A,2026
EV-ACME-06173,ACEMDLA15RB006173,CLI-00849,SUC-002,Guatemala,Model A,2024
EV-ACME-06174,ACEMDLC14SC006174,CLI-00504,SUC-003,Honduras,Model C,2025
EV-ACME-06175,ACEMDLD14SK006175,CLI-00729,SUC-010,Perú,Model D,2025
EV-ACME-06176,ACEMDLB16TK006176,CLI-00484,SUC-010,Perú,Model B,2026
EV-ACME-06177,ACEMDLC17SD006177,CLI-00669,SUC-004,Costa Rica,Model C,2025
EV-ACME-06178,ACEMDLC16RA006178,CLI-00660,SUC-001,México,Model C,2024
EV-ACME-06179,ACEMDLD10RE006179,CLI-00592,SUC-005,Colombia,Model D,2024
EV-ACME-06180,ACEMDLB19SF006180,CLI-00738,SUC-006,Argentina,Model B,2025
EV-ACME-06181,ACEMDLF14SA006181,CLI-00943,SUC-001,México,Model F,2025
EV-ACME-06182,ACEMDLF10RK006182,CLI-00569,SUC-010,Perú,Model F,2024
EV-ACME-06183,ACEMDLE19RC006183,CLI-00253,SUC-003,Honduras,Model E,2024
EV-ACME-06184,ACEMDLB15TG006184,CLI-00560,SUC-007,Canadá,Model B,2026
EV-ACME-06185,ACEMDLC14SC006185,CLI-00986,SUC-003,Honduras,Model C,2025
EV-ACME-06186,ACEMDLE14TD006186,CLI-00669,SUC-004,Costa Rica,Model E,2026
EV-ACME-06187,ACEMDLD18SK006187,CLI-00960,SUC-010,Perú,Model D,2025
EV-ACME-06188,ACEMDLD13SD006188,CLI-00787,SUC-004,Costa Rica,Model D,2025
EV-ACME-06189,ACEMDLC12TH006189,CLI-00006,SUC-008,Chile,Model C,2026
EV-ACME-06190,ACEMDLB17TE006190,CLI-00132,SUC-005,Colombia,Model B,2026
EV-ACME-06191,ACEMDLC11TD006191,CLI-01000,SUC-004,Costa Rica,Model C,2026
EV-ACME-06192,ACEMDLF11SE006192,CLI-00847,SUC-005,Colombia,Model F,2025
EV-ACME-06193,ACEMDLB17RG006193,CLI-00445,SUC-007,Canadá,Model B,2024
EV-ACME-06194,ACEMDLF15TD006194,CLI-00702,SUC-004,Costa Rica,Model F,2026
EV-ACME-06195,ACEMDLA19RH006195,CLI-00073,SUC-008,Chile,Model A,2024
EV-ACME-06196,ACEMDLD12RH006196,CLI-00894,SUC-008,Chile,Model D,2024
EV-ACME-06197,ACEMDLE17TD006197,CLI-00971,SUC-004,Costa Rica,Model E,2026
EV-ACME-06198,ACEMDLC11TJ006198,CLI-00648,SUC-009,Panamá,Model C,2026
EV-ACME-06199,ACEMDLC12SK006199,CLI-00935,SUC-010,Perú,Model C,2025
EV-ACME-06200,ACEMDLB11RC006200,CLI-00432,SUC-003,Honduras,Model B,2024
EV-ACME-06201,ACEMDLA16RA006201,CLI-00273,SUC-001,México,Model A,2024
EV-ACME-06202,ACEMDLA10SG006202,CLI-00040,SUC-007,Canadá,Model A,2025
EV-ACME-06203,ACEMDLF13TJ006203,CLI-00044,SUC-009,Panamá,Model F,2026
EV-ACME-06204,ACEMDLF14RF006204,CLI-00146,SUC-006,Argentina,Model F,2024
EV-ACME-06205,ACEMDLD15TD006205,CLI-00027,SUC-004,Costa Rica,Model D,2026
EV-ACME-06206,ACEMDLF13RB006206,CLI-00933,SUC-002,Guatemala,Model F,2024
EV-ACME-06207,ACEMDLA17RA006207,CLI-00661,SUC-001,México,Model A,2024
EV-ACME-06208,ACEMDLD13TD006208,CLI-00093,SUC-004,Costa Rica,Model D,2026
EV-ACME-06209,ACEMDLE16SG006209,CLI-00445,SUC-007,Canadá,Model E,2025
EV-ACME-06210,ACEMDLB15TD006210,CLI-00051,SUC-004,Costa Rica,Model B,2026
EV-ACME-06211,ACEMDLE17TF006211,CLI-00171,SUC-006,Argentina,Model E,2026
EV-ACME-06212,ACEMDLD13SH006212,CLI-00508,SUC-008,Chile,Model D,2025
EV-ACME-06213,ACEMDLA18RC006213,CLI-00263,SUC-003,Honduras,Model A,2024
EV-ACME-06214,ACEMDLD17SC006214,CLI-00255,SUC-003,Honduras,Model D,2025
EV-ACME-06215,ACEMDLE18TH006215,CLI-00016,SUC-008,Chile,Model E,2026
EV-ACME-06216,ACEMDLA12SE006216,CLI-00497,SUC-005,Colombia,Model A,2025
EV-ACME-06217,ACEMDLF17RF006217,CLI-00630,SUC-006,Argentina,Model F,2024
EV-ACME-06218,ACEMDLD13RE006218,CLI-00450,SUC-005,Colombia,Model D,2024
EV-ACME-06219,ACEMDLD16RB006219,CLI-00756,SUC-002,Guatemala,Model D,2024
EV-ACME-06220,ACEMDLD15SE006220,CLI-00413,SUC-005,Colombia,Model D,2025
EV-ACME-06221,ACEMDLE12SF006221,CLI-00893,SUC-006,Argentina,Model E,2025
EV-ACME-06222,ACEMDLB11TE006222,CLI-00958,SUC-005,Colombia,Model B,2026
EV-ACME-06223,ACEMDLA13TB006223,CLI-00640,SUC-002,Guatemala,Model A,2026
EV-ACME-06224,ACEMDLD17TD006224,CLI-00901,SUC-004,Costa Rica,Model D,2026
EV-ACME-06225,ACEMDLE18TJ006225,CLI-00184,SUC-009,Panamá,Model E,2026
EV-ACME-06226,ACEMDLB10SK006226,CLI-00641,SUC-010,Perú,Model B,2025
EV-ACME-06227,ACEMDLA14SC006227,CLI-00536,SUC-003,Honduras,Model A,2025
EV-ACME-06228,ACEMDLD15RA006228,CLI-00382,SUC-001,México,Model D,2024
EV-ACME-06229,ACEMDLA14RB006229,CLI-00941,SUC-002,Guatemala,Model A,2024
EV-ACME-06230,ACEMDLA11RK006230,CLI-00147,SUC-010,Perú,Model A,2024
EV-ACME-06231,ACEMDLC11RG006231,CLI-00106,SUC-007,Canadá,Model C,2024
EV-ACME-06232,ACEMDLF14RJ006232,CLI-00449,SUC-009,Panamá,Model F,2024
EV-ACME-06233,ACEMDLC18TK006233,CLI-00945,SUC-010,Perú,Model C,2026
EV-ACME-06234,ACEMDLB10TC006234,CLI-00053,SUC-003,Honduras,Model B,2026
EV-ACME-06235,ACEMDLD17RK006235,CLI-00528,SUC-010,Perú,Model D,2024
EV-ACME-06236,ACEMDLE18TK006236,CLI-00024,SUC-010,Perú,Model E,2026
EV-ACME-06237,ACEMDLD16RE006237,CLI-00479,SUC-005,Colombia,Model D,2024
EV-ACME-06238,ACEMDLE19TH006238,CLI-00134,SUC-008,Chile,Model E,2026
EV-ACME-06239,ACEMDLD19TJ006239,CLI-00973,SUC-009,Panamá,Model D,2026
EV-ACME-06240,ACEMDLA11RJ006240,CLI-00902,SUC-009,Panamá,Model A,2024
EV-ACME-06241,ACEMDLB15TJ006241,CLI-00703,SUC-009,Panamá,Model B,2026
EV-ACME-06242,ACEMDLE14SD006242,CLI-00882,SUC-004,Costa Rica,Model E,2025
EV-ACME-06243,ACEMDLD14TC006243,CLI-00525,SUC-003,Honduras,Model D,2026
EV-ACME-06244,ACEMDLE18TD006244,CLI-00882,SUC-004,Costa Rica,Model E,2026
EV-ACME-06245,ACEMDLE11TF006245,CLI-00911,SUC-006,Argentina,Model E,2026
EV-ACME-06246,ACEMDLD18TF006246,CLI-00956,SUC-006,Argentina,Model D,2026
EV-ACME-06247,ACEMDLA12SK006247,CLI-00149,SUC-010,Perú,Model A,2025
EV-ACME-06248,ACEMDLF14RA006248,CLI-00660,SUC-001,México,Model F,2024
EV-ACME-06249,ACEMDLB15TG006249,CLI-00092,SUC-007,Canadá,Model B,2026
EV-ACME-06250,ACEMDLB12SA006250,CLI-00989,SUC-001,México,Model B,2025
EV-ACME-06251,ACEMDLC16SJ006251,CLI-00348,SUC-009,Panamá,Model C,2025
EV-ACME-06252,ACEMDLE15TK006252,CLI-00416,SUC-010,Perú,Model E,2026
EV-ACME-06253,ACEMDLB14SC006253,CLI-00826,SUC-003,Honduras,Model B,2025
EV-ACME-06254,ACEMDLF19RB006254,CLI-00300,SUC-002,Guatemala,Model F,2024
EV-ACME-06255,ACEMDLF15TE006255,CLI-00708,SUC-005,Colombia,Model F,2026
EV-ACME-06256,ACEMDLA15TC006256,CLI-00197,SUC-003,Honduras,Model A,2026
EV-ACME-06257,ACEMDLC15RC006257,CLI-00667,SUC-003,Honduras,Model C,2024
EV-ACME-06258,ACEMDLA14RB006258,CLI-00640,SUC-002,Guatemala,Model A,2024
EV-ACME-06259,ACEMDLA15RK006259,CLI-00342,SUC-010,Perú,Model A,2024
EV-ACME-06260,ACEMDLA11RK006260,CLI-00461,SUC-010,Perú,Model A,2024
EV-ACME-06261,ACEMDLD11TD006261,CLI-00827,SUC-004,Costa Rica,Model D,2026
EV-ACME-06262,ACEMDLD18RC006262,CLI-00039,SUC-003,Honduras,Model D,2024
EV-ACME-06263,ACEMDLD19TE006263,CLI-00303,SUC-005,Colombia,Model D,2026
EV-ACME-06264,ACEMDLB16SK006264,CLI-00149,SUC-010,Perú,Model B,2025
EV-ACME-06265,ACEMDLD13RB006265,CLI-00088,SUC-002,Guatemala,Model D,2024
EV-ACME-06266,ACEMDLB14RJ006266,CLI-00813,SUC-009,Panamá,Model B,2024
EV-ACME-06267,ACEMDLF15RD006267,CLI-00381,SUC-004,Costa Rica,Model F,2024
EV-ACME-06268,ACEMDLC10SJ006268,CLI-00950,SUC-009,Panamá,Model C,2025
EV-ACME-06269,ACEMDLE15TJ006269,CLI-00829,SUC-009,Panamá,Model E,2026
EV-ACME-06270,ACEMDLD13SD006270,CLI-00428,SUC-004,Costa Rica,Model D,2025
EV-ACME-06271,ACEMDLE13TC006271,CLI-00892,SUC-003,Honduras,Model E,2026
EV-ACME-06272,ACEMDLD19TC006272,CLI-00914,SUC-003,Honduras,Model D,2026
EV-ACME-06273,ACEMDLF15SF006273,CLI-00678,SUC-006,Argentina,Model F,2025
EV-ACME-06274,ACEMDLF16SH006274,CLI-00138,SUC-008,Chile,Model F,2025
EV-ACME-06275,ACEMDLD15SC006275,CLI-00376,SUC-003,Honduras,Model D,2025
EV-ACME-06276,ACEMDLB18RC006276,CLI-00430,SUC-003,Honduras,Model B,2024
EV-ACME-06277,ACEMDLB14RK006277,CLI-00137,SUC-010,Perú,Model B,2024
EV-ACME-06278,ACEMDLD12SE006278,CLI-00797,SUC-005,Colombia,Model D,2025
EV-ACME-06279,ACEMDLB11SA006279,CLI-00814,SUC-001,México,Model B,2025
EV-ACME-06280,ACEMDLE17TD006280,CLI-00061,SUC-004,Costa Rica,Model E,2026
EV-ACME-06281,ACEMDLC13RE006281,CLI-00955,SUC-005,Colombia,Model C,2024
EV-ACME-06282,ACEMDLC19SB006282,CLI-00424,SUC-002,Guatemala,Model C,2025
EV-ACME-06283,ACEMDLC11RJ006283,CLI-00597,SUC-009,Panamá,Model C,2024
EV-ACME-06284,ACEMDLB16RF006284,CLI-00944,SUC-006,Argentina,Model B,2024
EV-ACME-06285,ACEMDLE18TC006285,CLI-00463,SUC-003,Honduras,Model E,2026
EV-ACME-06286,ACEMDLC16RK006286,CLI-00484,SUC-010,Perú,Model C,2024
EV-ACME-06287,ACEMDLC14SE006287,CLI-00048,SUC-005,Colombia,Model C,2025
EV-ACME-06288,ACEMDLC13SF006288,CLI-00036,SUC-006,Argentina,Model C,2025
EV-ACME-06289,ACEMDLF14TJ006289,CLI-00951,SUC-009,Panamá,Model F,2026
EV-ACME-06290,ACEMDLB14TE006290,CLI-00373,SUC-005,Colombia,Model B,2026
EV-ACME-06291,ACEMDLF10SE006291,CLI-00521,SUC-005,Colombia,Model F,2025
EV-ACME-06292,ACEMDLD15TA006292,CLI-00066,SUC-001,México,Model D,2026
EV-ACME-06293,ACEMDLA10TD006293,CLI-00917,SUC-004,Costa Rica,Model A,2026
EV-ACME-06294,ACEMDLB16TA006294,CLI-00992,SUC-001,México,Model B,2026
EV-ACME-06295,ACEMDLF13TA006295,CLI-00890,SUC-001,México,Model F,2026
EV-ACME-06296,ACEMDLD11SK006296,CLI-00489,SUC-010,Perú,Model D,2025
EV-ACME-06297,ACEMDLA11TK006297,CLI-00714,SUC-010,Perú,Model A,2026
EV-ACME-06298,ACEMDLD15RA006298,CLI-00210,SUC-001,México,Model D,2024
EV-ACME-06299,ACEMDLF10RC006299,CLI-00039,SUC-003,Honduras,Model F,2024
EV-ACME-06300,ACEMDLF14RA006300,CLI-00730,SUC-001,México,Model F,2024
EV-ACME-06301,ACEMDLC14RF006301,CLI-00166,SUC-006,Argentina,Model C,2024
EV-ACME-06302,ACEMDLC10SC006302,CLI-00236,SUC-003,Honduras,Model C,2025
EV-ACME-06303,ACEMDLE14SD006303,CLI-00327,SUC-004,Costa Rica,Model E,2025
EV-ACME-06304,ACEMDLC15TC006304,CLI-00086,SUC-003,Honduras,Model C,2026
EV-ACME-06305,ACEMDLB16TJ006305,CLI-00506,SUC-009,Panamá,Model B,2026
EV-ACME-06306,ACEMDLB14TC006306,CLI-00472,SUC-003,Honduras,Model B,2026
EV-ACME-06307,ACEMDLE15RE006307,CLI-00573,SUC-005,Colombia,Model E,2024
EV-ACME-06308,ACEMDLD16TK006308,CLI-00711,SUC-010,Perú,Model D,2026
EV-ACME-06309,ACEMDLE16TF006309,CLI-00987,SUC-006,Argentina,Model E,2026
EV-ACME-06310,ACEMDLA12TD006310,CLI-00419,SUC-004,Costa Rica,Model A,2026
EV-ACME-06311,ACEMDLE13TE006311,CLI-00373,SUC-005,Colombia,Model E,2026
EV-ACME-06312,ACEMDLC13TB006312,CLI-00790,SUC-002,Guatemala,Model C,2026
EV-ACME-06313,ACEMDLD10TC006313,CLI-00583,SUC-003,Honduras,Model D,2026
EV-ACME-06314,ACEMDLF18TJ006314,CLI-00099,SUC-009,Panamá,Model F,2026
EV-ACME-06315,ACEMDLC18TE006315,CLI-00985,SUC-005,Colombia,Model C,2026
EV-ACME-06316,ACEMDLB11TD006316,CLI-00381,SUC-004,Costa Rica,Model B,2026
EV-ACME-06317,ACEMDLF18RH006317,CLI-00267,SUC-008,Chile,Model F,2024
EV-ACME-06318,ACEMDLC17RF006318,CLI-00626,SUC-006,Argentina,Model C,2024
EV-ACME-06319,ACEMDLA13RA006319,CLI-00287,SUC-001,México,Model A,2024
EV-ACME-06320,ACEMDLD12RG006320,CLI-00539,SUC-007,Canadá,Model D,2024
EV-ACME-06321,ACEMDLD11RK006321,CLI-00471,SUC-010,Perú,Model D,2024
EV-ACME-06322,ACEMDLD16RD006322,CLI-00535,SUC-004,Costa Rica,Model D,2024
EV-ACME-06323,ACEMDLE15SC006323,CLI-00871,SUC-003,Honduras,Model E,2025
EV-ACME-06324,ACEMDLA15TK006324,CLI-00758,SUC-010,Perú,Model A,2026
EV-ACME-06325,ACEMDLB10SD006325,CLI-00636,SUC-004,Costa Rica,Model B,2025
EV-ACME-06326,ACEMDLB12RE006326,CLI-00054,SUC-005,Colombia,Model B,2024
EV-ACME-06327,ACEMDLA18TK006327,CLI-00729,SUC-010,Perú,Model A,2026
EV-ACME-06328,ACEMDLE13TG006328,CLI-00294,SUC-007,Canadá,Model E,2026
EV-ACME-06329,ACEMDLF13SH006329,CLI-00375,SUC-008,Chile,Model F,2025
EV-ACME-06330,ACEMDLB17SG006330,CLI-00524,SUC-007,Canadá,Model B,2025
EV-ACME-06331,ACEMDLB11TD006331,CLI-00419,SUC-004,Costa Rica,Model B,2026
EV-ACME-06332,ACEMDLE11RE006332,CLI-00958,SUC-005,Colombia,Model E,2024
EV-ACME-06333,ACEMDLF18RC006333,CLI-00731,SUC-003,Honduras,Model F,2024
EV-ACME-06334,ACEMDLE13SF006334,CLI-00668,SUC-006,Argentina,Model E,2025
EV-ACME-06335,ACEMDLD18TK006335,CLI-00945,SUC-010,Perú,Model D,2026
EV-ACME-06336,ACEMDLD18RJ006336,CLI-00712,SUC-009,Panamá,Model D,2024
EV-ACME-06337,ACEMDLC11RF006337,CLI-00606,SUC-006,Argentina,Model C,2024
EV-ACME-06338,ACEMDLD18TG006338,CLI-00445,SUC-007,Canadá,Model D,2026
EV-ACME-06339,ACEMDLA15TG006339,CLI-00439,SUC-007,Canadá,Model A,2026
EV-ACME-06340,ACEMDLD18RF006340,CLI-00104,SUC-006,Argentina,Model D,2024
EV-ACME-06341,ACEMDLD14SF006341,CLI-00824,SUC-006,Argentina,Model D,2025
EV-ACME-06342,ACEMDLE11RE006342,CLI-00295,SUC-005,Colombia,Model E,2024
EV-ACME-06343,ACEMDLE13TE006343,CLI-00059,SUC-005,Colombia,Model E,2026
EV-ACME-06344,ACEMDLB17TK006344,CLI-00789,SUC-010,Perú,Model B,2026
EV-ACME-06345,ACEMDLC10SB006345,CLI-00185,SUC-002,Guatemala,Model C,2025
EV-ACME-06346,ACEMDLC16TC006346,CLI-00320,SUC-003,Honduras,Model C,2026
EV-ACME-06347,ACEMDLB14RH006347,CLI-00130,SUC-008,Chile,Model B,2024
EV-ACME-06348,ACEMDLD17SC006348,CLI-00183,SUC-003,Honduras,Model D,2025
EV-ACME-06349,ACEMDLD12RF006349,CLI-00241,SUC-006,Argentina,Model D,2024
EV-ACME-06350,ACEMDLD17RB006350,CLI-00619,SUC-002,Guatemala,Model D,2024
EV-ACME-06351,ACEMDLF17TK006351,CLI-00912,SUC-010,Perú,Model F,2026
EV-ACME-06352,ACEMDLD11RK006352,CLI-00325,SUC-010,Perú,Model D,2024
EV-ACME-06353,ACEMDLC18TC006353,CLI-00888,SUC-003,Honduras,Model C,2026
EV-ACME-06354,ACEMDLF16RG006354,CLI-00321,SUC-007,Canadá,Model F,2024
EV-ACME-06355,ACEMDLF18TH006355,CLI-00588,SUC-008,Chile,Model F,2026
EV-ACME-06356,ACEMDLC14RK006356,CLI-00633,SUC-010,Perú,Model C,2024
EV-ACME-06357,ACEMDLE19SF006357,CLI-00418,SUC-006,Argentina,Model E,2025
EV-ACME-06358,ACEMDLC14RC006358,CLI-00818,SUC-003,Honduras,Model C,2024
EV-ACME-06359,ACEMDLB15TJ006359,CLI-00049,SUC-009,Panamá,Model B,2026
EV-ACME-06360,ACEMDLC14RF006360,CLI-00865,SUC-006,Argentina,Model C,2024
EV-ACME-06361,ACEMDLB11RF006361,CLI-00782,SUC-006,Argentina,Model B,2024
EV-ACME-06362,ACEMDLB15RE006362,CLI-00365,SUC-005,Colombia,Model B,2024
EV-ACME-06363,ACEMDLA17SD006363,CLI-00433,SUC-004,Costa Rica,Model A,2025
EV-ACME-06364,ACEMDLE17RD006364,CLI-00027,SUC-004,Costa Rica,Model E,2024
EV-ACME-06365,ACEMDLF14SK006365,CLI-00275,SUC-010,Perú,Model F,2025
EV-ACME-06366,ACEMDLD12SB006366,CLI-00243,SUC-002,Guatemala,Model D,2025
EV-ACME-06367,ACEMDLF10SC006367,CLI-00791,SUC-003,Honduras,Model F,2025
EV-ACME-06368,ACEMDLB13SC006368,CLI-00307,SUC-003,Honduras,Model B,2025
EV-ACME-06369,ACEMDLD11TD006369,CLI-00996,SUC-004,Costa Rica,Model D,2026
EV-ACME-06370,ACEMDLC11SE006370,CLI-00238,SUC-005,Colombia,Model C,2025
EV-ACME-06371,ACEMDLF15TB006371,CLI-00652,SUC-002,Guatemala,Model F,2026
EV-ACME-06372,ACEMDLE19SG006372,CLI-00773,SUC-007,Canadá,Model E,2025
EV-ACME-06373,ACEMDLB14SB006373,CLI-00774,SUC-002,Guatemala,Model B,2025
EV-ACME-06374,ACEMDLF18SE006374,CLI-00579,SUC-005,Colombia,Model F,2025
EV-ACME-06375,ACEMDLF10RF006375,CLI-00420,SUC-006,Argentina,Model F,2024
EV-ACME-06376,ACEMDLC10RA006376,CLI-00292,SUC-001,México,Model C,2024
EV-ACME-06377,ACEMDLD14TE006377,CLI-00955,SUC-005,Colombia,Model D,2026
EV-ACME-06378,ACEMDLF11SJ006378,CLI-00377,SUC-009,Panamá,Model F,2025
EV-ACME-06379,ACEMDLD18SG006379,CLI-00620,SUC-007,Canadá,Model D,2025
EV-ACME-06380,ACEMDLC15RA006380,CLI-00126,SUC-001,México,Model C,2024
EV-ACME-06381,ACEMDLE18TK006381,CLI-00310,SUC-010,Perú,Model E,2026
EV-ACME-06382,ACEMDLD14RF006382,CLI-00485,SUC-006,Argentina,Model D,2024
EV-ACME-06383,ACEMDLB19RC006383,CLI-00442,SUC-003,Honduras,Model B,2024
EV-ACME-06384,ACEMDLC11RE006384,CLI-00246,SUC-005,Colombia,Model C,2024
EV-ACME-06385,ACEMDLE14RG006385,CLI-00938,SUC-007,Canadá,Model E,2024
EV-ACME-06386,ACEMDLB17TK006386,CLI-00461,SUC-010,Perú,Model B,2026
EV-ACME-06387,ACEMDLE11TE006387,CLI-00224,SUC-005,Colombia,Model E,2026
EV-ACME-06388,ACEMDLF15TF006388,CLI-00180,SUC-006,Argentina,Model F,2026
EV-ACME-06389,ACEMDLA17RC006389,CLI-00030,SUC-003,Honduras,Model A,2024
EV-ACME-06390,ACEMDLA12TB006390,CLI-00407,SUC-002,Guatemala,Model A,2026
EV-ACME-06391,ACEMDLF13TJ006391,CLI-00647,SUC-009,Panamá,Model F,2026
EV-ACME-06392,ACEMDLC19TB006392,CLI-00239,SUC-002,Guatemala,Model C,2026
EV-ACME-06393,ACEMDLD16TJ006393,CLI-00374,SUC-009,Panamá,Model D,2026
EV-ACME-06394,ACEMDLB18RF006394,CLI-00530,SUC-006,Argentina,Model B,2024
EV-ACME-06395,ACEMDLB11SE006395,CLI-00290,SUC-005,Colombia,Model B,2025
EV-ACME-06396,ACEMDLF11RA006396,CLI-00287,SUC-001,México,Model F,2024
EV-ACME-06397,ACEMDLF16TB006397,CLI-00527,SUC-002,Guatemala,Model F,2026
EV-ACME-06398,ACEMDLC13RH006398,CLI-00936,SUC-008,Chile,Model C,2024
EV-ACME-06399,ACEMDLF12SD006399,CLI-00669,SUC-004,Costa Rica,Model F,2025
EV-ACME-06400,ACEMDLA11RK006400,CLI-00862,SUC-010,Perú,Model A,2024
EV-ACME-06401,ACEMDLA11SK006401,CLI-00568,SUC-010,Perú,Model A,2025
EV-ACME-06402,ACEMDLB14TA006402,CLI-00208,SUC-001,México,Model B,2026
EV-ACME-06403,ACEMDLC16RD006403,CLI-00631,SUC-004,Costa Rica,Model C,2024
EV-ACME-06404,ACEMDLC10SB006404,CLI-00962,SUC-002,Guatemala,Model C,2025
EV-ACME-06405,ACEMDLB16RA006405,CLI-00081,SUC-001,México,Model B,2024
EV-ACME-06406,ACEMDLB10TH006406,CLI-00657,SUC-008,Chile,Model B,2026
EV-ACME-06407,ACEMDLB10SG006407,CLI-00040,SUC-007,Canadá,Model B,2025
EV-ACME-06408,ACEMDLB10TD006408,CLI-00822,SUC-004,Costa Rica,Model B,2026
EV-ACME-06409,ACEMDLC14TD006409,CLI-00481,SUC-004,Costa Rica,Model C,2026
EV-ACME-06410,ACEMDLD18TJ006410,CLI-00434,SUC-009,Panamá,Model D,2026
EV-ACME-06411,ACEMDLD11RE006411,CLI-00365,SUC-005,Colombia,Model D,2024
EV-ACME-06412,ACEMDLD17SH006412,CLI-00696,SUC-008,Chile,Model D,2025
EV-ACME-06413,ACEMDLC11SG006413,CLI-00465,SUC-007,Canadá,Model C,2025
EV-ACME-06414,ACEMDLB15SJ006414,CLI-00119,SUC-009,Panamá,Model B,2025
EV-ACME-06415,ACEMDLF16SJ006415,CLI-00973,SUC-009,Panamá,Model F,2025
EV-ACME-06416,ACEMDLB15TH006416,CLI-00343,SUC-008,Chile,Model B,2026
EV-ACME-06417,ACEMDLD16TD006417,CLI-00331,SUC-004,Costa Rica,Model D,2026
EV-ACME-06418,ACEMDLD10SH006418,CLI-00089,SUC-008,Chile,Model D,2025
EV-ACME-06419,ACEMDLD16SD006419,CLI-00783,SUC-004,Costa Rica,Model D,2025
EV-ACME-06420,ACEMDLF15TJ006420,CLI-00982,SUC-009,Panamá,Model F,2026
EV-ACME-06421,ACEMDLC12RC006421,CLI-00656,SUC-003,Honduras,Model C,2024
EV-ACME-06422,ACEMDLD14RJ006422,CLI-00115,SUC-009,Panamá,Model D,2024
EV-ACME-06423,ACEMDLE19RH006423,CLI-00021,SUC-008,Chile,Model E,2024
EV-ACME-06424,ACEMDLD19RC006424,CLI-00263,SUC-003,Honduras,Model D,2024
EV-ACME-06425,ACEMDLE18SH006425,CLI-00715,SUC-008,Chile,Model E,2025
EV-ACME-06426,ACEMDLB11SK006426,CLI-00461,SUC-010,Perú,Model B,2025
EV-ACME-06427,ACEMDLE19TJ006427,CLI-00547,SUC-009,Panamá,Model E,2026
EV-ACME-06428,ACEMDLF15SE006428,CLI-00345,SUC-005,Colombia,Model F,2025
EV-ACME-06429,ACEMDLE13RB006429,CLI-00527,SUC-002,Guatemala,Model E,2024
EV-ACME-06430,ACEMDLD15TJ006430,CLI-00374,SUC-009,Panamá,Model D,2026
EV-ACME-06431,ACEMDLA18SD006431,CLI-00702,SUC-004,Costa Rica,Model A,2025
EV-ACME-06432,ACEMDLB19TH006432,CLI-00515,SUC-008,Chile,Model B,2026
EV-ACME-06433,ACEMDLD14RA006433,CLI-00660,SUC-001,México,Model D,2024
EV-ACME-06434,ACEMDLB10SF006434,CLI-00856,SUC-006,Argentina,Model B,2025
EV-ACME-06435,ACEMDLA13TH006435,CLI-00502,SUC-008,Chile,Model A,2026
EV-ACME-06436,ACEMDLA11SJ006436,CLI-00909,SUC-009,Panamá,Model A,2025
EV-ACME-06437,ACEMDLE16TD006437,CLI-00709,SUC-004,Costa Rica,Model E,2026
EV-ACME-06438,ACEMDLA16RD006438,CLI-00901,SUC-004,Costa Rica,Model A,2024
EV-ACME-06439,ACEMDLC18TC006439,CLI-00480,SUC-003,Honduras,Model C,2026
EV-ACME-06440,ACEMDLC11TF006440,CLI-00965,SUC-006,Argentina,Model C,2026
EV-ACME-06441,ACEMDLB19RD006441,CLI-00383,SUC-004,Costa Rica,Model B,2024
EV-ACME-06442,ACEMDLE14RK006442,CLI-00734,SUC-010,Perú,Model E,2024
EV-ACME-06443,ACEMDLC11TF006443,CLI-00095,SUC-006,Argentina,Model C,2026
EV-ACME-06444,ACEMDLD16RK006444,CLI-00884,SUC-010,Perú,Model D,2024
EV-ACME-06445,ACEMDLB10RE006445,CLI-00096,SUC-005,Colombia,Model B,2024
EV-ACME-06446,ACEMDLC14SC006446,CLI-00869,SUC-003,Honduras,Model C,2025
EV-ACME-06447,ACEMDLF12TK006447,CLI-00491,SUC-010,Perú,Model F,2026
EV-ACME-06448,ACEMDLA11RK006448,CLI-00935,SUC-010,Perú,Model A,2024
EV-ACME-06449,ACEMDLE11TE006449,CLI-00681,SUC-005,Colombia,Model E,2026
EV-ACME-06450,ACEMDLC19TK006450,CLI-00410,SUC-010,Perú,Model C,2026
EV-ACME-06451,ACEMDLF17TJ006451,CLI-00348,SUC-009,Panamá,Model F,2026
EV-ACME-06452,ACEMDLE14TC006452,CLI-00191,SUC-003,Honduras,Model E,2026
EV-ACME-06453,ACEMDLA15RB006453,CLI-00424,SUC-002,Guatemala,Model A,2024
EV-ACME-06454,ACEMDLA19SE006454,CLI-00743,SUC-005,Colombia,Model A,2025
EV-ACME-06455,ACEMDLA10TD006455,CLI-00319,SUC-004,Costa Rica,Model A,2026
EV-ACME-06456,ACEMDLE17SF006456,CLI-00990,SUC-006,Argentina,Model E,2025
EV-ACME-06457,ACEMDLA19SJ006457,CLI-00101,SUC-009,Panamá,Model A,2025
EV-ACME-06458,ACEMDLF10SJ006458,CLI-00949,SUC-009,Panamá,Model F,2025
EV-ACME-06459,ACEMDLF12TK006459,CLI-00746,SUC-010,Perú,Model F,2026
EV-ACME-06460,ACEMDLA12TA006460,CLI-00066,SUC-001,México,Model A,2026
EV-ACME-06461,ACEMDLC13RC006461,CLI-00391,SUC-003,Honduras,Model C,2024
EV-ACME-06462,ACEMDLE17TB006462,CLI-00300,SUC-002,Guatemala,Model E,2026
EV-ACME-06463,ACEMDLB13TE006463,CLI-00810,SUC-005,Colombia,Model B,2026
EV-ACME-06464,ACEMDLF10TC006464,CLI-00440,SUC-003,Honduras,Model F,2026
EV-ACME-06465,ACEMDLD14TC006465,CLI-00613,SUC-003,Honduras,Model D,2026
EV-ACME-06466,ACEMDLD13RC006466,CLI-00571,SUC-003,Honduras,Model D,2024
EV-ACME-06467,ACEMDLA14TD006467,CLI-00355,SUC-004,Costa Rica,Model A,2026
EV-ACME-06468,ACEMDLC10TC006468,CLI-00819,SUC-003,Honduras,Model C,2026
EV-ACME-06469,ACEMDLB17RJ006469,CLI-00909,SUC-009,Panamá,Model B,2024
EV-ACME-06470,ACEMDLE17SK006470,CLI-00351,SUC-010,Perú,Model E,2025
EV-ACME-06471,ACEMDLF11SB006471,CLI-00793,SUC-002,Guatemala,Model F,2025
EV-ACME-06472,ACEMDLA14TG006472,CLI-00808,SUC-007,Canadá,Model A,2026
EV-ACME-06473,ACEMDLE10TC006473,CLI-00819,SUC-003,Honduras,Model E,2026
EV-ACME-06474,ACEMDLB11RD006474,CLI-00920,SUC-004,Costa Rica,Model B,2024
EV-ACME-06475,ACEMDLA17TK006475,CLI-00714,SUC-010,Perú,Model A,2026
EV-ACME-06476,ACEMDLE12TG006476,CLI-00531,SUC-007,Canadá,Model E,2026
EV-ACME-06477,ACEMDLC15SB006477,CLI-00961,SUC-002,Guatemala,Model C,2025
EV-ACME-06478,ACEMDLC13TE006478,CLI-00846,SUC-005,Colombia,Model C,2026
EV-ACME-06479,ACEMDLC14TE006479,CLI-00999,SUC-005,Colombia,Model C,2026
EV-ACME-06480,ACEMDLD12RK006480,CLI-00189,SUC-010,Perú,Model D,2024
EV-ACME-06481,ACEMDLC12RC006481,CLI-00263,SUC-003,Honduras,Model C,2024
EV-ACME-06482,ACEMDLB14TH006482,CLI-00515,SUC-008,Chile,Model B,2026
EV-ACME-06483,ACEMDLB15TF006483,CLI-00514,SUC-006,Argentina,Model B,2026
EV-ACME-06484,ACEMDLE15SJ006484,CLI-00250,SUC-009,Panamá,Model E,2025
EV-ACME-06485,ACEMDLE17TB006485,CLI-00776,SUC-002,Guatemala,Model E,2026
EV-ACME-06486,ACEMDLA15TJ006486,CLI-00813,SUC-009,Panamá,Model A,2026
EV-ACME-06487,ACEMDLD18SG006487,CLI-00035,SUC-007,Canadá,Model D,2025
EV-ACME-06488,ACEMDLD16TF006488,CLI-00163,SUC-006,Argentina,Model D,2026
EV-ACME-06489,ACEMDLB15SE006489,CLI-00552,SUC-005,Colombia,Model B,2025
EV-ACME-06490,ACEMDLC18RC006490,CLI-00136,SUC-003,Honduras,Model C,2024
EV-ACME-06491,ACEMDLE14SC006491,CLI-00503,SUC-003,Honduras,Model E,2025
EV-ACME-06492,ACEMDLF18TB006492,CLI-00478,SUC-002,Guatemala,Model F,2026
EV-ACME-06493,ACEMDLB10TC006493,CLI-00197,SUC-003,Honduras,Model B,2026
EV-ACME-06494,ACEMDLF16TE006494,CLI-00085,SUC-005,Colombia,Model F,2026
EV-ACME-06495,ACEMDLF15RE006495,CLI-00806,SUC-005,Colombia,Model F,2024
EV-ACME-06496,ACEMDLE19TK006496,CLI-00690,SUC-010,Perú,Model E,2026
EV-ACME-06497,ACEMDLD19RJ006497,CLI-00168,SUC-009,Panamá,Model D,2024
EV-ACME-06498,ACEMDLD13TD006498,CLI-00787,SUC-004,Costa Rica,Model D,2026
EV-ACME-06499,ACEMDLA13SK006499,CLI-00336,SUC-010,Perú,Model A,2025
EV-ACME-06500,ACEMDLE10TK006500,CLI-00336,SUC-010,Perú,Model E,2026
EV-ACME-06501,ACEMDLD13TE006501,CLI-00154,SUC-005,Colombia,Model D,2026
EV-ACME-06502,ACEMDLC14TE006502,CLI-00220,SUC-005,Colombia,Model C,2026
EV-ACME-06503,ACEMDLD16SF006503,CLI-00530,SUC-006,Argentina,Model D,2025
EV-ACME-06504,ACEMDLB17RH006504,CLI-00387,SUC-008,Chile,Model B,2024
EV-ACME-06505,ACEMDLC15TK006505,CLI-00175,SUC-010,Perú,Model C,2026
EV-ACME-06506,ACEMDLD13TB006506,CLI-00676,SUC-002,Guatemala,Model D,2026
EV-ACME-06507,ACEMDLB13SK006507,CLI-00862,SUC-010,Perú,Model B,2025
EV-ACME-06508,ACEMDLE12TE006508,CLI-00413,SUC-005,Colombia,Model E,2026
EV-ACME-06509,ACEMDLE16RJ006509,CLI-00867,SUC-009,Panamá,Model E,2024
EV-ACME-06510,ACEMDLE19RJ006510,CLI-00044,SUC-009,Panamá,Model E,2024
EV-ACME-06511,ACEMDLD18TD006511,CLI-00355,SUC-004,Costa Rica,Model D,2026
EV-ACME-06512,ACEMDLB15RE006512,CLI-00451,SUC-005,Colombia,Model B,2024
EV-ACME-06513,ACEMDLE16TA006513,CLI-00850,SUC-001,México,Model E,2026
EV-ACME-06514,ACEMDLA18TK006514,CLI-00991,SUC-010,Perú,Model A,2026
EV-ACME-06515,ACEMDLC10RB006515,CLI-00988,SUC-002,Guatemala,Model C,2024
EV-ACME-06516,ACEMDLE19TK006516,CLI-00068,SUC-010,Perú,Model E,2026
EV-ACME-06517,ACEMDLB19RF006517,CLI-00824,SUC-006,Argentina,Model B,2024
EV-ACME-06518,ACEMDLB15RG006518,CLI-00938,SUC-007,Canadá,Model B,2024
EV-ACME-06519,ACEMDLD10TA006519,CLI-00287,SUC-001,México,Model D,2026
EV-ACME-06520,ACEMDLC12RK006520,CLI-00883,SUC-010,Perú,Model C,2024
EV-ACME-06521,ACEMDLE16TB006521,CLI-00429,SUC-002,Guatemala,Model E,2026
EV-ACME-06522,ACEMDLF17RF006522,CLI-00792,SUC-006,Argentina,Model F,2024
EV-ACME-06523,ACEMDLA15RH006523,CLI-00994,SUC-008,Chile,Model A,2024
EV-ACME-06524,ACEMDLC15RH006524,CLI-00502,SUC-008,Chile,Model C,2024
EV-ACME-06525,ACEMDLE19SF006525,CLI-00028,SUC-006,Argentina,Model E,2025
EV-ACME-06526,ACEMDLE19SJ006526,CLI-00404,SUC-009,Panamá,Model E,2025
EV-ACME-06527,ACEMDLC15SA006527,CLI-00754,SUC-001,México,Model C,2025
EV-ACME-06528,ACEMDLC11TH006528,CLI-00414,SUC-008,Chile,Model C,2026
EV-ACME-06529,ACEMDLA13SE006529,CLI-00417,SUC-005,Colombia,Model A,2025
EV-ACME-06530,ACEMDLD19RK006530,CLI-00366,SUC-010,Perú,Model D,2024
EV-ACME-06531,ACEMDLC18RK006531,CLI-00122,SUC-010,Perú,Model C,2024
EV-ACME-06532,ACEMDLC10TD006532,CLI-00237,SUC-004,Costa Rica,Model C,2026
EV-ACME-06533,ACEMDLF10RG006533,CLI-00548,SUC-007,Canadá,Model F,2024
EV-ACME-06534,ACEMDLC19RD006534,CLI-00475,SUC-004,Costa Rica,Model C,2024
EV-ACME-06535,ACEMDLC14RH006535,CLI-00964,SUC-008,Chile,Model C,2024
EV-ACME-06536,ACEMDLB14TF006536,CLI-00399,SUC-006,Argentina,Model B,2026
EV-ACME-06537,ACEMDLE12TG006537,CLI-00435,SUC-007,Canadá,Model E,2026
EV-ACME-06538,ACEMDLC18RD006538,CLI-00709,SUC-004,Costa Rica,Model C,2024
EV-ACME-06539,ACEMDLB11RE006539,CLI-00846,SUC-005,Colombia,Model B,2024
EV-ACME-06540,ACEMDLB13RJ006540,CLI-00973,SUC-009,Panamá,Model B,2024
EV-ACME-06541,ACEMDLE13SD006541,CLI-00151,SUC-004,Costa Rica,Model E,2025
EV-ACME-06542,ACEMDLB14TF006542,CLI-00540,SUC-006,Argentina,Model B,2026
EV-ACME-06543,ACEMDLD16RF006543,CLI-00606,SUC-006,Argentina,Model D,2024
EV-ACME-06544,ACEMDLA11RK006544,CLI-00993,SUC-010,Perú,Model A,2024
EV-ACME-06545,ACEMDLE10RF006545,CLI-00418,SUC-006,Argentina,Model E,2024
EV-ACME-06546,ACEMDLA16TF006546,CLI-00872,SUC-006,Argentina,Model A,2026
EV-ACME-06547,ACEMDLD18SB006547,CLI-00676,SUC-002,Guatemala,Model D,2025
EV-ACME-06548,ACEMDLA15SB006548,CLI-00274,SUC-002,Guatemala,Model A,2025
EV-ACME-06549,ACEMDLB11SA006549,CLI-00007,SUC-001,México,Model B,2025
EV-ACME-06550,ACEMDLF18TK006550,CLI-00001,SUC-010,Perú,Model F,2026
EV-ACME-06551,ACEMDLA13RB006551,CLI-00998,SUC-002,Guatemala,Model A,2024
EV-ACME-06552,ACEMDLB12SD006552,CLI-00069,SUC-004,Costa Rica,Model B,2025
EV-ACME-06553,ACEMDLA18RH006553,CLI-00063,SUC-008,Chile,Model A,2024
EV-ACME-06554,ACEMDLF16RB006554,CLI-00737,SUC-002,Guatemala,Model F,2024
EV-ACME-06555,ACEMDLD16TD006555,CLI-00464,SUC-004,Costa Rica,Model D,2026
EV-ACME-06556,ACEMDLC17TK006556,CLI-00416,SUC-010,Perú,Model C,2026
EV-ACME-06557,ACEMDLC19SH006557,CLI-00715,SUC-008,Chile,Model C,2025
EV-ACME-06558,ACEMDLB16RJ006558,CLI-00628,SUC-009,Panamá,Model B,2024
EV-ACME-06559,ACEMDLB18SK006559,CLI-00858,SUC-010,Perú,Model B,2025
EV-ACME-06560,ACEMDLA11SF006560,CLI-00305,SUC-006,Argentina,Model A,2025
EV-ACME-06561,ACEMDLB14RA006561,CLI-00403,SUC-001,México,Model B,2024
EV-ACME-06562,ACEMDLC16RF006562,CLI-00668,SUC-006,Argentina,Model C,2024
EV-ACME-06563,ACEMDLE15TC006563,CLI-00442,SUC-003,Honduras,Model E,2026
EV-ACME-06564,ACEMDLF16TB006564,CLI-00651,SUC-002,Guatemala,Model F,2026
EV-ACME-06565,ACEMDLE19SC006565,CLI-00688,SUC-003,Honduras,Model E,2025
EV-ACME-06566,ACEMDLB15TK006566,CLI-00690,SUC-010,Perú,Model B,2026
EV-ACME-06567,ACEMDLC18RA006567,CLI-00234,SUC-001,México,Model C,2024
EV-ACME-06568,ACEMDLC15TC006568,CLI-00440,SUC-003,Honduras,Model C,2026
EV-ACME-06569,ACEMDLC18TA006569,CLI-00625,SUC-001,México,Model C,2026
EV-ACME-06570,ACEMDLB19RB006570,CLI-00997,SUC-002,Guatemala,Model B,2024
EV-ACME-06571,ACEMDLE10RF006571,CLI-00226,SUC-006,Argentina,Model E,2024
EV-ACME-06572,ACEMDLF13TK006572,CLI-00870,SUC-010,Perú,Model F,2026
EV-ACME-06573,ACEMDLD18RE006573,CLI-00337,SUC-005,Colombia,Model D,2024
EV-ACME-06574,ACEMDLE14TE006574,CLI-00665,SUC-005,Colombia,Model E,2026
EV-ACME-06575,ACEMDLB19TH006575,CLI-00123,SUC-008,Chile,Model B,2026
EV-ACME-06576,ACEMDLC19RB006576,CLI-00003,SUC-002,Guatemala,Model C,2024
EV-ACME-06577,ACEMDLF11RG006577,CLI-00395,SUC-007,Canadá,Model F,2024
EV-ACME-06578,ACEMDLF10RF006578,CLI-00523,SUC-006,Argentina,Model F,2024
EV-ACME-06579,ACEMDLB11TG006579,CLI-00439,SUC-007,Canadá,Model B,2026
EV-ACME-06580,ACEMDLF19RF006580,CLI-00522,SUC-006,Argentina,Model F,2024
EV-ACME-06581,ACEMDLF15RH006581,CLI-00913,SUC-008,Chile,Model F,2024
EV-ACME-06582,ACEMDLE16RE006582,CLI-00926,SUC-005,Colombia,Model E,2024
EV-ACME-06583,ACEMDLD15RF006583,CLI-00028,SUC-006,Argentina,Model D,2024
EV-ACME-06584,ACEMDLD16RH006584,CLI-00830,SUC-008,Chile,Model D,2024
EV-ACME-06585,ACEMDLD16RH006585,CLI-00736,SUC-008,Chile,Model D,2024
EV-ACME-06586,ACEMDLE15TK006586,CLI-00795,SUC-010,Perú,Model E,2026
EV-ACME-06587,ACEMDLB18RF006587,CLI-00476,SUC-006,Argentina,Model B,2024
EV-ACME-06588,ACEMDLB13SB006588,CLI-00045,SUC-002,Guatemala,Model B,2025
EV-ACME-06589,ACEMDLC13RB006589,CLI-00243,SUC-002,Guatemala,Model C,2024
EV-ACME-06590,ACEMDLB11TA006590,CLI-00697,SUC-001,México,Model B,2026
EV-ACME-06591,ACEMDLE10RB006591,CLI-00407,SUC-002,Guatemala,Model E,2024
EV-ACME-06592,ACEMDLD10TK006592,CLI-00397,SUC-010,Perú,Model D,2026
EV-ACME-06593,ACEMDLF12SD006593,CLI-00174,SUC-004,Costa Rica,Model F,2025
EV-ACME-06594,ACEMDLC10RF006594,CLI-00260,SUC-006,Argentina,Model C,2024
EV-ACME-06595,ACEMDLC10RA006595,CLI-00682,SUC-001,México,Model C,2024
EV-ACME-06596,ACEMDLC11RD006596,CLI-00896,SUC-004,Costa Rica,Model C,2024
EV-ACME-06597,ACEMDLF10TJ006597,CLI-00252,SUC-009,Panamá,Model F,2026
EV-ACME-06598,ACEMDLE11TB006598,CLI-00752,SUC-002,Guatemala,Model E,2026
EV-ACME-06599,ACEMDLF18SK006599,CLI-00582,SUC-010,Perú,Model F,2025
EV-ACME-06600,ACEMDLA15SF006600,CLI-00166,SUC-006,Argentina,Model A,2025
EV-ACME-06601,ACEMDLA18SA006601,CLI-00625,SUC-001,México,Model A,2025
EV-ACME-06602,ACEMDLA19SC006602,CLI-00791,SUC-003,Honduras,Model A,2025
EV-ACME-06603,ACEMDLB13RD006603,CLI-00464,SUC-004,Costa Rica,Model B,2024
EV-ACME-06604,ACEMDLE13SD006604,CLI-00827,SUC-004,Costa Rica,Model E,2025
EV-ACME-06605,ACEMDLE16TF006605,CLI-00046,SUC-006,Argentina,Model E,2026
EV-ACME-06606,ACEMDLE12RE006606,CLI-00450,SUC-005,Colombia,Model E,2024
EV-ACME-06607,ACEMDLC14TG006607,CLI-00620,SUC-007,Canadá,Model C,2026
EV-ACME-06608,ACEMDLB12SJ006608,CLI-00379,SUC-009,Panamá,Model B,2025
EV-ACME-06609,ACEMDLF14TA006609,CLI-00318,SUC-001,México,Model F,2026
EV-ACME-06610,ACEMDLD15SD006610,CLI-00927,SUC-004,Costa Rica,Model D,2025
EV-ACME-06611,ACEMDLD10SJ006611,CLI-00899,SUC-009,Panamá,Model D,2025
EV-ACME-06612,ACEMDLE11RF006612,CLI-00046,SUC-006,Argentina,Model E,2024
EV-ACME-06613,ACEMDLE12SB006613,CLI-00239,SUC-002,Guatemala,Model E,2025
EV-ACME-06614,ACEMDLE11SC006614,CLI-00360,SUC-003,Honduras,Model E,2025
EV-ACME-06615,ACEMDLD13SE006615,CLI-00324,SUC-005,Colombia,Model D,2025
EV-ACME-06616,ACEMDLC18SK006616,CLI-00346,SUC-010,Perú,Model C,2025
EV-ACME-06617,ACEMDLA13TG006617,CLI-00802,SUC-007,Canadá,Model A,2026
EV-ACME-06618,ACEMDLD19SG006618,CLI-00164,SUC-007,Canadá,Model D,2025
EV-ACME-06619,ACEMDLC17RD006619,CLI-00605,SUC-004,Costa Rica,Model C,2024
EV-ACME-06620,ACEMDLE14TE006620,CLI-00497,SUC-005,Colombia,Model E,2026
EV-ACME-06621,ACEMDLE15TF006621,CLI-00011,SUC-006,Argentina,Model E,2026
EV-ACME-06622,ACEMDLE11SJ006622,CLI-00547,SUC-009,Panamá,Model E,2025
EV-ACME-06623,ACEMDLF12TB006623,CLI-00509,SUC-002,Guatemala,Model F,2026
EV-ACME-06624,ACEMDLF12RH006624,CLI-00657,SUC-008,Chile,Model F,2024
EV-ACME-06625,ACEMDLC13RK006625,CLI-00565,SUC-010,Perú,Model C,2024
EV-ACME-06626,ACEMDLA18SH006626,CLI-00155,SUC-008,Chile,Model A,2025
EV-ACME-06627,ACEMDLE15RH006627,CLI-00563,SUC-008,Chile,Model E,2024
EV-ACME-06628,ACEMDLF16RB006628,CLI-00258,SUC-002,Guatemala,Model F,2024
EV-ACME-06629,ACEMDLA13RC006629,CLI-00265,SUC-003,Honduras,Model A,2024
EV-ACME-06630,ACEMDLB16SA006630,CLI-00010,SUC-001,México,Model B,2025
EV-ACME-06631,ACEMDLD18RE006631,CLI-00807,SUC-005,Colombia,Model D,2024
EV-ACME-06632,ACEMDLC16RA006632,CLI-00081,SUC-001,México,Model C,2024
EV-ACME-06633,ACEMDLB17RC006633,CLI-00571,SUC-003,Honduras,Model B,2024
EV-ACME-06634,ACEMDLB14RJ006634,CLI-00374,SUC-009,Panamá,Model B,2024
EV-ACME-06635,ACEMDLA10SH006635,CLI-00109,SUC-008,Chile,Model A,2025
EV-ACME-06636,ACEMDLF15SA006636,CLI-00034,SUC-001,México,Model F,2025
EV-ACME-06637,ACEMDLF15TA006637,CLI-00814,SUC-001,México,Model F,2026
EV-ACME-06638,ACEMDLF14RG006638,CLI-00772,SUC-007,Canadá,Model F,2024
EV-ACME-06639,ACEMDLA12RD006639,CLI-00642,SUC-004,Costa Rica,Model A,2024
EV-ACME-06640,ACEMDLC18SG006640,CLI-00067,SUC-007,Canadá,Model C,2025
EV-ACME-06641,ACEMDLE15TJ006641,CLI-00199,SUC-009,Panamá,Model E,2026
EV-ACME-06642,ACEMDLA18SK006642,CLI-00328,SUC-010,Perú,Model A,2025
EV-ACME-06643,ACEMDLF18TH006643,CLI-00515,SUC-008,Chile,Model F,2026
EV-ACME-06644,ACEMDLB11TJ006644,CLI-00044,SUC-009,Panamá,Model B,2026
EV-ACME-06645,ACEMDLB12SA006645,CLI-00356,SUC-001,México,Model B,2025
EV-ACME-06646,ACEMDLC12RK006646,CLI-00461,SUC-010,Perú,Model C,2024
EV-ACME-06647,ACEMDLE18RA006647,CLI-00704,SUC-001,México,Model E,2024
EV-ACME-06648,ACEMDLE12SF006648,CLI-00687,SUC-006,Argentina,Model E,2025
EV-ACME-06649,ACEMDLE15SK006649,CLI-00094,SUC-010,Perú,Model E,2025
EV-ACME-06650,ACEMDLD14TA006650,CLI-00748,SUC-001,México,Model D,2026
EV-ACME-06651,ACEMDLD10RB006651,CLI-00752,SUC-002,Guatemala,Model D,2024
EV-ACME-06652,ACEMDLE17SC006652,CLI-00183,SUC-003,Honduras,Model E,2025
EV-ACME-06653,ACEMDLA17RK006653,CLI-00409,SUC-010,Perú,Model A,2024
EV-ACME-06654,ACEMDLE12TF006654,CLI-00036,SUC-006,Argentina,Model E,2026
EV-ACME-06655,ACEMDLB19TC006655,CLI-00764,SUC-003,Honduras,Model B,2026
EV-ACME-06656,ACEMDLB19RK006656,CLI-00945,SUC-010,Perú,Model B,2024
EV-ACME-06657,ACEMDLC11TD006657,CLI-00977,SUC-004,Costa Rica,Model C,2026
EV-ACME-06658,ACEMDLF19TA006658,CLI-00293,SUC-001,México,Model F,2026
EV-ACME-06659,ACEMDLC13SD006659,CLI-00069,SUC-004,Costa Rica,Model C,2025
EV-ACME-06660,ACEMDLC17RG006660,CLI-00773,SUC-007,Canadá,Model C,2024
EV-ACME-06661,ACEMDLA11RJ006661,CLI-00060,SUC-009,Panamá,Model A,2024
EV-ACME-06662,ACEMDLF19SC006662,CLI-00442,SUC-003,Honduras,Model F,2025
EV-ACME-06663,ACEMDLD19SK006663,CLI-00932,SUC-010,Perú,Model D,2025
EV-ACME-06664,ACEMDLE16RC006664,CLI-00863,SUC-003,Honduras,Model E,2024
EV-ACME-06665,ACEMDLB19SK006665,CLI-00758,SUC-010,Perú,Model B,2025
EV-ACME-06666,ACEMDLD11SA006666,CLI-00661,SUC-001,México,Model D,2025
EV-ACME-06667,ACEMDLF18SF006667,CLI-00166,SUC-006,Argentina,Model F,2025
EV-ACME-06668,ACEMDLD18SJ006668,CLI-00845,SUC-009,Panamá,Model D,2025
EV-ACME-06669,ACEMDLB17SK006669,CLI-00789,SUC-010,Perú,Model B,2025
EV-ACME-06670,ACEMDLB11TC006670,CLI-00320,SUC-003,Honduras,Model B,2026
EV-ACME-06671,ACEMDLA17RK006671,CLI-00311,SUC-010,Perú,Model A,2024
EV-ACME-06672,ACEMDLA18TE006672,CLI-00743,SUC-005,Colombia,Model A,2026
EV-ACME-06673,ACEMDLF16RE006673,CLI-00495,SUC-005,Colombia,Model F,2024
EV-ACME-06674,ACEMDLE17TA006674,CLI-00318,SUC-001,México,Model E,2026
EV-ACME-06675,ACEMDLB15RK006675,CLI-00811,SUC-010,Perú,Model B,2024
EV-ACME-06676,ACEMDLC14SC006676,CLI-00869,SUC-003,Honduras,Model C,2025
EV-ACME-06677,ACEMDLF16TK006677,CLI-00213,SUC-010,Perú,Model F,2026
EV-ACME-06678,ACEMDLB10SG006678,CLI-00212,SUC-007,Canadá,Model B,2025
EV-ACME-06679,ACEMDLD15RK006679,CLI-00795,SUC-010,Perú,Model D,2024
EV-ACME-06680,ACEMDLE16TF006680,CLI-00260,SUC-006,Argentina,Model E,2026
EV-ACME-06681,ACEMDLD13RF006681,CLI-00966,SUC-006,Argentina,Model D,2024
EV-ACME-06682,ACEMDLB14RD006682,CLI-00330,SUC-004,Costa Rica,Model B,2024
EV-ACME-06683,ACEMDLF12RC006683,CLI-00136,SUC-003,Honduras,Model F,2024
EV-ACME-06684,ACEMDLA10TG006684,CLI-00928,SUC-007,Canadá,Model A,2026
EV-ACME-06685,ACEMDLE14SA006685,CLI-00058,SUC-001,México,Model E,2025
EV-ACME-06686,ACEMDLB11SH006686,CLI-00739,SUC-008,Chile,Model B,2025
EV-ACME-06687,ACEMDLC16RK006687,CLI-00568,SUC-010,Perú,Model C,2024
EV-ACME-06688,ACEMDLA10RJ006688,CLI-00707,SUC-009,Panamá,Model A,2024
EV-ACME-06689,ACEMDLB14TH006689,CLI-00563,SUC-008,Chile,Model B,2026
EV-ACME-06690,ACEMDLC13TK006690,CLI-00137,SUC-010,Perú,Model C,2026
EV-ACME-06691,ACEMDLF19RE006691,CLI-00358,SUC-005,Colombia,Model F,2024
EV-ACME-06692,ACEMDLD14TF006692,CLI-00978,SUC-006,Argentina,Model D,2026
EV-ACME-06693,ACEMDLE10TH006693,CLI-00781,SUC-008,Chile,Model E,2026
EV-ACME-06694,ACEMDLB15RC006694,CLI-00053,SUC-003,Honduras,Model B,2024
EV-ACME-06695,ACEMDLB11TH006695,CLI-00512,SUC-008,Chile,Model B,2026
EV-ACME-06696,ACEMDLD19RA006696,CLI-00658,SUC-001,México,Model D,2024
EV-ACME-06697,ACEMDLD15SF006697,CLI-00792,SUC-006,Argentina,Model D,2025
EV-ACME-06698,ACEMDLB10RH006698,CLI-00375,SUC-008,Chile,Model B,2024
EV-ACME-06699,ACEMDLB10TJ006699,CLI-00677,SUC-009,Panamá,Model B,2026
EV-ACME-06700,ACEMDLD19TC006700,CLI-00376,SUC-003,Honduras,Model D,2026
EV-ACME-06701,ACEMDLB19SD006701,CLI-00422,SUC-004,Costa Rica,Model B,2025
EV-ACME-06702,ACEMDLE18RB006702,CLI-00384,SUC-002,Guatemala,Model E,2024
EV-ACME-06703,ACEMDLD10SA006703,CLI-00553,SUC-001,México,Model D,2025
EV-ACME-06704,ACEMDLF13TD006704,CLI-00005,SUC-004,Costa Rica,Model F,2026
EV-ACME-06705,ACEMDLF19RC006705,CLI-00038,SUC-003,Honduras,Model F,2024
EV-ACME-06706,ACEMDLB15TB006706,CLI-00849,SUC-002,Guatemala,Model B,2026
EV-ACME-06707,ACEMDLF18RG006707,CLI-00306,SUC-007,Canadá,Model F,2024
EV-ACME-06708,ACEMDLA17TK006708,CLI-00710,SUC-010,Perú,Model A,2026
EV-ACME-06709,ACEMDLD12TF006709,CLI-00804,SUC-006,Argentina,Model D,2026
EV-ACME-06710,ACEMDLB17RH006710,CLI-00861,SUC-008,Chile,Model B,2024
EV-ACME-06711,ACEMDLB16SA006711,CLI-00604,SUC-001,México,Model B,2025
EV-ACME-06712,ACEMDLB11TJ006712,CLI-00301,SUC-009,Panamá,Model B,2026
EV-ACME-06713,ACEMDLB16TD006713,CLI-00517,SUC-004,Costa Rica,Model B,2026
EV-ACME-06714,ACEMDLF17SG006714,CLI-00467,SUC-007,Canadá,Model F,2025
EV-ACME-06715,ACEMDLB16RD006715,CLI-00977,SUC-004,Costa Rica,Model B,2024
EV-ACME-06716,ACEMDLA17RD006716,CLI-00433,SUC-004,Costa Rica,Model A,2024
EV-ACME-06717,ACEMDLE12SE006717,CLI-00190,SUC-005,Colombia,Model E,2025
EV-ACME-06718,ACEMDLF10TE006718,CLI-00618,SUC-005,Colombia,Model F,2026
EV-ACME-06719,ACEMDLC11RK006719,CLI-00543,SUC-010,Perú,Model C,2024
EV-ACME-06720,ACEMDLF18TK006720,CLI-00131,SUC-010,Perú,Model F,2026
EV-ACME-06721,ACEMDLF10SH006721,CLI-00861,SUC-008,Chile,Model F,2025
EV-ACME-06722,ACEMDLE14SA006722,CLI-00661,SUC-001,México,Model E,2025
EV-ACME-06723,ACEMDLA18RE006723,CLI-00663,SUC-005,Colombia,Model A,2024
EV-ACME-06724,ACEMDLC17SH006724,CLI-00387,SUC-008,Chile,Model C,2025
EV-ACME-06725,ACEMDLD18TE006725,CLI-00246,SUC-005,Colombia,Model D,2026
EV-ACME-06726,ACEMDLA18TE006726,CLI-00673,SUC-005,Colombia,Model A,2026
EV-ACME-06727,ACEMDLC19TK006727,CLI-00147,SUC-010,Perú,Model C,2026
EV-ACME-06728,ACEMDLB12TK006728,CLI-00900,SUC-010,Perú,Model B,2026
EV-ACME-06729,ACEMDLA14SA006729,CLI-00443,SUC-001,México,Model A,2025
EV-ACME-06730,ACEMDLA11RG006730,CLI-00674,SUC-007,Canadá,Model A,2024
EV-ACME-06731,ACEMDLD18RB006731,CLI-00384,SUC-002,Guatemala,Model D,2024
EV-ACME-06732,ACEMDLE14RC006732,CLI-00826,SUC-003,Honduras,Model E,2024
EV-ACME-06733,ACEMDLA12RC006733,CLI-00490,SUC-003,Honduras,Model A,2024
EV-ACME-06734,ACEMDLC11SH006734,CLI-00063,SUC-008,Chile,Model C,2025
EV-ACME-06735,ACEMDLB15SE006735,CLI-00797,SUC-005,Colombia,Model B,2025
EV-ACME-06736,ACEMDLE15RG006736,CLI-00173,SUC-007,Canadá,Model E,2024
EV-ACME-06737,ACEMDLF11SD006737,CLI-00922,SUC-004,Costa Rica,Model F,2025
EV-ACME-06738,ACEMDLB17SK006738,CLI-00398,SUC-010,Perú,Model B,2025
EV-ACME-06739,ACEMDLE16SJ006739,CLI-00117,SUC-009,Panamá,Model E,2025
EV-ACME-06740,ACEMDLD13RE006740,CLI-00023,SUC-005,Colombia,Model D,2024
EV-ACME-06741,ACEMDLE10TJ006741,CLI-00617,SUC-009,Panamá,Model E,2026
EV-ACME-06742,ACEMDLA13SB006742,CLI-00961,SUC-002,Guatemala,Model A,2025
EV-ACME-06743,ACEMDLE13RC006743,CLI-00376,SUC-003,Honduras,Model E,2024
EV-ACME-06744,ACEMDLF19TH006744,CLI-00964,SUC-008,Chile,Model F,2026
EV-ACME-06745,ACEMDLC12SH006745,CLI-00502,SUC-008,Chile,Model C,2025
EV-ACME-06746,ACEMDLC19RJ006746,CLI-00044,SUC-009,Panamá,Model C,2024
EV-ACME-06747,ACEMDLC18TJ006747,CLI-00643,SUC-009,Panamá,Model C,2026
EV-ACME-06748,ACEMDLD15RE006748,CLI-00673,SUC-005,Colombia,Model D,2024
EV-ACME-06749,ACEMDLE11RD006749,CLI-00545,SUC-004,Costa Rica,Model E,2024
EV-ACME-06750,ACEMDLC13SA006750,CLI-00403,SUC-001,México,Model C,2025
EV-ACME-06751,ACEMDLC10SJ006751,CLI-00867,SUC-009,Panamá,Model C,2025
EV-ACME-06752,ACEMDLD13TJ006752,CLI-00632,SUC-009,Panamá,Model D,2026
EV-ACME-06753,ACEMDLB16RJ006753,CLI-00879,SUC-009,Panamá,Model B,2024
EV-ACME-06754,ACEMDLC10SK006754,CLI-00351,SUC-010,Perú,Model C,2025
EV-ACME-06755,ACEMDLB14TC006755,CLI-00020,SUC-003,Honduras,Model B,2026
EV-ACME-06756,ACEMDLD16SF006756,CLI-00878,SUC-006,Argentina,Model D,2025
EV-ACME-06757,ACEMDLC18TC006757,CLI-00209,SUC-003,Honduras,Model C,2026
EV-ACME-06758,ACEMDLB16RJ006758,CLI-00886,SUC-009,Panamá,Model B,2024
EV-ACME-06759,ACEMDLC11TJ006759,CLI-00079,SUC-009,Panamá,Model C,2026
EV-ACME-06760,ACEMDLD19SA006760,CLI-00661,SUC-001,México,Model D,2025
EV-ACME-06761,ACEMDLC18RF006761,CLI-00751,SUC-006,Argentina,Model C,2024
EV-ACME-06762,ACEMDLE12RE006762,CLI-00450,SUC-005,Colombia,Model E,2024
EV-ACME-06763,ACEMDLA15SF006763,CLI-00564,SUC-006,Argentina,Model A,2025
EV-ACME-06764,ACEMDLC16SK006764,CLI-00587,SUC-010,Perú,Model C,2025
EV-ACME-06765,ACEMDLC17RG006765,CLI-00539,SUC-007,Canadá,Model C,2024
EV-ACME-06766,ACEMDLE11TF006766,CLI-00156,SUC-006,Argentina,Model E,2026
EV-ACME-06767,ACEMDLA18TH006767,CLI-00948,SUC-008,Chile,Model A,2026
EV-ACME-06768,ACEMDLC15RF006768,CLI-00011,SUC-006,Argentina,Model C,2024
EV-ACME-06769,ACEMDLA13RJ006769,CLI-00157,SUC-009,Panamá,Model A,2024
EV-ACME-06770,ACEMDLB10TA006770,CLI-00292,SUC-001,México,Model B,2026
EV-ACME-06771,ACEMDLD11TA006771,CLI-00844,SUC-001,México,Model D,2026
EV-ACME-06772,ACEMDLF16SF006772,CLI-00626,SUC-006,Argentina,Model F,2025
EV-ACME-06773,ACEMDLC13TF006773,CLI-00028,SUC-006,Argentina,Model C,2026
EV-ACME-06774,ACEMDLA15RH006774,CLI-00385,SUC-008,Chile,Model A,2024
EV-ACME-06775,ACEMDLC11TH006775,CLI-00062,SUC-008,Chile,Model C,2026
EV-ACME-06776,ACEMDLC17SK006776,CLI-00758,SUC-010,Perú,Model C,2025
EV-ACME-06777,ACEMDLE15SC006777,CLI-00826,SUC-003,Honduras,Model E,2025
EV-ACME-06778,ACEMDLE18SJ006778,CLI-00854,SUC-009,Panamá,Model E,2025
EV-ACME-06779,ACEMDLC17RK006779,CLI-00912,SUC-010,Perú,Model C,2024
EV-ACME-06780,ACEMDLF12RJ006780,CLI-00566,SUC-009,Panamá,Model F,2024
EV-ACME-06781,ACEMDLD19TK006781,CLI-00912,SUC-010,Perú,Model D,2026
EV-ACME-06782,ACEMDLE17SE006782,CLI-00192,SUC-005,Colombia,Model E,2025
EV-ACME-06783,ACEMDLA16SG006783,CLI-00635,SUC-007,Canadá,Model A,2025
EV-ACME-06784,ACEMDLE19TJ006784,CLI-00313,SUC-009,Panamá,Model E,2026
EV-ACME-06785,ACEMDLC19RJ006785,CLI-00402,SUC-009,Panamá,Model C,2024
EV-ACME-06786,ACEMDLA15RG006786,CLI-00719,SUC-007,Canadá,Model A,2024
EV-ACME-06787,ACEMDLD17TA006787,CLI-00704,SUC-001,México,Model D,2026
EV-ACME-06788,ACEMDLF19RB006788,CLI-00274,SUC-002,Guatemala,Model F,2024
EV-ACME-06789,ACEMDLE15TE006789,CLI-00225,SUC-005,Colombia,Model E,2026
EV-ACME-06790,ACEMDLB17TJ006790,CLI-00607,SUC-009,Panamá,Model B,2026
EV-ACME-06791,ACEMDLA12TG006791,CLI-00773,SUC-007,Canadá,Model A,2026
EV-ACME-06792,ACEMDLC17SC006792,CLI-00265,SUC-003,Honduras,Model C,2025
EV-ACME-06793,ACEMDLC14RH006793,CLI-00964,SUC-008,Chile,Model C,2024
EV-ACME-06794,ACEMDLD12SD006794,CLI-00669,SUC-004,Costa Rica,Model D,2025
EV-ACME-06795,ACEMDLA11RB006795,CLI-00272,SUC-002,Guatemala,Model A,2024
EV-ACME-06796,ACEMDLC14TC006796,CLI-00841,SUC-003,Honduras,Model C,2026
EV-ACME-06797,ACEMDLA12TE006797,CLI-00497,SUC-005,Colombia,Model A,2026
EV-ACME-06798,ACEMDLE16TF006798,CLI-00804,SUC-006,Argentina,Model E,2026
EV-ACME-06799,ACEMDLD12TA006799,CLI-00931,SUC-001,México,Model D,2026
EV-ACME-06800,ACEMDLF17SH006800,CLI-00118,SUC-008,Chile,Model F,2025
EV-ACME-06801,ACEMDLD11TK006801,CLI-00328,SUC-010,Perú,Model D,2026
EV-ACME-06802,ACEMDLF14RA006802,CLI-00838,SUC-001,México,Model F,2024
EV-ACME-06803,ACEMDLB12TA006803,CLI-00660,SUC-001,México,Model B,2026
EV-ACME-06804,ACEMDLA16SK006804,CLI-00945,SUC-010,Perú,Model A,2025
EV-ACME-06805,ACEMDLF19RJ006805,CLI-00487,SUC-009,Panamá,Model F,2024
EV-ACME-06806,ACEMDLC14SA006806,CLI-00730,SUC-001,México,Model C,2025
EV-ACME-06807,ACEMDLF10TD006807,CLI-00874,SUC-004,Costa Rica,Model F,2026
EV-ACME-06808,ACEMDLE19SD006808,CLI-00352,SUC-004,Costa Rica,Model E,2025
EV-ACME-06809,ACEMDLB19RJ006809,CLI-00724,SUC-009,Panamá,Model B,2024
EV-ACME-06810,ACEMDLA16TJ006810,CLI-00615,SUC-009,Panamá,Model A,2026
EV-ACME-06811,ACEMDLC16TK006811,CLI-00912,SUC-010,Perú,Model C,2026
EV-ACME-06812,ACEMDLB14TE006812,CLI-00665,SUC-005,Colombia,Model B,2026
EV-ACME-06813,ACEMDLA19TH006813,CLI-00089,SUC-008,Chile,Model A,2026
EV-ACME-06814,ACEMDLB12SH006814,CLI-00891,SUC-008,Chile,Model B,2025
EV-ACME-06815,ACEMDLA16RJ006815,CLI-00406,SUC-009,Panamá,Model A,2024
EV-ACME-06816,ACEMDLA15RC006816,CLI-00020,SUC-003,Honduras,Model A,2024
EV-ACME-06817,ACEMDLA17SB006817,CLI-00231,SUC-002,Guatemala,Model A,2025
EV-ACME-06818,ACEMDLF13RD006818,CLI-00959,SUC-004,Costa Rica,Model F,2024
EV-ACME-06819,ACEMDLE11SE006819,CLI-00165,SUC-005,Colombia,Model E,2025
EV-ACME-06820,ACEMDLC17RH006820,CLI-00696,SUC-008,Chile,Model C,2024
EV-ACME-06821,ACEMDLA13SD006821,CLI-00093,SUC-004,Costa Rica,Model A,2025
EV-ACME-06822,ACEMDLB18TA006822,CLI-00558,SUC-001,México,Model B,2026
EV-ACME-06823,ACEMDLC15SB006823,CLI-00277,SUC-002,Guatemala,Model C,2025
EV-ACME-06824,ACEMDLA10RK006824,CLI-00582,SUC-010,Perú,Model A,2024
EV-ACME-06825,ACEMDLF13RG006825,CLI-00905,SUC-007,Canadá,Model F,2024
EV-ACME-06826,ACEMDLE16TE006826,CLI-00825,SUC-005,Colombia,Model E,2026
EV-ACME-06827,ACEMDLE18SK006827,CLI-00068,SUC-010,Perú,Model E,2025
EV-ACME-06828,ACEMDLD12RJ006828,CLI-00834,SUC-009,Panamá,Model D,2024
EV-ACME-06829,ACEMDLC12RA006829,CLI-00386,SUC-001,México,Model C,2024
EV-ACME-06830,ACEMDLD19RK006830,CLI-00543,SUC-010,Perú,Model D,2024
EV-ACME-06831,ACEMDLC13SE006831,CLI-00132,SUC-005,Colombia,Model C,2025
EV-ACME-06832,ACEMDLC19SC006832,CLI-00215,SUC-003,Honduras,Model C,2025
EV-ACME-06833,ACEMDLE14TK006833,CLI-00768,SUC-010,Perú,Model E,2026
EV-ACME-06834,ACEMDLC15SG006834,CLI-00555,SUC-007,Canadá,Model C,2025
EV-ACME-06835,ACEMDLF15SE006835,CLI-00451,SUC-005,Colombia,Model F,2025
EV-ACME-06836,ACEMDLD12RD006836,CLI-00828,SUC-004,Costa Rica,Model D,2024
EV-ACME-06837,ACEMDLC11RB006837,CLI-00185,SUC-002,Guatemala,Model C,2024
EV-ACME-06838,ACEMDLE15SC006838,CLI-00892,SUC-003,Honduras,Model E,2025
EV-ACME-06839,ACEMDLB10SC006839,CLI-00053,SUC-003,Honduras,Model B,2025
EV-ACME-06840,ACEMDLE12TF006840,CLI-00530,SUC-006,Argentina,Model E,2026
EV-ACME-06841,ACEMDLE11SE006841,CLI-00999,SUC-005,Colombia,Model E,2025
EV-ACME-06842,ACEMDLB12TJ006842,CLI-00593,SUC-009,Panamá,Model B,2026
EV-ACME-06843,ACEMDLB17RE006843,CLI-00832,SUC-005,Colombia,Model B,2024
EV-ACME-06844,ACEMDLF15TF006844,CLI-00114,SUC-006,Argentina,Model F,2026
EV-ACME-06845,ACEMDLB18RH006845,CLI-00563,SUC-008,Chile,Model B,2024
EV-ACME-06846,ACEMDLB13SD006846,CLI-00327,SUC-004,Costa Rica,Model B,2025
EV-ACME-06847,ACEMDLB11SJ006847,CLI-00643,SUC-009,Panamá,Model B,2025
EV-ACME-06848,ACEMDLB19SA006848,CLI-00534,SUC-001,México,Model B,2025
EV-ACME-06849,ACEMDLA17RF006849,CLI-00533,SUC-006,Argentina,Model A,2024
EV-ACME-06850,ACEMDLA10SB006850,CLI-00725,SUC-002,Guatemala,Model A,2025
EV-ACME-06851,ACEMDLD10SB006851,CLI-00281,SUC-002,Guatemala,Model D,2025
EV-ACME-06852,ACEMDLD11SE006852,CLI-00211,SUC-005,Colombia,Model D,2025
EV-ACME-06853,ACEMDLB18SB006853,CLI-00277,SUC-002,Guatemala,Model B,2025
EV-ACME-06854,ACEMDLA12TF006854,CLI-00755,SUC-006,Argentina,Model A,2026
EV-ACME-06855,ACEMDLE14SJ006855,CLI-00157,SUC-009,Panamá,Model E,2025
EV-ACME-06856,ACEMDLA15TJ006856,CLI-00301,SUC-009,Panamá,Model A,2026
EV-ACME-06857,ACEMDLC10TD006857,CLI-00381,SUC-004,Costa Rica,Model C,2026
EV-ACME-06858,ACEMDLA13TE006858,CLI-00096,SUC-005,Colombia,Model A,2026
EV-ACME-06859,ACEMDLE13RF006859,CLI-00166,SUC-006,Argentina,Model E,2024
EV-ACME-06860,ACEMDLC12TF006860,CLI-00956,SUC-006,Argentina,Model C,2026
EV-ACME-06861,ACEMDLE11SF006861,CLI-00468,SUC-006,Argentina,Model E,2025
EV-ACME-06862,ACEMDLF15TK006862,CLI-00161,SUC-010,Perú,Model F,2026
EV-ACME-06863,ACEMDLE10RB006863,CLI-00281,SUC-002,Guatemala,Model E,2024
EV-ACME-06864,ACEMDLC19TB006864,CLI-00725,SUC-002,Guatemala,Model C,2026
EV-ACME-06865,ACEMDLB19TJ006865,CLI-00374,SUC-009,Panamá,Model B,2026
EV-ACME-06866,ACEMDLC10TK006866,CLI-00862,SUC-010,Perú,Model C,2026
EV-ACME-06867,ACEMDLC17TD006867,CLI-00247,SUC-004,Costa Rica,Model C,2026
EV-ACME-06868,ACEMDLE11SC006868,CLI-00140,SUC-003,Honduras,Model E,2025
EV-ACME-06869,ACEMDLD13SA006869,CLI-00562,SUC-001,México,Model D,2025
EV-ACME-06870,ACEMDLF19SD006870,CLI-00511,SUC-004,Costa Rica,Model F,2025
EV-ACME-06871,ACEMDLE13SJ006871,CLI-00250,SUC-009,Panamá,Model E,2025
EV-ACME-06872,ACEMDLF14SC006872,CLI-00430,SUC-003,Honduras,Model F,2025
EV-ACME-06873,ACEMDLE18RF006873,CLI-00456,SUC-006,Argentina,Model E,2024
EV-ACME-06874,ACEMDLC10RC006874,CLI-00979,SUC-003,Honduras,Model C,2024
EV-ACME-06875,ACEMDLC17TB006875,CLI-00013,SUC-002,Guatemala,Model C,2026
EV-ACME-06876,ACEMDLB15TJ006876,CLI-00837,SUC-009,Panamá,Model B,2026
EV-ACME-06877,ACEMDLB16TG006877,CLI-00762,SUC-007,Canadá,Model B,2026
EV-ACME-06878,ACEMDLC10TE006878,CLI-00224,SUC-005,Colombia,Model C,2026
EV-ACME-06879,ACEMDLE16SE006879,CLI-00747,SUC-005,Colombia,Model E,2025
EV-ACME-06880,ACEMDLD12SA006880,CLI-00025,SUC-001,México,Model D,2025
EV-ACME-06881,ACEMDLB13TK006881,CLI-00296,SUC-010,Perú,Model B,2026
EV-ACME-06882,ACEMDLA13TA006882,CLI-00333,SUC-001,México,Model A,2026
EV-ACME-06883,ACEMDLD13TE006883,CLI-00065,SUC-005,Colombia,Model D,2026
EV-ACME-06884,ACEMDLF15RG006884,CLI-00004,SUC-007,Canadá,Model F,2024
EV-ACME-06885,ACEMDLF11SH006885,CLI-00563,SUC-008,Chile,Model F,2025
EV-ACME-06886,ACEMDLB10SA006886,CLI-00259,SUC-001,México,Model B,2025
EV-ACME-06887,ACEMDLB16TG006887,CLI-00445,SUC-007,Canadá,Model B,2026
EV-ACME-06888,ACEMDLE11SH006888,CLI-00447,SUC-008,Chile,Model E,2025
EV-ACME-06889,ACEMDLD10RK006889,CLI-00410,SUC-010,Perú,Model D,2024
EV-ACME-06890,ACEMDLC11TD006890,CLI-00475,SUC-004,Costa Rica,Model C,2026
EV-ACME-06891,ACEMDLD14RC006891,CLI-00263,SUC-003,Honduras,Model D,2024
EV-ACME-06892,ACEMDLF11TH006892,CLI-00868,SUC-008,Chile,Model F,2026
EV-ACME-06893,ACEMDLC11RC006893,CLI-00591,SUC-003,Honduras,Model C,2024
EV-ACME-06894,ACEMDLA13SA006894,CLI-00706,SUC-001,México,Model A,2025
EV-ACME-06895,ACEMDLD16TK006895,CLI-00900,SUC-010,Perú,Model D,2026
EV-ACME-06896,ACEMDLC18TF006896,CLI-00577,SUC-006,Argentina,Model C,2026
EV-ACME-06897,ACEMDLF10SH006897,CLI-00657,SUC-008,Chile,Model F,2025
EV-ACME-06898,ACEMDLF17SH006898,CLI-00964,SUC-008,Chile,Model F,2025
EV-ACME-06899,ACEMDLB10SD006899,CLI-00431,SUC-004,Costa Rica,Model B,2025
EV-ACME-06900,ACEMDLA16SK006900,CLI-00821,SUC-010,Perú,Model A,2025
EV-ACME-06901,ACEMDLB11TD006901,CLI-00822,SUC-004,Costa Rica,Model B,2026
EV-ACME-06902,ACEMDLD14RF006902,CLI-00425,SUC-006,Argentina,Model D,2024
EV-ACME-06903,ACEMDLB18TK006903,CLI-00286,SUC-010,Perú,Model B,2026
EV-ACME-06904,ACEMDLD14SC006904,CLI-00253,SUC-003,Honduras,Model D,2025
EV-ACME-06905,ACEMDLC11TH006905,CLI-00205,SUC-008,Chile,Model C,2026
EV-ACME-06906,ACEMDLC19SJ006906,CLI-00767,SUC-009,Panamá,Model C,2025
EV-ACME-06907,ACEMDLA16TJ006907,CLI-00843,SUC-009,Panamá,Model A,2026
EV-ACME-06908,ACEMDLC11TG006908,CLI-00629,SUC-007,Canadá,Model C,2026
EV-ACME-06909,ACEMDLD11SJ006909,CLI-00184,SUC-009,Panamá,Model D,2025
EV-ACME-06910,ACEMDLA16SA006910,CLI-00754,SUC-001,México,Model A,2025
EV-ACME-06911,ACEMDLE13RD006911,CLI-00957,SUC-004,Costa Rica,Model E,2024
EV-ACME-06912,ACEMDLD13SF006912,CLI-00282,SUC-006,Argentina,Model D,2025
EV-ACME-06913,ACEMDLE10TB006913,CLI-00390,SUC-002,Guatemala,Model E,2026
EV-ACME-06914,ACEMDLD17RK006914,CLI-00528,SUC-010,Perú,Model D,2024
EV-ACME-06915,ACEMDLA11TA006915,CLI-00299,SUC-001,México,Model A,2026
EV-ACME-06916,ACEMDLD15RB006916,CLI-00567,SUC-002,Guatemala,Model D,2024
EV-ACME-06917,ACEMDLA10RD006917,CLI-00631,SUC-004,Costa Rica,Model A,2024
EV-ACME-06918,ACEMDLE10SE006918,CLI-00579,SUC-005,Colombia,Model E,2025
EV-ACME-06919,ACEMDLB18SA006919,CLI-00906,SUC-001,México,Model B,2025
EV-ACME-06920,ACEMDLF16RG006920,CLI-00144,SUC-007,Canadá,Model F,2024
EV-ACME-06921,ACEMDLB10TH006921,CLI-00143,SUC-008,Chile,Model B,2026
EV-ACME-06922,ACEMDLA10TK006922,CLI-00789,SUC-010,Perú,Model A,2026
EV-ACME-06923,ACEMDLB13SC006923,CLI-00209,SUC-003,Honduras,Model B,2025
EV-ACME-06924,ACEMDLA16RE006924,CLI-00466,SUC-005,Colombia,Model A,2024
EV-ACME-06925,ACEMDLB14SH006925,CLI-00877,SUC-008,Chile,Model B,2025
EV-ACME-06926,ACEMDLF14SA006926,CLI-00356,SUC-001,México,Model F,2025
EV-ACME-06927,ACEMDLF14RF006927,CLI-00687,SUC-006,Argentina,Model F,2024
EV-ACME-06928,ACEMDLE11SJ006928,CLI-00963,SUC-009,Panamá,Model E,2025
EV-ACME-06929,ACEMDLA14SE006929,CLI-00953,SUC-005,Colombia,Model A,2025
EV-ACME-06930,ACEMDLC16TF006930,CLI-00110,SUC-006,Argentina,Model C,2026
EV-ACME-06931,ACEMDLB12TF006931,CLI-00340,SUC-006,Argentina,Model B,2026
EV-ACME-06932,ACEMDLE14RC006932,CLI-00053,SUC-003,Honduras,Model E,2024
EV-ACME-06933,ACEMDLE11RK006933,CLI-00542,SUC-010,Perú,Model E,2024
EV-ACME-06934,ACEMDLE17RG006934,CLI-00144,SUC-007,Canadá,Model E,2024
EV-ACME-06935,ACEMDLC14RA006935,CLI-00081,SUC-001,México,Model C,2024
EV-ACME-06936,ACEMDLA17TE006936,CLI-00663,SUC-005,Colombia,Model A,2026
EV-ACME-06937,ACEMDLF11SC006937,CLI-00442,SUC-003,Honduras,Model F,2025
EV-ACME-06938,ACEMDLC10SA006938,CLI-00844,SUC-001,México,Model C,2025
EV-ACME-06939,ACEMDLF11RJ006939,CLI-00157,SUC-009,Panamá,Model F,2024
EV-ACME-06940,ACEMDLF12SA006940,CLI-00332,SUC-001,México,Model F,2025
EV-ACME-06941,ACEMDLC14RA006941,CLI-00292,SUC-001,México,Model C,2024
EV-ACME-06942,ACEMDLE11SA006942,CLI-00264,SUC-001,México,Model E,2025
EV-ACME-06943,ACEMDLA16TE006943,CLI-00032,SUC-005,Colombia,Model A,2026
EV-ACME-06944,ACEMDLE15TH006944,CLI-00091,SUC-008,Chile,Model E,2026
EV-ACME-06945,ACEMDLB18SF006945,CLI-00735,SUC-006,Argentina,Model B,2025
EV-ACME-06946,ACEMDLE18SC006946,CLI-00863,SUC-003,Honduras,Model E,2025
EV-ACME-06947,ACEMDLF10RG006947,CLI-00040,SUC-007,Canadá,Model F,2024
EV-ACME-06948,ACEMDLA11SK006948,CLI-00705,SUC-010,Perú,Model A,2025
EV-ACME-06949,ACEMDLB15TH006949,CLI-00781,SUC-008,Chile,Model B,2026
EV-ACME-06950,ACEMDLC11RC006950,CLI-00595,SUC-003,Honduras,Model C,2024
EV-ACME-06951,ACEMDLB13RD006951,CLI-00777,SUC-004,Costa Rica,Model B,2024
EV-ACME-06952,ACEMDLA17SE006952,CLI-00897,SUC-005,Colombia,Model A,2025
EV-ACME-06953,ACEMDLD19TB006953,CLI-00774,SUC-002,Guatemala,Model D,2026
EV-ACME-06954,ACEMDLC13SF006954,CLI-00338,SUC-006,Argentina,Model C,2025
EV-ACME-06955,ACEMDLF19SF006955,CLI-00458,SUC-006,Argentina,Model F,2025
EV-ACME-06956,ACEMDLC14TE006956,CLI-00074,SUC-005,Colombia,Model C,2026
EV-ACME-06957,ACEMDLE16TJ006957,CLI-00632,SUC-009,Panamá,Model E,2026
EV-ACME-06958,ACEMDLA14RD006958,CLI-00784,SUC-004,Costa Rica,Model A,2024
EV-ACME-06959,ACEMDLC18SC006959,CLI-00086,SUC-003,Honduras,Model C,2025
EV-ACME-06960,ACEMDLE15TE006960,CLI-00825,SUC-005,Colombia,Model E,2026
EV-ACME-06961,ACEMDLF18RE006961,CLI-00224,SUC-005,Colombia,Model F,2024
EV-ACME-06962,ACEMDLB14SH006962,CLI-00362,SUC-008,Chile,Model B,2025
EV-ACME-06963,ACEMDLC19SB006963,CLI-00454,SUC-002,Guatemala,Model C,2025
EV-ACME-06964,ACEMDLC19RC006964,CLI-00892,SUC-003,Honduras,Model C,2024
EV-ACME-06965,ACEMDLD10SK006965,CLI-00759,SUC-010,Perú,Model D,2025
EV-ACME-06966,ACEMDLA16SD006966,CLI-00631,SUC-004,Costa Rica,Model A,2025
EV-ACME-06967,ACEMDLF16RB006967,CLI-00793,SUC-002,Guatemala,Model F,2024
EV-ACME-06968,ACEMDLB14TD006968,CLI-00600,SUC-004,Costa Rica,Model B,2026
EV-ACME-06969,ACEMDLE14RD006969,CLI-00882,SUC-004,Costa Rica,Model E,2024
EV-ACME-06970,ACEMDLC10TD006970,CLI-01000,SUC-004,Costa Rica,Model C,2026
EV-ACME-06971,ACEMDLC18RH006971,CLI-00483,SUC-008,Chile,Model C,2024
EV-ACME-06972,ACEMDLC15SD006972,CLI-00882,SUC-004,Costa Rica,Model C,2025
EV-ACME-06973,ACEMDLA16RA006973,CLI-00299,SUC-001,México,Model A,2024
EV-ACME-06974,ACEMDLD13RJ006974,CLI-00909,SUC-009,Panamá,Model D,2024
EV-ACME-06975,ACEMDLB15SG006975,CLI-00635,SUC-007,Canadá,Model B,2025
EV-ACME-06976,ACEMDLC16TE006976,CLI-00186,SUC-005,Colombia,Model C,2026
EV-ACME-06977,ACEMDLB17RE006977,CLI-00473,SUC-005,Colombia,Model B,2024
EV-ACME-06978,ACEMDLB13RK006978,CLI-00711,SUC-010,Perú,Model B,2024
EV-ACME-06979,ACEMDLB11RB006979,CLI-00652,SUC-002,Guatemala,Model B,2024
EV-ACME-06980,ACEMDLC18TD006980,CLI-00917,SUC-004,Costa Rica,Model C,2026
EV-ACME-06981,ACEMDLE13SJ006981,CLI-00909,SUC-009,Panamá,Model E,2025
EV-ACME-06982,ACEMDLB19SB006982,CLI-00527,SUC-002,Guatemala,Model B,2025
EV-ACME-06983,ACEMDLF11TE006983,CLI-00788,SUC-005,Colombia,Model F,2026
EV-ACME-06984,ACEMDLA16RD006984,CLI-00971,SUC-004,Costa Rica,Model A,2024
EV-ACME-06985,ACEMDLA16RH006985,CLI-00728,SUC-008,Chile,Model A,2024
EV-ACME-06986,ACEMDLE11RE006986,CLI-00065,SUC-005,Colombia,Model E,2024
EV-ACME-06987,ACEMDLB18TD006987,CLI-00093,SUC-004,Costa Rica,Model B,2026
EV-ACME-06988,ACEMDLE11SA006988,CLI-00744,SUC-001,México,Model E,2025
EV-ACME-06989,ACEMDLD19TG006989,CLI-00740,SUC-007,Canadá,Model D,2026
EV-ACME-06990,ACEMDLB12SF006990,CLI-00944,SUC-006,Argentina,Model B,2025
EV-ACME-06991,ACEMDLA10TD006991,CLI-00959,SUC-004,Costa Rica,Model A,2026
EV-ACME-06992,ACEMDLA15TA006992,CLI-00292,SUC-001,México,Model A,2026
EV-ACME-06993,ACEMDLA11TK006993,CLI-00213,SUC-010,Perú,Model A,2026
EV-ACME-06994,ACEMDLD13TJ006994,CLI-00301,SUC-009,Panamá,Model D,2026
EV-ACME-06995,ACEMDLC18RF006995,CLI-00904,SUC-006,Argentina,Model C,2024
EV-ACME-06996,ACEMDLC15SF006996,CLI-00952,SUC-006,Argentina,Model C,2025
EV-ACME-06997,ACEMDLC18TC006997,CLI-00842,SUC-003,Honduras,Model C,2026
EV-ACME-06998,ACEMDLE16SA006998,CLI-00378,SUC-001,México,Model E,2025
EV-ACME-06999,ACEMDLE19RF006999,CLI-00965,SUC-006,Argentina,Model E,2024
EV-ACME-07000,ACEMDLF11RB007000,CLI-00277,SUC-002,Guatemala,Model F,2024
EV-ACME-07001,ACEMDLF16TH007001,CLI-00343,SUC-008,Chile,Model F,2026
EV-ACME-07002,ACEMDLE10SK007002,CLI-00302,SUC-010,Perú,Model E,2025
EV-ACME-07003,ACEMDLF10RF007003,CLI-00359,SUC-006,Argentina,Model F,2024
EV-ACME-07004,ACEMDLA19TD007004,CLI-00917,SUC-004,Costa Rica,Model A,2026
EV-ACME-07005,ACEMDLE12SD007005,CLI-00545,SUC-004,Costa Rica,Model E,2025
EV-ACME-07006,ACEMDLD16SK007006,CLI-00296,SUC-010,Perú,Model D,2025
EV-ACME-07007,ACEMDLD12SF007007,CLI-00816,SUC-006,Argentina,Model D,2025
EV-ACME-07008,ACEMDLD12RH007008,CLI-00860,SUC-008,Chile,Model D,2024
EV-ACME-07009,ACEMDLD16SG007009,CLI-00388,SUC-007,Canadá,Model D,2025
EV-ACME-07010,ACEMDLA11SC007010,CLI-00191,SUC-003,Honduras,Model A,2025
EV-ACME-07011,ACEMDLB17RB007011,CLI-00243,SUC-002,Guatemala,Model B,2024
EV-ACME-07012,ACEMDLF18RK007012,CLI-00201,SUC-010,Perú,Model F,2024
EV-ACME-07013,ACEMDLC17SA007013,CLI-00906,SUC-001,México,Model C,2025
EV-ACME-07014,ACEMDLA17SC007014,CLI-00230,SUC-003,Honduras,Model A,2025
EV-ACME-07015,ACEMDLB19TH007015,CLI-00204,SUC-008,Chile,Model B,2026
EV-ACME-07016,ACEMDLB14RG007016,CLI-00610,SUC-007,Canadá,Model B,2024
EV-ACME-07017,ACEMDLA11RC007017,CLI-00030,SUC-003,Honduras,Model A,2024
EV-ACME-07018,ACEMDLA19SJ007018,CLI-00951,SUC-009,Panamá,Model A,2025
EV-ACME-07019,ACEMDLC18TB007019,CLI-00793,SUC-002,Guatemala,Model C,2026
EV-ACME-07020,ACEMDLE13RB007020,CLI-00100,SUC-002,Guatemala,Model E,2024
EV-ACME-07021,ACEMDLE16SC007021,CLI-00391,SUC-003,Honduras,Model E,2025
EV-ACME-07022,ACEMDLB19SE007022,CLI-00059,SUC-005,Colombia,Model B,2025
EV-ACME-07023,ACEMDLD12SE007023,CLI-00551,SUC-005,Colombia,Model D,2025
EV-ACME-07024,ACEMDLB12RC007024,CLI-00423,SUC-003,Honduras,Model B,2024
EV-ACME-07025,ACEMDLD10SD007025,CLI-00874,SUC-004,Costa Rica,Model D,2025
EV-ACME-07026,ACEMDLC13RD007026,CLI-00980,SUC-004,Costa Rica,Model C,2024
EV-ACME-07027,ACEMDLD13RA007027,CLI-00233,SUC-001,México,Model D,2024
EV-ACME-07028,ACEMDLD18TK007028,CLI-00594,SUC-010,Perú,Model D,2026
EV-ACME-07029,ACEMDLB15SJ007029,CLI-00115,SUC-009,Panamá,Model B,2025
EV-ACME-07030,ACEMDLA18SH007030,CLI-00343,SUC-008,Chile,Model A,2025
EV-ACME-07031,ACEMDLC17RG007031,CLI-00462,SUC-007,Canadá,Model C,2024
EV-ACME-07032,ACEMDLC18RE007032,CLI-00365,SUC-005,Colombia,Model C,2024
EV-ACME-07033,ACEMDLF19SJ007033,CLI-00256,SUC-009,Panamá,Model F,2025
EV-ACME-07034,ACEMDLE19SJ007034,CLI-00628,SUC-009,Panamá,Model E,2025
EV-ACME-07035,ACEMDLF18TJ007035,CLI-00942,SUC-009,Panamá,Model F,2026
EV-ACME-07036,ACEMDLB13RF007036,CLI-00606,SUC-006,Argentina,Model B,2024
EV-ACME-07037,ACEMDLD19RF007037,CLI-00095,SUC-006,Argentina,Model D,2024
EV-ACME-07038,ACEMDLC15TF007038,CLI-00720,SUC-006,Argentina,Model C,2026
EV-ACME-07039,ACEMDLB11TA007039,CLI-00562,SUC-001,México,Model B,2026
EV-ACME-07040,ACEMDLA16SB007040,CLI-00384,SUC-002,Guatemala,Model A,2025
EV-ACME-07041,ACEMDLC13SA007041,CLI-00730,SUC-001,México,Model C,2025
EV-ACME-07042,ACEMDLF15TJ007042,CLI-00677,SUC-009,Panamá,Model F,2026
EV-ACME-07043,ACEMDLF15RK007043,CLI-00097,SUC-010,Perú,Model F,2024
EV-ACME-07044,ACEMDLA16RJ007044,CLI-00235,SUC-009,Panamá,Model A,2024
EV-ACME-07045,ACEMDLD10RJ007045,CLI-00202,SUC-009,Panamá,Model D,2024
EV-ACME-07046,ACEMDLA11RJ007046,CLI-00547,SUC-009,Panamá,Model A,2024
EV-ACME-07047,ACEMDLB17RB007047,CLI-00424,SUC-002,Guatemala,Model B,2024
EV-ACME-07048,ACEMDLC17TK007048,CLI-00835,SUC-010,Perú,Model C,2026
EV-ACME-07049,ACEMDLD10TC007049,CLI-00974,SUC-003,Honduras,Model D,2026
EV-ACME-07050,ACEMDLC10SG007050,CLI-00555,SUC-007,Canadá,Model C,2025
EV-ACME-07051,ACEMDLE19TJ007051,CLI-00252,SUC-009,Panamá,Model E,2026
EV-ACME-07052,ACEMDLE10SF007052,CLI-00720,SUC-006,Argentina,Model E,2025
EV-ACME-07053,ACEMDLC12SG007053,CLI-00042,SUC-007,Canadá,Model C,2025
EV-ACME-07054,ACEMDLA11SF007054,CLI-00540,SUC-006,Argentina,Model A,2025
EV-ACME-07055,ACEMDLD16TA007055,CLI-00025,SUC-001,México,Model D,2026
EV-ACME-07056,ACEMDLE14TE007056,CLI-00279,SUC-005,Colombia,Model E,2026
EV-ACME-07057,ACEMDLE10TJ007057,CLI-00829,SUC-009,Panamá,Model E,2026
EV-ACME-07058,ACEMDLC14TG007058,CLI-00852,SUC-007,Canadá,Model C,2026
EV-ACME-07059,ACEMDLE13SK007059,CLI-00821,SUC-010,Perú,Model E,2025
EV-ACME-07060,ACEMDLD16TG007060,CLI-00435,SUC-007,Canadá,Model D,2026
EV-ACME-07061,ACEMDLE12SF007061,CLI-00347,SUC-006,Argentina,Model E,2025
EV-ACME-07062,ACEMDLB18TH007062,CLI-00910,SUC-008,Chile,Model B,2026
EV-ACME-07063,ACEMDLE15RA007063,CLI-00207,SUC-001,México,Model E,2024
EV-ACME-07064,ACEMDLE15TA007064,CLI-00850,SUC-001,México,Model E,2026
EV-ACME-07065,ACEMDLA13SC007065,CLI-00504,SUC-003,Honduras,Model A,2025
EV-ACME-07066,ACEMDLA10SE007066,CLI-00897,SUC-005,Colombia,Model A,2025
EV-ACME-07067,ACEMDLA16SF007067,CLI-00289,SUC-006,Argentina,Model A,2025
EV-ACME-07068,ACEMDLA11RH007068,CLI-00563,SUC-008,Chile,Model A,2024
EV-ACME-07069,ACEMDLF17RB007069,CLI-00239,SUC-002,Guatemala,Model F,2024
EV-ACME-07070,ACEMDLB17TE007070,CLI-00968,SUC-005,Colombia,Model B,2026
EV-ACME-07071,ACEMDLE15TA007071,CLI-00661,SUC-001,México,Model E,2026
EV-ACME-07072,ACEMDLC12RE007072,CLI-00499,SUC-005,Colombia,Model C,2024
EV-ACME-07073,ACEMDLD17TA007073,CLI-00082,SUC-001,México,Model D,2026
EV-ACME-07074,ACEMDLE17TB007074,CLI-00178,SUC-002,Guatemala,Model E,2026
EV-ACME-07075,ACEMDLB12SJ007075,CLI-00049,SUC-009,Panamá,Model B,2025
EV-ACME-07076,ACEMDLA10TA007076,CLI-00443,SUC-001,México,Model A,2026
EV-ACME-07077,ACEMDLD14TH007077,CLI-00736,SUC-008,Chile,Model D,2026
EV-ACME-07078,ACEMDLA15RA007078,CLI-00584,SUC-001,México,Model A,2024
EV-ACME-07079,ACEMDLB10SK007079,CLI-00283,SUC-010,Perú,Model B,2025
EV-ACME-07080,ACEMDLC11RK007080,CLI-00161,SUC-010,Perú,Model C,2024
EV-ACME-07081,ACEMDLA18SF007081,CLI-00645,SUC-006,Argentina,Model A,2025
EV-ACME-07082,ACEMDLB14RD007082,CLI-00784,SUC-004,Costa Rica,Model B,2024
EV-ACME-07083,ACEMDLB12TG007083,CLI-00548,SUC-007,Canadá,Model B,2026
EV-ACME-07084,ACEMDLF12RG007084,CLI-00905,SUC-007,Canadá,Model F,2024
EV-ACME-07085,ACEMDLC16RC007085,CLI-00791,SUC-003,Honduras,Model C,2024
EV-ACME-07086,ACEMDLF13SF007086,CLI-00984,SUC-006,Argentina,Model F,2025
EV-ACME-07087,ACEMDLF13RD007087,CLI-00327,SUC-004,Costa Rica,Model F,2024
EV-ACME-07088,ACEMDLC17TK007088,CLI-00659,SUC-010,Perú,Model C,2026
EV-ACME-07089,ACEMDLE10TB007089,CLI-00640,SUC-002,Guatemala,Model E,2026
EV-ACME-07090,ACEMDLF16RK007090,CLI-00161,SUC-010,Perú,Model F,2024
EV-ACME-07091,ACEMDLC13SE007091,CLI-00495,SUC-005,Colombia,Model C,2025
EV-ACME-07092,ACEMDLF18SJ007092,CLI-00593,SUC-009,Panamá,Model F,2025
EV-ACME-07093,ACEMDLB10TA007093,CLI-00943,SUC-001,México,Model B,2026
EV-ACME-07094,ACEMDLC11TD007094,CLI-00785,SUC-004,Costa Rica,Model C,2026
EV-ACME-07095,ACEMDLA10RK007095,CLI-00758,SUC-010,Perú,Model A,2024
EV-ACME-07096,ACEMDLC12TF007096,CLI-00533,SUC-006,Argentina,Model C,2026
EV-ACME-07097,ACEMDLE17TD007097,CLI-00240,SUC-004,Costa Rica,Model E,2026
EV-ACME-07098,ACEMDLD19TE007098,CLI-00211,SUC-005,Colombia,Model D,2026
EV-ACME-07099,ACEMDLE17SB007099,CLI-00622,SUC-002,Guatemala,Model E,2025
EV-ACME-07100,ACEMDLA15RD007100,CLI-00174,SUC-004,Costa Rica,Model A,2024
EV-ACME-07101,ACEMDLF17RA007101,CLI-00537,SUC-001,México,Model F,2024
EV-ACME-07102,ACEMDLE11SC007102,CLI-00650,SUC-003,Honduras,Model E,2025
EV-ACME-07103,ACEMDLB15SF007103,CLI-00468,SUC-006,Argentina,Model B,2025
EV-ACME-07104,ACEMDLD18RD007104,CLI-00330,SUC-004,Costa Rica,Model D,2024
EV-ACME-07105,ACEMDLE13TE007105,CLI-00592,SUC-005,Colombia,Model E,2026
EV-ACME-07106,ACEMDLA14TK007106,CLI-00995,SUC-010,Perú,Model A,2026
EV-ACME-07107,ACEMDLD16SF007107,CLI-00796,SUC-006,Argentina,Model D,2025
EV-ACME-07108,ACEMDLD14TB007108,CLI-00653,SUC-002,Guatemala,Model D,2026
EV-ACME-07109,ACEMDLF16SC007109,CLI-00248,SUC-003,Honduras,Model F,2025
EV-ACME-07110,ACEMDLE19SJ007110,CLI-00596,SUC-009,Panamá,Model E,2025
EV-ACME-07111,ACEMDLE13TC007111,CLI-00975,SUC-003,Honduras,Model E,2026
EV-ACME-07112,ACEMDLB12TF007112,CLI-00399,SUC-006,Argentina,Model B,2026
EV-ACME-07113,ACEMDLD12SD007113,CLI-00457,SUC-004,Costa Rica,Model D,2025
EV-ACME-07114,ACEMDLF15RF007114,CLI-00468,SUC-006,Argentina,Model F,2024
EV-ACME-07115,ACEMDLE15TK007115,CLI-00175,SUC-010,Perú,Model E,2026
EV-ACME-07116,ACEMDLD12SD007116,CLI-00901,SUC-004,Costa Rica,Model D,2025
EV-ACME-07117,ACEMDLF18SE007117,CLI-00052,SUC-005,Colombia,Model F,2025
EV-ACME-07118,ACEMDLE11RJ007118,CLI-00886,SUC-009,Panamá,Model E,2024
EV-ACME-07119,ACEMDLB11TJ007119,CLI-00969,SUC-009,Panamá,Model B,2026
EV-ACME-07120,ACEMDLD16TC007120,CLI-00472,SUC-003,Honduras,Model D,2026
EV-ACME-07121,ACEMDLD13RB007121,CLI-00774,SUC-002,Guatemala,Model D,2024
EV-ACME-07122,ACEMDLF16RE007122,CLI-00224,SUC-005,Colombia,Model F,2024
EV-ACME-07123,ACEMDLC18SG007123,CLI-00938,SUC-007,Canadá,Model C,2025
EV-ACME-07124,ACEMDLE14RH007124,CLI-00314,SUC-008,Chile,Model E,2024
EV-ACME-07125,ACEMDLE11RG007125,CLI-00924,SUC-007,Canadá,Model E,2024
EV-ACME-07126,ACEMDLA16SB007126,CLI-00670,SUC-002,Guatemala,Model A,2025
EV-ACME-07127,ACEMDLB18SE007127,CLI-00747,SUC-005,Colombia,Model B,2025
EV-ACME-07128,ACEMDLE18RC007128,CLI-00885,SUC-003,Honduras,Model E,2024
EV-ACME-07129,ACEMDLC16RA007129,CLI-00382,SUC-001,México,Model C,2024
EV-ACME-07130,ACEMDLA10RH007130,CLI-00089,SUC-008,Chile,Model A,2024
EV-ACME-07131,ACEMDLD19SE007131,CLI-00708,SUC-005,Colombia,Model D,2025
EV-ACME-07132,ACEMDLB12TJ007132,CLI-00951,SUC-009,Panamá,Model B,2026
EV-ACME-07133,ACEMDLA14TK007133,CLI-00328,SUC-010,Perú,Model A,2026
EV-ACME-07134,ACEMDLD18TF007134,CLI-00166,SUC-006,Argentina,Model D,2026
EV-ACME-07135,ACEMDLE11SG007135,CLI-00808,SUC-007,Canadá,Model E,2025
EV-ACME-07136,ACEMDLD12TD007136,CLI-00649,SUC-004,Costa Rica,Model D,2026
EV-ACME-07137,ACEMDLC10TG007137,CLI-00934,SUC-007,Canadá,Model C,2026
EV-ACME-07138,ACEMDLF16TC007138,CLI-00460,SUC-003,Honduras,Model F,2026
EV-ACME-07139,ACEMDLA18RF007139,CLI-00965,SUC-006,Argentina,Model A,2024
EV-ACME-07140,ACEMDLD18RF007140,CLI-00695,SUC-006,Argentina,Model D,2024
EV-ACME-07141,ACEMDLB12TE007141,CLI-00574,SUC-005,Colombia,Model B,2026
EV-ACME-07142,ACEMDLD19RK007142,CLI-00179,SUC-010,Perú,Model D,2024
EV-ACME-07143,ACEMDLE12SK007143,CLI-00346,SUC-010,Perú,Model E,2025
EV-ACME-07144,ACEMDLC19TD007144,CLI-00882,SUC-004,Costa Rica,Model C,2026
EV-ACME-07145,ACEMDLC17RE007145,CLI-00085,SUC-005,Colombia,Model C,2024
EV-ACME-07146,ACEMDLF10SC007146,CLI-00426,SUC-003,Honduras,Model F,2025
EV-ACME-07147,ACEMDLA15SC007147,CLI-00136,SUC-003,Honduras,Model A,2025
EV-ACME-07148,ACEMDLB10TF007148,CLI-00722,SUC-006,Argentina,Model B,2026
EV-ACME-07149,ACEMDLF17TH007149,CLI-00021,SUC-008,Chile,Model F,2026
EV-ACME-07150,ACEMDLB11SB007150,CLI-00469,SUC-002,Guatemala,Model B,2025
EV-ACME-07151,ACEMDLA18RD007151,CLI-00383,SUC-004,Costa Rica,Model A,2024
EV-ACME-07152,ACEMDLD19TG007152,CLI-00548,SUC-007,Canadá,Model D,2026
EV-ACME-07153,ACEMDLC16TK007153,CLI-00097,SUC-010,Perú,Model C,2026
EV-ACME-07154,ACEMDLA14TD007154,CLI-00918,SUC-004,Costa Rica,Model A,2026
EV-ACME-07155,ACEMDLF13TB007155,CLI-00737,SUC-002,Guatemala,Model F,2026
EV-ACME-07156,ACEMDLA14RF007156,CLI-00347,SUC-006,Argentina,Model A,2024
EV-ACME-07157,ACEMDLB16TJ007157,CLI-00519,SUC-009,Panamá,Model B,2026
EV-ACME-07158,ACEMDLD19TE007158,CLI-00495,SUC-005,Colombia,Model D,2026
EV-ACME-07159,ACEMDLE14RK007159,CLI-00131,SUC-010,Perú,Model E,2024
EV-ACME-07160,ACEMDLD17SC007160,CLI-00426,SUC-003,Honduras,Model D,2025
EV-ACME-07161,ACEMDLE11TE007161,CLI-00394,SUC-005,Colombia,Model E,2026
EV-ACME-07162,ACEMDLF15RH007162,CLI-00130,SUC-008,Chile,Model F,2024
EV-ACME-07163,ACEMDLD14RE007163,CLI-00345,SUC-005,Colombia,Model D,2024
EV-ACME-07164,ACEMDLF11RK007164,CLI-00995,SUC-010,Perú,Model F,2024
EV-ACME-07165,ACEMDLD11RK007165,CLI-00275,SUC-010,Perú,Model D,2024
EV-ACME-07166,ACEMDLA17TE007166,CLI-00303,SUC-005,Colombia,Model A,2026
EV-ACME-07167,ACEMDLD10TG007167,CLI-00524,SUC-007,Canadá,Model D,2026
EV-ACME-07168,ACEMDLA13RE007168,CLI-00757,SUC-005,Colombia,Model A,2024
EV-ACME-07169,ACEMDLF18TC007169,CLI-00039,SUC-003,Honduras,Model F,2026
EV-ACME-07170,ACEMDLA14TK007170,CLI-00398,SUC-010,Perú,Model A,2026
EV-ACME-07171,ACEMDLF11TF007171,CLI-00113,SUC-006,Argentina,Model F,2026
EV-ACME-07172,ACEMDLA17SF007172,CLI-00952,SUC-006,Argentina,Model A,2025
EV-ACME-07173,ACEMDLA12TA007173,CLI-00221,SUC-001,México,Model A,2026
EV-ACME-07174,ACEMDLB11TB007174,CLI-00616,SUC-002,Guatemala,Model B,2026
EV-ACME-07175,ACEMDLE19TF007175,CLI-00522,SUC-006,Argentina,Model E,2026
EV-ACME-07176,ACEMDLD17SC007176,CLI-00818,SUC-003,Honduras,Model D,2025
EV-ACME-07177,ACEMDLA15TE007177,CLI-00618,SUC-005,Colombia,Model A,2026
EV-ACME-07178,ACEMDLD17RK007178,CLI-00590,SUC-010,Perú,Model D,2024
EV-ACME-07179,ACEMDLE13RE007179,CLI-00663,SUC-005,Colombia,Model E,2024
EV-ACME-07180,ACEMDLB11RH007180,CLI-00123,SUC-008,Chile,Model B,2024
EV-ACME-07181,ACEMDLE12TB007181,CLI-00815,SUC-002,Guatemala,Model E,2026
EV-ACME-07182,ACEMDLD19RE007182,CLI-00665,SUC-005,Colombia,Model D,2024
EV-ACME-07183,ACEMDLA15RD007183,CLI-00278,SUC-004,Costa Rica,Model A,2024
EV-ACME-07184,ACEMDLB13TJ007184,CLI-00834,SUC-009,Panamá,Model B,2026
EV-ACME-07185,ACEMDLE19RA007185,CLI-00261,SUC-001,México,Model E,2024
EV-ACME-07186,ACEMDLC19RK007186,CLI-00351,SUC-010,Perú,Model C,2024
EV-ACME-07187,ACEMDLA16TA007187,CLI-00318,SUC-001,México,Model A,2026
EV-ACME-07188,ACEMDLC12SD007188,CLI-00428,SUC-004,Costa Rica,Model C,2025
EV-ACME-07189,ACEMDLB10RA007189,CLI-00298,SUC-001,México,Model B,2024
EV-ACME-07190,ACEMDLF13SK007190,CLI-00821,SUC-010,Perú,Model F,2025
EV-ACME-07191,ACEMDLB10TC007191,CLI-00426,SUC-003,Honduras,Model B,2026
EV-ACME-07192,ACEMDLB11TG007192,CLI-00388,SUC-007,Canadá,Model B,2026
EV-ACME-07193,ACEMDLA16RE007193,CLI-00365,SUC-005,Colombia,Model A,2024
EV-ACME-07194,ACEMDLA17TH007194,CLI-00205,SUC-008,Chile,Model A,2026
EV-ACME-07195,ACEMDLD13SC007195,CLI-00376,SUC-003,Honduras,Model D,2025
EV-ACME-07196,ACEMDLE15SG007196,CLI-00465,SUC-007,Canadá,Model E,2025
EV-ACME-07197,ACEMDLF15SJ007197,CLI-00127,SUC-009,Panamá,Model F,2025
EV-ACME-07198,ACEMDLB16RA007198,CLI-00546,SUC-001,México,Model B,2024
EV-ACME-07199,ACEMDLB10SJ007199,CLI-00235,SUC-009,Panamá,Model B,2025
EV-ACME-07200,ACEMDLC17TA007200,CLI-00943,SUC-001,México,Model C,2026
EV-ACME-07201,ACEMDLD16TG007201,CLI-00294,SUC-007,Canadá,Model D,2026
EV-ACME-07202,ACEMDLE17RE007202,CLI-00211,SUC-005,Colombia,Model E,2024
EV-ACME-07203,ACEMDLF17RJ007203,CLI-00312,SUC-009,Panamá,Model F,2024
EV-ACME-07204,ACEMDLB18RE007204,CLI-00417,SUC-005,Colombia,Model B,2024
EV-ACME-07205,ACEMDLC13RA007205,CLI-00264,SUC-001,México,Model C,2024
EV-ACME-07206,ACEMDLF18SK007206,CLI-00759,SUC-010,Perú,Model F,2025
EV-ACME-07207,ACEMDLC15SK007207,CLI-00147,SUC-010,Perú,Model C,2025
EV-ACME-07208,ACEMDLE12TH007208,CLI-00515,SUC-008,Chile,Model E,2026
EV-ACME-07209,ACEMDLC18TD007209,CLI-00309,SUC-004,Costa Rica,Model C,2026
EV-ACME-07210,ACEMDLF15RE007210,CLI-00190,SUC-005,Colombia,Model F,2024
EV-ACME-07211,ACEMDLD16SJ007211,CLI-00072,SUC-009,Panamá,Model D,2025
EV-ACME-07212,ACEMDLB18RD007212,CLI-00381,SUC-004,Costa Rica,Model B,2024
EV-ACME-07213,ACEMDLD14TB007213,CLI-00354,SUC-002,Guatemala,Model D,2026
EV-ACME-07214,ACEMDLA17SK007214,CLI-00396,SUC-010,Perú,Model A,2025
EV-ACME-07215,ACEMDLD14SG007215,CLI-00306,SUC-007,Canadá,Model D,2025
EV-ACME-07216,ACEMDLE18TA007216,CLI-00844,SUC-001,México,Model E,2026
EV-ACME-07217,ACEMDLD10RA007217,CLI-00580,SUC-001,México,Model D,2024
EV-ACME-07218,ACEMDLF14RK007218,CLI-00161,SUC-010,Perú,Model F,2024
EV-ACME-07219,ACEMDLA11SF007219,CLI-00532,SUC-006,Argentina,Model A,2025
EV-ACME-07220,ACEMDLC13TC007220,CLI-00209,SUC-003,Honduras,Model C,2026
EV-ACME-07221,ACEMDLB14TE007221,CLI-00128,SUC-005,Colombia,Model B,2026
EV-ACME-07222,ACEMDLA15TK007222,CLI-00068,SUC-010,Perú,Model A,2026
EV-ACME-07223,ACEMDLB12TE007223,CLI-00085,SUC-005,Colombia,Model B,2026
EV-ACME-07224,ACEMDLE10TJ007224,CLI-00970,SUC-009,Panamá,Model E,2026
EV-ACME-07225,ACEMDLB18SF007225,CLI-00644,SUC-006,Argentina,Model B,2025
EV-ACME-07226,ACEMDLA11RC007226,CLI-00191,SUC-003,Honduras,Model A,2024
EV-ACME-07227,ACEMDLB12TA007227,CLI-00233,SUC-001,México,Model B,2026
EV-ACME-07228,ACEMDLA14SC007228,CLI-00140,SUC-003,Honduras,Model A,2025
EV-ACME-07229,ACEMDLB18TG007229,CLI-00589,SUC-007,Canadá,Model B,2026
EV-ACME-07230,ACEMDLD12RK007230,CLI-00582,SUC-010,Perú,Model D,2024
EV-ACME-07231,ACEMDLE18SH007231,CLI-00913,SUC-008,Chile,Model E,2025
EV-ACME-07232,ACEMDLB14RE007232,CLI-00128,SUC-005,Colombia,Model B,2024
EV-ACME-07233,ACEMDLB17SD007233,CLI-00874,SUC-004,Costa Rica,Model B,2025
EV-ACME-07234,ACEMDLD12RE007234,CLI-00186,SUC-005,Colombia,Model D,2024
EV-ACME-07235,ACEMDLB10SF007235,CLI-00946,SUC-006,Argentina,Model B,2025
EV-ACME-07236,ACEMDLD11TD007236,CLI-00160,SUC-004,Costa Rica,Model D,2026
EV-ACME-07237,ACEMDLB19SC007237,CLI-00412,SUC-003,Honduras,Model B,2025
EV-ACME-07238,ACEMDLE16RH007238,CLI-00556,SUC-008,Chile,Model E,2024
EV-ACME-07239,ACEMDLB13SB007239,CLI-00354,SUC-002,Guatemala,Model B,2025
EV-ACME-07240,ACEMDLA13SK007240,CLI-00328,SUC-010,Perú,Model A,2025
EV-ACME-07241,ACEMDLB16TA007241,CLI-00675,SUC-001,México,Model B,2026
EV-ACME-07242,ACEMDLF15TC007242,CLI-00460,SUC-003,Honduras,Model F,2026
EV-ACME-07243,ACEMDLA11TA007243,CLI-00386,SUC-001,México,Model A,2026
EV-ACME-07244,ACEMDLE11TF007244,CLI-00071,SUC-006,Argentina,Model E,2026
EV-ACME-07245,ACEMDLC15TG007245,CLI-00294,SUC-007,Canadá,Model C,2026
EV-ACME-07246,ACEMDLD15TB007246,CLI-00849,SUC-002,Guatemala,Model D,2026
EV-ACME-07247,ACEMDLB12SE007247,CLI-00085,SUC-005,Colombia,Model B,2025
EV-ACME-07248,ACEMDLE13RG007248,CLI-00321,SUC-007,Canadá,Model E,2024
EV-ACME-07249,ACEMDLE13RC007249,CLI-00598,SUC-003,Honduras,Model E,2024
EV-ACME-07250,ACEMDLB14RG007250,CLI-00740,SUC-007,Canadá,Model B,2024
EV-ACME-07251,ACEMDLF14RF007251,CLI-00965,SUC-006,Argentina,Model F,2024
EV-ACME-07252,ACEMDLD18RK007252,CLI-00884,SUC-010,Perú,Model D,2024
EV-ACME-07253,ACEMDLB18RA007253,CLI-00103,SUC-001,México,Model B,2024
EV-ACME-07254,ACEMDLF11SK007254,CLI-00795,SUC-010,Perú,Model F,2025
EV-ACME-07255,ACEMDLF10TC007255,CLI-00415,SUC-003,Honduras,Model F,2026
EV-ACME-07256,ACEMDLF13TE007256,CLI-00365,SUC-005,Colombia,Model F,2026
EV-ACME-07257,ACEMDLC17SC007257,CLI-00809,SUC-003,Honduras,Model C,2025
EV-ACME-07258,ACEMDLB10SA007258,CLI-00057,SUC-001,México,Model B,2025
EV-ACME-07259,ACEMDLC10RD007259,CLI-00787,SUC-004,Costa Rica,Model C,2024
EV-ACME-07260,ACEMDLF12TB007260,CLI-00653,SUC-002,Guatemala,Model F,2026
EV-ACME-07261,ACEMDLE11RK007261,CLI-00097,SUC-010,Perú,Model E,2024
EV-ACME-07262,ACEMDLD17RC007262,CLI-00320,SUC-003,Honduras,Model D,2024
EV-ACME-07263,ACEMDLA16RJ007263,CLI-00115,SUC-009,Panamá,Model A,2024
EV-ACME-07264,ACEMDLB18SC007264,CLI-00255,SUC-003,Honduras,Model B,2025
EV-ACME-07265,ACEMDLE17TF007265,CLI-00523,SUC-006,Argentina,Model E,2026
EV-ACME-07266,ACEMDLD19TE007266,CLI-00646,SUC-005,Colombia,Model D,2026
EV-ACME-07267,ACEMDLA14RA007267,CLI-00152,SUC-001,México,Model A,2024
EV-ACME-07268,ACEMDLA11TH007268,CLI-00515,SUC-008,Chile,Model A,2026
EV-ACME-07269,ACEMDLB18RF007269,CLI-00028,SUC-006,Argentina,Model B,2024
EV-ACME-07270,ACEMDLA18SJ007270,CLI-00643,SUC-009,Panamá,Model A,2025
EV-ACME-07271,ACEMDLC18TJ007271,CLI-00150,SUC-009,Panamá,Model C,2026
EV-ACME-07272,ACEMDLE18TB007272,CLI-00770,SUC-002,Guatemala,Model E,2026
EV-ACME-07273,ACEMDLC12TG007273,CLI-00004,SUC-007,Canadá,Model C,2026
EV-ACME-07274,ACEMDLE12TE007274,CLI-00257,SUC-005,Colombia,Model E,2026
EV-ACME-07275,ACEMDLE15SJ007275,CLI-00880,SUC-009,Panamá,Model E,2025
EV-ACME-07276,ACEMDLB15TK007276,CLI-00286,SUC-010,Perú,Model B,2026
EV-ACME-07277,ACEMDLF13SJ007277,CLI-00684,SUC-009,Panamá,Model F,2025
EV-ACME-07278,ACEMDLB15SJ007278,CLI-00374,SUC-009,Panamá,Model B,2025
EV-ACME-07279,ACEMDLE13TF007279,CLI-00425,SUC-006,Argentina,Model E,2026
EV-ACME-07280,ACEMDLF11SF007280,CLI-00098,SUC-006,Argentina,Model F,2025
EV-ACME-07281,ACEMDLA17TC007281,CLI-00236,SUC-003,Honduras,Model A,2026
EV-ACME-07282,ACEMDLD16RA007282,CLI-00066,SUC-001,México,Model D,2024
EV-ACME-07283,ACEMDLC17SF007283,CLI-00468,SUC-006,Argentina,Model C,2025
EV-ACME-07284,ACEMDLF18TH007284,CLI-00728,SUC-008,Chile,Model F,2026
EV-ACME-07285,ACEMDLB12RB007285,CLI-00219,SUC-002,Guatemala,Model B,2024
EV-ACME-07286,ACEMDLA16SE007286,CLI-00573,SUC-005,Colombia,Model A,2025
EV-ACME-07287,ACEMDLC16TB007287,CLI-00429,SUC-002,Guatemala,Model C,2026
EV-ACME-07288,ACEMDLB17SK007288,CLI-00565,SUC-010,Perú,Model B,2025
EV-ACME-07289,ACEMDLE13SB007289,CLI-00651,SUC-002,Guatemala,Model E,2025
EV-ACME-07290,ACEMDLC10TK007290,CLI-00137,SUC-010,Perú,Model C,2026
EV-ACME-07291,ACEMDLA11RB007291,CLI-00509,SUC-002,Guatemala,Model A,2024
EV-ACME-07292,ACEMDLE15TC007292,CLI-00875,SUC-003,Honduras,Model E,2026
EV-ACME-07293,ACEMDLA13RK007293,CLI-00024,SUC-010,Perú,Model A,2024
EV-ACME-07294,ACEMDLF14SB007294,CLI-00774,SUC-002,Guatemala,Model F,2025
EV-ACME-07295,ACEMDLC10RC007295,CLI-00986,SUC-003,Honduras,Model C,2024
EV-ACME-07296,ACEMDLC17RF007296,CLI-00180,SUC-006,Argentina,Model C,2024
EV-ACME-07297,ACEMDLC11TA007297,CLI-00553,SUC-001,México,Model C,2026
EV-ACME-07298,ACEMDLB11TA007298,CLI-00172,SUC-001,México,Model B,2026
EV-ACME-07299,ACEMDLD14TD007299,CLI-00237,SUC-004,Costa Rica,Model D,2026
EV-ACME-07300,ACEMDLA18TE007300,CLI-00846,SUC-005,Colombia,Model A,2026
EV-ACME-07301,ACEMDLF19TD007301,CLI-00898,SUC-004,Costa Rica,Model F,2026
EV-ACME-07302,ACEMDLF16SG007302,CLI-00671,SUC-007,Canadá,Model F,2025
EV-ACME-07303,ACEMDLB14RB007303,CLI-00652,SUC-002,Guatemala,Model B,2024
EV-ACME-07304,ACEMDLC17RA007304,CLI-00233,SUC-001,México,Model C,2024
EV-ACME-07305,ACEMDLB19TE007305,CLI-00246,SUC-005,Colombia,Model B,2026
EV-ACME-07306,ACEMDLB12RF007306,CLI-00966,SUC-006,Argentina,Model B,2024
EV-ACME-07307,ACEMDLC18TJ007307,CLI-00648,SUC-009,Panamá,Model C,2026
EV-ACME-07308,ACEMDLB15TB007308,CLI-00839,SUC-002,Guatemala,Model B,2026
EV-ACME-07309,ACEMDLE10SB007309,CLI-00725,SUC-002,Guatemala,Model E,2025
EV-ACME-07310,ACEMDLB15RC007310,CLI-00667,SUC-003,Honduras,Model B,2024
EV-ACME-07311,ACEMDLC17SF007311,CLI-00455,SUC-006,Argentina,Model C,2025
EV-ACME-07312,ACEMDLC11RD007312,CLI-00649,SUC-004,Costa Rica,Model C,2024
EV-ACME-07313,ACEMDLC19RE007313,CLI-00341,SUC-005,Colombia,Model C,2024
EV-ACME-07314,ACEMDLE13SF007314,CLI-00903,SUC-006,Argentina,Model E,2025
EV-ACME-07315,ACEMDLE17SA007315,CLI-00553,SUC-001,México,Model E,2025
EV-ACME-07316,ACEMDLB10SJ007316,CLI-00586,SUC-009,Panamá,Model B,2025
EV-ACME-07317,ACEMDLF13RB007317,CLI-00652,SUC-002,Guatemala,Model F,2024
EV-ACME-07318,ACEMDLE13RG007318,CLI-00629,SUC-007,Canadá,Model E,2024
EV-ACME-07319,ACEMDLD14SH007319,CLI-00009,SUC-008,Chile,Model D,2025
EV-ACME-07320,ACEMDLB16SG007320,CLI-00934,SUC-007,Canadá,Model B,2025
EV-ACME-07321,ACEMDLE12TB007321,CLI-00833,SUC-002,Guatemala,Model E,2026
EV-ACME-07322,ACEMDLC17SB007322,CLI-00300,SUC-002,Guatemala,Model C,2025
EV-ACME-07323,ACEMDLE10TC007323,CLI-00591,SUC-003,Honduras,Model E,2026
EV-ACME-07324,ACEMDLC12RJ007324,CLI-00235,SUC-009,Panamá,Model C,2024
EV-ACME-07325,ACEMDLF10TG007325,CLI-00380,SUC-007,Canadá,Model F,2026
EV-ACME-07326,ACEMDLF16TC007326,CLI-00472,SUC-003,Honduras,Model F,2026
EV-ACME-07327,ACEMDLF19RK007327,CLI-00489,SUC-010,Perú,Model F,2024
EV-ACME-07328,ACEMDLA12RA007328,CLI-00333,SUC-001,México,Model A,2024
EV-ACME-07329,ACEMDLF15RD007329,CLI-00692,SUC-004,Costa Rica,Model F,2024
EV-ACME-07330,ACEMDLA10TF007330,CLI-00824,SUC-006,Argentina,Model A,2026
EV-ACME-07331,ACEMDLE14TH007331,CLI-00891,SUC-008,Chile,Model E,2026
EV-ACME-07332,ACEMDLA10RB007332,CLI-00390,SUC-002,Guatemala,Model A,2024
EV-ACME-07333,ACEMDLC10SJ007333,CLI-00049,SUC-009,Panamá,Model C,2025
EV-ACME-07334,ACEMDLE18RA007334,CLI-00537,SUC-001,México,Model E,2024
EV-ACME-07335,ACEMDLC12SC007335,CLI-00819,SUC-003,Honduras,Model C,2025
EV-ACME-07336,ACEMDLA10RK007336,CLI-00711,SUC-010,Perú,Model A,2024
EV-ACME-07337,ACEMDLF18SG007337,CLI-00321,SUC-007,Canadá,Model F,2025
EV-ACME-07338,ACEMDLA12TD007338,CLI-00927,SUC-004,Costa Rica,Model A,2026
EV-ACME-07339,ACEMDLA15SF007339,CLI-00533,SUC-006,Argentina,Model A,2025
EV-ACME-07340,ACEMDLB11RE007340,CLI-00810,SUC-005,Colombia,Model B,2024
EV-ACME-07341,ACEMDLD18SD007341,CLI-00148,SUC-004,Costa Rica,Model D,2025
EV-ACME-07342,ACEMDLE13TD007342,CLI-00828,SUC-004,Costa Rica,Model E,2026
EV-ACME-07343,ACEMDLB14SJ007343,CLI-00312,SUC-009,Panamá,Model B,2025
EV-ACME-07344,ACEMDLF13RD007344,CLI-00331,SUC-004,Costa Rica,Model F,2024
EV-ACME-07345,ACEMDLE13TE007345,CLI-00592,SUC-005,Colombia,Model E,2026
EV-ACME-07346,ACEMDLF16TB007346,CLI-00619,SUC-002,Guatemala,Model F,2026
EV-ACME-07347,ACEMDLC17SH007347,CLI-00339,SUC-008,Chile,Model C,2025
EV-ACME-07348,ACEMDLC12SK007348,CLI-00310,SUC-010,Perú,Model C,2025
EV-ACME-07349,ACEMDLB15RD007349,CLI-00005,SUC-004,Costa Rica,Model B,2024
EV-ACME-07350,ACEMDLE19RF007350,CLI-00492,SUC-006,Argentina,Model E,2024
EV-ACME-07351,ACEMDLB16SE007351,CLI-00345,SUC-005,Colombia,Model B,2025
EV-ACME-07352,ACEMDLB17RH007352,CLI-00063,SUC-008,Chile,Model B,2024
EV-ACME-07353,ACEMDLB12SH007353,CLI-00138,SUC-008,Chile,Model B,2025
EV-ACME-07354,ACEMDLC19TB007354,CLI-00725,SUC-002,Guatemala,Model C,2026
EV-ACME-07355,ACEMDLC18TC007355,CLI-00426,SUC-003,Honduras,Model C,2026
EV-ACME-07356,ACEMDLB14SJ007356,CLI-00925,SUC-009,Panamá,Model B,2025
EV-ACME-07357,ACEMDLF14SF007357,CLI-00347,SUC-006,Argentina,Model F,2025
EV-ACME-07358,ACEMDLC11SA007358,CLI-00730,SUC-001,México,Model C,2025
EV-ACME-07359,ACEMDLB14RC007359,CLI-00693,SUC-003,Honduras,Model B,2024
EV-ACME-07360,ACEMDLB18SF007360,CLI-00990,SUC-006,Argentina,Model B,2025
EV-ACME-07361,ACEMDLB13RC007361,CLI-00979,SUC-003,Honduras,Model B,2024
EV-ACME-07362,ACEMDLC16TD007362,CLI-00605,SUC-004,Costa Rica,Model C,2026
EV-ACME-07363,ACEMDLA16RC007363,CLI-00656,SUC-003,Honduras,Model A,2024
EV-ACME-07364,ACEMDLB17SF007364,CLI-00458,SUC-006,Argentina,Model B,2025
EV-ACME-07365,ACEMDLD14RC007365,CLI-00525,SUC-003,Honduras,Model D,2024
EV-ACME-07366,ACEMDLF11SE007366,CLI-00497,SUC-005,Colombia,Model F,2025
EV-ACME-07367,ACEMDLE16TF007367,CLI-00533,SUC-006,Argentina,Model E,2026
EV-ACME-07368,ACEMDLC16TG007368,CLI-00308,SUC-007,Canadá,Model C,2026
EV-ACME-07369,ACEMDLC16RC007369,CLI-00490,SUC-003,Honduras,Model C,2024
EV-ACME-07370,ACEMDLF14TE007370,CLI-00096,SUC-005,Colombia,Model F,2026
EV-ACME-07371,ACEMDLD13TH007371,CLI-00860,SUC-008,Chile,Model D,2026
EV-ACME-07372,ACEMDLF12RF007372,CLI-00420,SUC-006,Argentina,Model F,2024
EV-ACME-07373,ACEMDLB11TB007373,CLI-00390,SUC-002,Guatemala,Model B,2026
EV-ACME-07374,ACEMDLB11RG007374,CLI-00671,SUC-007,Canadá,Model B,2024
EV-ACME-07375,ACEMDLD10TC007375,CLI-00809,SUC-003,Honduras,Model D,2026
EV-ACME-07376,ACEMDLE15TB007376,CLI-00390,SUC-002,Guatemala,Model E,2026
EV-ACME-07377,ACEMDLA17SG007377,CLI-00524,SUC-007,Canadá,Model A,2025
EV-ACME-07378,ACEMDLC17TA007378,CLI-00223,SUC-001,México,Model C,2026
EV-ACME-07379,ACEMDLB13SB007379,CLI-00793,SUC-002,Guatemala,Model B,2025
EV-ACME-07380,ACEMDLB18RK007380,CLI-00400,SUC-010,Perú,Model B,2024
EV-ACME-07381,ACEMDLA10SF007381,CLI-00626,SUC-006,Argentina,Model A,2025
EV-ACME-07382,ACEMDLD12TF007382,CLI-00116,SUC-006,Argentina,Model D,2026
EV-ACME-07383,ACEMDLA19RB007383,CLI-00941,SUC-002,Guatemala,Model A,2024
EV-ACME-07384,ACEMDLD18SB007384,CLI-00405,SUC-002,Guatemala,Model D,2025
EV-ACME-07385,ACEMDLA16TB007385,CLI-00997,SUC-002,Guatemala,Model A,2026
EV-ACME-07386,ACEMDLE14TC007386,CLI-00621,SUC-003,Honduras,Model E,2026
EV-ACME-07387,ACEMDLA14TK007387,CLI-00396,SUC-010,Perú,Model A,2026
EV-ACME-07388,ACEMDLD16TK007388,CLI-00275,SUC-010,Perú,Model D,2026
EV-ACME-07389,ACEMDLD17RA007389,CLI-00264,SUC-001,México,Model D,2024
EV-ACME-07390,ACEMDLC11SC007390,CLI-00504,SUC-003,Honduras,Model C,2025
EV-ACME-07391,ACEMDLC11TJ007391,CLI-00599,SUC-009,Panamá,Model C,2026
EV-ACME-07392,ACEMDLD14SA007392,CLI-00799,SUC-001,México,Model D,2025
EV-ACME-07393,ACEMDLF16RD007393,CLI-00600,SUC-004,Costa Rica,Model F,2024
EV-ACME-07394,ACEMDLD10SG007394,CLI-00840,SUC-007,Canadá,Model D,2025
EV-ACME-07395,ACEMDLF19RF007395,CLI-00893,SUC-006,Argentina,Model F,2024
EV-ACME-07396,ACEMDLA18RJ007396,CLI-00707,SUC-009,Panamá,Model A,2024
EV-ACME-07397,ACEMDLE11SJ007397,CLI-00348,SUC-009,Panamá,Model E,2025
EV-ACME-07398,ACEMDLF11TD007398,CLI-00008,SUC-004,Costa Rica,Model F,2026
EV-ACME-07399,ACEMDLD11TC007399,CLI-00871,SUC-003,Honduras,Model D,2026
EV-ACME-07400,ACEMDLF10TD007400,CLI-00069,SUC-004,Costa Rica,Model F,2026
EV-ACME-07401,ACEMDLD12TA007401,CLI-00580,SUC-001,México,Model D,2026
EV-ACME-07402,ACEMDLC14TH007402,CLI-00447,SUC-008,Chile,Model C,2026
EV-ACME-07403,ACEMDLF17RD007403,CLI-00921,SUC-004,Costa Rica,Model F,2024
EV-ACME-07404,ACEMDLB10SD007404,CLI-00027,SUC-004,Costa Rica,Model B,2025
EV-ACME-07405,ACEMDLA18SG007405,CLI-00448,SUC-007,Canadá,Model A,2025
EV-ACME-07406,ACEMDLF14TD007406,CLI-00959,SUC-004,Costa Rica,Model F,2026
EV-ACME-07407,ACEMDLE13TA007407,CLI-00329,SUC-001,México,Model E,2026
EV-ACME-07408,ACEMDLD17TE007408,CLI-00190,SUC-005,Colombia,Model D,2026
EV-ACME-07409,ACEMDLF17RF007409,CLI-00244,SUC-006,Argentina,Model F,2024
EV-ACME-07410,ACEMDLD19TE007410,CLI-00128,SUC-005,Colombia,Model D,2026
EV-ACME-07411,ACEMDLB18SA007411,CLI-00529,SUC-001,México,Model B,2025
EV-ACME-07412,ACEMDLA12SJ007412,CLI-00044,SUC-009,Panamá,Model A,2025
EV-ACME-07413,ACEMDLC17SH007413,CLI-00362,SUC-008,Chile,Model C,2025
EV-ACME-07414,ACEMDLB15RB007414,CLI-00281,SUC-002,Guatemala,Model B,2024
EV-ACME-07415,ACEMDLB11RD007415,CLI-00917,SUC-004,Costa Rica,Model B,2024
EV-ACME-07416,ACEMDLE12RD007416,CLI-00535,SUC-004,Costa Rica,Model E,2024
EV-ACME-07417,ACEMDLC10SE007417,CLI-00451,SUC-005,Colombia,Model C,2025
EV-ACME-07418,ACEMDLA14RC007418,CLI-00826,SUC-003,Honduras,Model A,2024
EV-ACME-07419,ACEMDLA17RG007419,CLI-00448,SUC-007,Canadá,Model A,2024
EV-ACME-07420,ACEMDLA17RJ007420,CLI-00701,SUC-009,Panamá,Model A,2024
EV-ACME-07421,ACEMDLD17SE007421,CLI-00048,SUC-005,Colombia,Model D,2025
EV-ACME-07422,ACEMDLF14RA007422,CLI-00661,SUC-001,México,Model F,2024
EV-ACME-07423,ACEMDLE18RA007423,CLI-00916,SUC-001,México,Model E,2024
EV-ACME-07424,ACEMDLD15TE007424,CLI-00075,SUC-005,Colombia,Model D,2026
EV-ACME-07425,ACEMDLB16SE007425,CLI-00727,SUC-005,Colombia,Model B,2025
EV-ACME-07426,ACEMDLB11TA007426,CLI-00208,SUC-001,México,Model B,2026
EV-ACME-07427,ACEMDLD17TF007427,CLI-00047,SUC-006,Argentina,Model D,2026
EV-ACME-07428,ACEMDLC14SC007428,CLI-00504,SUC-003,Honduras,Model C,2025
EV-ACME-07429,ACEMDLC13TH007429,CLI-00910,SUC-008,Chile,Model C,2026
EV-ACME-07430,ACEMDLB19RK007430,CLI-00835,SUC-010,Perú,Model B,2024
EV-ACME-07431,ACEMDLF10SF007431,CLI-00966,SUC-006,Argentina,Model F,2025
EV-ACME-07432,ACEMDLA17TH007432,CLI-00134,SUC-008,Chile,Model A,2026
EV-ACME-07433,ACEMDLF11RJ007433,CLI-00694,SUC-009,Panamá,Model F,2024
EV-ACME-07434,ACEMDLC10TC007434,CLI-00525,SUC-003,Honduras,Model C,2026
EV-ACME-07435,ACEMDLD18SH007435,CLI-00860,SUC-008,Chile,Model D,2025
EV-ACME-07436,ACEMDLA17SD007436,CLI-00517,SUC-004,Costa Rica,Model A,2025
EV-ACME-07437,ACEMDLC12RF007437,CLI-00317,SUC-006,Argentina,Model C,2024
EV-ACME-07438,ACEMDLD19RA007438,CLI-00034,SUC-001,México,Model D,2024
EV-ACME-07439,ACEMDLC12SJ007439,CLI-00487,SUC-009,Panamá,Model C,2025
EV-ACME-07440,ACEMDLB14RF007440,CLI-00102,SUC-006,Argentina,Model B,2024
EV-ACME-07441,ACEMDLF10RA007441,CLI-00333,SUC-001,México,Model F,2024
EV-ACME-07442,ACEMDLC18TC007442,CLI-00215,SUC-003,Honduras,Model C,2026
EV-ACME-07443,ACEMDLC12SE007443,CLI-00955,SUC-005,Colombia,Model C,2025
EV-ACME-07444,ACEMDLC15RD007444,CLI-00148,SUC-004,Costa Rica,Model C,2024
EV-ACME-07445,ACEMDLA14SA007445,CLI-00661,SUC-001,México,Model A,2025
EV-ACME-07446,ACEMDLB12RK007446,CLI-00851,SUC-010,Perú,Model B,2024
EV-ACME-07447,ACEMDLF11SD007447,CLI-00247,SUC-004,Costa Rica,Model F,2025
EV-ACME-07448,ACEMDLD17RJ007448,CLI-00408,SUC-009,Panamá,Model D,2024
EV-ACME-07449,ACEMDLE11TD007449,CLI-00971,SUC-004,Costa Rica,Model E,2026
EV-ACME-07450,ACEMDLE11RE007450,CLI-00344,SUC-005,Colombia,Model E,2024
EV-ACME-07451,ACEMDLC13TF007451,CLI-00014,SUC-006,Argentina,Model C,2026
EV-ACME-07452,ACEMDLE14SD007452,CLI-00901,SUC-004,Costa Rica,Model E,2025
EV-ACME-07453,ACEMDLF12SA007453,CLI-00853,SUC-001,México,Model F,2025
EV-ACME-07454,ACEMDLD15SB007454,CLI-00997,SUC-002,Guatemala,Model D,2025
EV-ACME-07455,ACEMDLF19RE007455,CLI-00341,SUC-005,Colombia,Model F,2024
EV-ACME-07456,ACEMDLB19RE007456,CLI-00708,SUC-005,Colombia,Model B,2024
EV-ACME-07457,ACEMDLA18SJ007457,CLI-00837,SUC-009,Panamá,Model A,2025
EV-ACME-07458,ACEMDLB15TF007458,CLI-00816,SUC-006,Argentina,Model B,2026
EV-ACME-07459,ACEMDLD18TG007459,CLI-00349,SUC-007,Canadá,Model D,2026
EV-ACME-07460,ACEMDLC15RA007460,CLI-00353,SUC-001,México,Model C,2024
EV-ACME-07461,ACEMDLC17SK007461,CLI-00286,SUC-010,Perú,Model C,2025
EV-ACME-07462,ACEMDLB12RF007462,CLI-00735,SUC-006,Argentina,Model B,2024
EV-ACME-07463,ACEMDLF13RJ007463,CLI-00880,SUC-009,Panamá,Model F,2024
EV-ACME-07464,ACEMDLB19RF007464,CLI-00011,SUC-006,Argentina,Model B,2024
EV-ACME-07465,ACEMDLC15TD007465,CLI-00977,SUC-004,Costa Rica,Model C,2026
EV-ACME-07466,ACEMDLF13TB007466,CLI-00012,SUC-002,Guatemala,Model F,2026
EV-ACME-07467,ACEMDLD14RD007467,CLI-00005,SUC-004,Costa Rica,Model D,2024
EV-ACME-07468,ACEMDLC16RK007468,CLI-00398,SUC-010,Perú,Model C,2024
EV-ACME-07469,ACEMDLE15SH007469,CLI-00021,SUC-008,Chile,Model E,2025
EV-ACME-07470,ACEMDLE10RG007470,CLI-00560,SUC-007,Canadá,Model E,2024
EV-ACME-07471,ACEMDLC14RK007471,CLI-00858,SUC-010,Perú,Model C,2024
EV-ACME-07472,ACEMDLE11RC007472,CLI-00823,SUC-003,Honduras,Model E,2024
EV-ACME-07473,ACEMDLB16SJ007473,CLI-00963,SUC-009,Panamá,Model B,2025
EV-ACME-07474,ACEMDLE13TD007474,CLI-00330,SUC-004,Costa Rica,Model E,2026
EV-ACME-07475,ACEMDLD16TK007475,CLI-00729,SUC-010,Perú,Model D,2026
EV-ACME-07476,ACEMDLA14SJ007476,CLI-00099,SUC-009,Panamá,Model A,2025
EV-ACME-07477,ACEMDLE13TB007477,CLI-00407,SUC-002,Guatemala,Model E,2026
EV-ACME-07478,ACEMDLD16SA007478,CLI-00943,SUC-001,México,Model D,2025
EV-ACME-07479,ACEMDLC15SB007479,CLI-00405,SUC-002,Guatemala,Model C,2025
EV-ACME-07480,ACEMDLA19RF007480,CLI-00540,SUC-006,Argentina,Model A,2024
EV-ACME-07481,ACEMDLF11RA007481,CLI-00333,SUC-001,México,Model F,2024
EV-ACME-07482,ACEMDLD12SA007482,CLI-00584,SUC-001,México,Model D,2025
EV-ACME-07483,ACEMDLA11SD007483,CLI-00692,SUC-004,Costa Rica,Model A,2025
EV-ACME-07484,ACEMDLE16SK007484,CLI-00641,SUC-010,Perú,Model E,2025
EV-ACME-07485,ACEMDLD11RB007485,CLI-00578,SUC-002,Guatemala,Model D,2024
EV-ACME-07486,ACEMDLD17SE007486,CLI-00165,SUC-005,Colombia,Model D,2025
EV-ACME-07487,ACEMDLD13TC007487,CLI-00039,SUC-003,Honduras,Model D,2026
EV-ACME-07488,ACEMDLD14RK007488,CLI-00416,SUC-010,Perú,Model D,2024
EV-ACME-07489,ACEMDLF17SB007489,CLI-00988,SUC-002,Guatemala,Model F,2025
EV-ACME-07490,ACEMDLF12RK007490,CLI-00470,SUC-010,Perú,Model F,2024
EV-ACME-07491,ACEMDLC15TD007491,CLI-00352,SUC-004,Costa Rica,Model C,2026
EV-ACME-07492,ACEMDLC18TK007492,CLI-00641,SUC-010,Perú,Model C,2026
EV-ACME-07493,ACEMDLE10SJ007493,CLI-00377,SUC-009,Panamá,Model E,2025
EV-ACME-07494,ACEMDLF17SK007494,CLI-00851,SUC-010,Perú,Model F,2025
EV-ACME-07495,ACEMDLE19RF007495,CLI-00687,SUC-006,Argentina,Model E,2024
EV-ACME-07496,ACEMDLC11SG007496,CLI-00206,SUC-007,Canadá,Model C,2025
EV-ACME-07497,ACEMDLE15SA007497,CLI-00152,SUC-001,México,Model E,2025
EV-ACME-07498,ACEMDLB19TB007498,CLI-00454,SUC-002,Guatemala,Model B,2026
EV-ACME-07499,ACEMDLE16TK007499,CLI-00311,SUC-010,Perú,Model E,2026
EV-ACME-07500,ACEMDLD17RA007500,CLI-00271,SUC-001,México,Model D,2024
EV-ACME-07501,ACEMDLD16SA007501,CLI-00706,SUC-001,México,Model D,2025
EV-ACME-07502,ACEMDLE10SK007502,CLI-00733,SUC-010,Perú,Model E,2025
EV-ACME-07503,ACEMDLF11TJ007503,CLI-00198,SUC-009,Panamá,Model F,2026
EV-ACME-07504,ACEMDLD16TG007504,CLI-00560,SUC-007,Canadá,Model D,2026
EV-ACME-07505,ACEMDLF12SE007505,CLI-00646,SUC-005,Colombia,Model F,2025
EV-ACME-07506,ACEMDLE12RH007506,CLI-00124,SUC-008,Chile,Model E,2024
EV-ACME-07507,ACEMDLF12TJ007507,CLI-00242,SUC-009,Panamá,Model F,2026
EV-ACME-07508,ACEMDLD18RK007508,CLI-00158,SUC-010,Perú,Model D,2024
EV-ACME-07509,ACEMDLA12TJ007509,CLI-00251,SUC-009,Panamá,Model A,2026
EV-ACME-07510,ACEMDLA17SK007510,CLI-00528,SUC-010,Perú,Model A,2025
EV-ACME-07511,ACEMDLD11RF007511,CLI-00533,SUC-006,Argentina,Model D,2024
EV-ACME-07512,ACEMDLB14TK007512,CLI-00484,SUC-010,Perú,Model B,2026
EV-ACME-07513,ACEMDLD15RC007513,CLI-00209,SUC-003,Honduras,Model D,2024
EV-ACME-07514,ACEMDLF16SD007514,CLI-00135,SUC-004,Costa Rica,Model F,2025
EV-ACME-07515,ACEMDLD10RF007515,CLI-00114,SUC-006,Argentina,Model D,2024
EV-ACME-07516,ACEMDLD13SK007516,CLI-00296,SUC-010,Perú,Model D,2025
EV-ACME-07517,ACEMDLF14SJ007517,CLI-00845,SUC-009,Panamá,Model F,2025
EV-ACME-07518,ACEMDLB13SE007518,CLI-00154,SUC-005,Colombia,Model B,2025
EV-ACME-07519,ACEMDLF19RF007519,CLI-00226,SUC-006,Argentina,Model F,2024
EV-ACME-07520,ACEMDLA13SA007520,CLI-00745,SUC-001,México,Model A,2025
EV-ACME-07521,ACEMDLA16SJ007521,CLI-00501,SUC-009,Panamá,Model A,2025
EV-ACME-07522,ACEMDLC16SJ007522,CLI-00406,SUC-009,Panamá,Model C,2025
EV-ACME-07523,ACEMDLF15RB007523,CLI-00622,SUC-002,Guatemala,Model F,2024
EV-ACME-07524,ACEMDLB11RJ007524,CLI-00547,SUC-009,Panamá,Model B,2024
EV-ACME-07525,ACEMDLC12SK007525,CLI-00461,SUC-010,Perú,Model C,2025
EV-ACME-07526,ACEMDLD12TK007526,CLI-00750,SUC-010,Perú,Model D,2026
EV-ACME-07527,ACEMDLA12RC007527,CLI-00842,SUC-003,Honduras,Model A,2024
EV-ACME-07528,ACEMDLE19TH007528,CLI-00339,SUC-008,Chile,Model E,2026
EV-ACME-07529,ACEMDLE11TD007529,CLI-00783,SUC-004,Costa Rica,Model E,2026
EV-ACME-07530,ACEMDLC16TD007530,CLI-00901,SUC-004,Costa Rica,Model C,2026
EV-ACME-07531,ACEMDLF16RB007531,CLI-00258,SUC-002,Guatemala,Model F,2024
EV-ACME-07532,ACEMDLC19SK007532,CLI-00862,SUC-010,Perú,Model C,2025
EV-ACME-07533,ACEMDLC15TK007533,CLI-00311,SUC-010,Perú,Model C,2026
EV-ACME-07534,ACEMDLE14TE007534,CLI-00211,SUC-005,Colombia,Model E,2026
EV-ACME-07535,ACEMDLC15RJ007535,CLI-00703,SUC-009,Panamá,Model C,2024
EV-ACME-07536,ACEMDLF16SK007536,CLI-00033,SUC-010,Perú,Model F,2025
EV-ACME-07537,ACEMDLA16TG007537,CLI-00762,SUC-007,Canadá,Model A,2026
EV-ACME-07538,ACEMDLE15RC007538,CLI-00504,SUC-003,Honduras,Model E,2024
EV-ACME-07539,ACEMDLD14SB007539,CLI-00666,SUC-002,Guatemala,Model D,2025
EV-ACME-07540,ACEMDLE15TG007540,CLI-00308,SUC-007,Canadá,Model E,2026
EV-ACME-07541,ACEMDLC13RB007541,CLI-00790,SUC-002,Guatemala,Model C,2024
EV-ACME-07542,ACEMDLA19RK007542,CLI-00900,SUC-010,Perú,Model A,2024
EV-ACME-07543,ACEMDLB18RD007543,CLI-00051,SUC-004,Costa Rica,Model B,2024
EV-ACME-07544,ACEMDLE11SE007544,CLI-00417,SUC-005,Colombia,Model E,2025
EV-ACME-07545,ACEMDLD19SJ007545,CLI-00949,SUC-009,Panamá,Model D,2025
EV-ACME-07546,ACEMDLD17RB007546,CLI-00793,SUC-002,Guatemala,Model D,2024
EV-ACME-07547,ACEMDLE14TE007547,CLI-00132,SUC-005,Colombia,Model E,2026
EV-ACME-07548,ACEMDLB13SC007548,CLI-00038,SUC-003,Honduras,Model B,2025
EV-ACME-07549,ACEMDLD19SJ007549,CLI-00266,SUC-009,Panamá,Model D,2025
EV-ACME-07550,ACEMDLD12TE007550,CLI-00521,SUC-005,Colombia,Model D,2026
EV-ACME-07551,ACEMDLE11RC007551,CLI-00693,SUC-003,Honduras,Model E,2024
EV-ACME-07552,ACEMDLC15SA007552,CLI-00443,SUC-001,México,Model C,2025
EV-ACME-07553,ACEMDLD17SK007553,CLI-00147,SUC-010,Perú,Model D,2025
EV-ACME-07554,ACEMDLD16RD007554,CLI-00422,SUC-004,Costa Rica,Model D,2024
EV-ACME-07555,ACEMDLD13SK007555,CLI-00542,SUC-010,Perú,Model D,2025
EV-ACME-07556,ACEMDLC15RH007556,CLI-00091,SUC-008,Chile,Model C,2024
EV-ACME-07557,ACEMDLF10RB007557,CLI-00087,SUC-002,Guatemala,Model F,2024
EV-ACME-07558,ACEMDLA16RJ007558,CLI-00703,SUC-009,Panamá,Model A,2024
EV-ACME-07559,ACEMDLF10RE007559,CLI-00043,SUC-005,Colombia,Model F,2024
EV-ACME-07560,ACEMDLC11TF007560,CLI-00778,SUC-006,Argentina,Model C,2026
EV-ACME-07561,ACEMDLB15SB007561,CLI-00012,SUC-002,Guatemala,Model B,2025
EV-ACME-07562,ACEMDLD13TH007562,CLI-00483,SUC-008,Chile,Model D,2026
EV-ACME-07563,ACEMDLA12RJ007563,CLI-00684,SUC-009,Panamá,Model A,2024
EV-ACME-07564,ACEMDLF11RF007564,CLI-00903,SUC-006,Argentina,Model F,2024
EV-ACME-07565,ACEMDLD10RD007565,CLI-00125,SUC-004,Costa Rica,Model D,2024
EV-ACME-07566,ACEMDLC11RF007566,CLI-00984,SUC-006,Argentina,Model C,2024
EV-ACME-07567,ACEMDLF18RJ007567,CLI-00617,SUC-009,Panamá,Model F,2024
EV-ACME-07568,ACEMDLB12RA007568,CLI-00141,SUC-001,México,Model B,2024
EV-ACME-07569,ACEMDLB17TJ007569,CLI-00950,SUC-009,Panamá,Model B,2026
EV-ACME-07570,ACEMDLC14SC007570,CLI-00472,SUC-003,Honduras,Model C,2025
EV-ACME-07571,ACEMDLF11SB007571,CLI-00849,SUC-002,Guatemala,Model F,2025
EV-ACME-07572,ACEMDLB10RK007572,CLI-00169,SUC-010,Perú,Model B,2024
EV-ACME-07573,ACEMDLF15RD007573,CLI-00779,SUC-004,Costa Rica,Model F,2024
EV-ACME-07574,ACEMDLD17SE007574,CLI-00413,SUC-005,Colombia,Model D,2025
EV-ACME-07575,ACEMDLE13SF007575,CLI-00668,SUC-006,Argentina,Model E,2025
EV-ACME-07576,ACEMDLD10RJ007576,CLI-00717,SUC-009,Panamá,Model D,2024
EV-ACME-07577,ACEMDLD17TF007577,CLI-00188,SUC-006,Argentina,Model D,2026
EV-ACME-07578,ACEMDLD16RG007578,CLI-00554,SUC-007,Canadá,Model D,2024
EV-ACME-07579,ACEMDLA14TE007579,CLI-00806,SUC-005,Colombia,Model A,2026
EV-ACME-07580,ACEMDLB17SA007580,CLI-00058,SUC-001,México,Model B,2025
EV-ACME-07581,ACEMDLE19SE007581,CLI-00646,SUC-005,Colombia,Model E,2025
EV-ACME-07582,ACEMDLA16RC007582,CLI-00176,SUC-003,Honduras,Model A,2024
EV-ACME-07583,ACEMDLD19RK007583,CLI-00923,SUC-010,Perú,Model D,2024
EV-ACME-07584,ACEMDLB11RA007584,CLI-00682,SUC-001,México,Model B,2024
EV-ACME-07585,ACEMDLD14TA007585,CLI-00029,SUC-001,México,Model D,2026
EV-ACME-07586,ACEMDLF11RG007586,CLI-00462,SUC-007,Canadá,Model F,2024
EV-ACME-07587,ACEMDLA13RB007587,CLI-00045,SUC-002,Guatemala,Model A,2024
EV-ACME-07588,ACEMDLB19TF007588,CLI-00801,SUC-006,Argentina,Model B,2026
EV-ACME-07589,ACEMDLE15SE007589,CLI-00727,SUC-005,Colombia,Model E,2025
EV-ACME-07590,ACEMDLE15SF007590,CLI-00522,SUC-006,Argentina,Model E,2025
EV-ACME-07591,ACEMDLE13SK007591,CLI-00759,SUC-010,Perú,Model E,2025
EV-ACME-07592,ACEMDLD14RA007592,CLI-00992,SUC-001,México,Model D,2024
EV-ACME-07593,ACEMDLD13SA007593,CLI-00838,SUC-001,México,Model D,2025
EV-ACME-07594,ACEMDLA15RJ007594,CLI-00060,SUC-009,Panamá,Model A,2024
EV-ACME-07595,ACEMDLB17SC007595,CLI-00265,SUC-003,Honduras,Model B,2025
EV-ACME-07596,ACEMDLD17RC007596,CLI-00360,SUC-003,Honduras,Model D,2024
EV-ACME-07597,ACEMDLA10SH007597,CLI-00387,SUC-008,Chile,Model A,2025
EV-ACME-07598,ACEMDLC13RE007598,CLI-00279,SUC-005,Colombia,Model C,2024
EV-ACME-07599,ACEMDLB10SD007599,CLI-00247,SUC-004,Costa Rica,Model B,2025
EV-ACME-07600,ACEMDLA17RJ007600,CLI-00712,SUC-009,Panamá,Model A,2024
EV-ACME-07601,ACEMDLF19SG007601,CLI-00019,SUC-007,Canadá,Model F,2025
EV-ACME-07602,ACEMDLF18SJ007602,CLI-00371,SUC-009,Panamá,Model F,2025
EV-ACME-07603,ACEMDLD19TK007603,CLI-00594,SUC-010,Perú,Model D,2026
EV-ACME-07604,ACEMDLD13SD007604,CLI-00352,SUC-004,Costa Rica,Model D,2025
EV-ACME-07605,ACEMDLC12SF007605,CLI-00095,SUC-006,Argentina,Model C,2025
EV-ACME-07606,ACEMDLF11TE007606,CLI-00370,SUC-005,Colombia,Model F,2026
EV-ACME-07607,ACEMDLC15SE007607,CLI-00290,SUC-005,Colombia,Model C,2025
EV-ACME-07608,ACEMDLE18TH007608,CLI-00994,SUC-008,Chile,Model E,2026
EV-ACME-07609,ACEMDLB13SH007609,CLI-00006,SUC-008,Chile,Model B,2025
EV-ACME-07610,ACEMDLC14SB007610,CLI-00469,SUC-002,Guatemala,Model C,2025
EV-ACME-07611,ACEMDLA19SB007611,CLI-00454,SUC-002,Guatemala,Model A,2025
EV-ACME-07612,ACEMDLD17TK007612,CLI-00275,SUC-010,Perú,Model D,2026
EV-ACME-07613,ACEMDLA19RC007613,CLI-00444,SUC-003,Honduras,Model A,2024
EV-ACME-07614,ACEMDLD11TC007614,CLI-00536,SUC-003,Honduras,Model D,2026
EV-ACME-07615,ACEMDLE17TK007615,CLI-00482,SUC-010,Perú,Model E,2026
EV-ACME-07616,ACEMDLE11RA007616,CLI-00443,SUC-001,México,Model E,2024
EV-ACME-07617,ACEMDLE14SG007617,CLI-00548,SUC-007,Canadá,Model E,2025
EV-ACME-07618,ACEMDLA13TJ007618,CLI-00377,SUC-009,Panamá,Model A,2026
EV-ACME-07619,ACEMDLE12TF007619,CLI-00523,SUC-006,Argentina,Model E,2026
EV-ACME-07620,ACEMDLB13RJ007620,CLI-00199,SUC-009,Panamá,Model B,2024
EV-ACME-07621,ACEMDLA14SF007621,CLI-00456,SUC-006,Argentina,Model A,2025
EV-ACME-07622,ACEMDLD10TK007622,CLI-00275,SUC-010,Perú,Model D,2026
EV-ACME-07623,ACEMDLC16RA007623,CLI-00700,SUC-001,México,Model C,2024
EV-ACME-07624,ACEMDLF18SK007624,CLI-00302,SUC-010,Perú,Model F,2025
EV-ACME-07625,ACEMDLD17SE007625,CLI-00043,SUC-005,Colombia,Model D,2025
EV-ACME-07626,ACEMDLC19SA007626,CLI-00233,SUC-001,México,Model C,2025
EV-ACME-07627,ACEMDLC13RK007627,CLI-00296,SUC-010,Perú,Model C,2024
EV-ACME-07628,ACEMDLD14SG007628,CLI-00554,SUC-007,Canadá,Model D,2025
EV-ACME-07629,ACEMDLF17RH007629,CLI-00483,SUC-008,Chile,Model F,2024
EV-ACME-07630,ACEMDLA13RE007630,CLI-00499,SUC-005,Colombia,Model A,2024
EV-ACME-07631,ACEMDLC13RF007631,CLI-00036,SUC-006,Argentina,Model C,2024
EV-ACME-07632,ACEMDLC15SJ007632,CLI-00526,SUC-009,Panamá,Model C,2025
EV-ACME-07633,ACEMDLA11RG007633,CLI-00905,SUC-007,Canadá,Model A,2024
EV-ACME-07634,ACEMDLB16SC007634,CLI-00191,SUC-003,Honduras,Model B,2025
EV-ACME-07635,ACEMDLB17RB007635,CLI-00469,SUC-002,Guatemala,Model B,2024
EV-ACME-07636,ACEMDLA13TC007636,CLI-00053,SUC-003,Honduras,Model A,2026
EV-ACME-07637,ACEMDLE15TF007637,CLI-00720,SUC-006,Argentina,Model E,2026
EV-ACME-07638,ACEMDLF18SJ007638,CLI-00925,SUC-009,Panamá,Model F,2025
EV-ACME-07639,ACEMDLC13TB007639,CLI-00438,SUC-002,Guatemala,Model C,2026
EV-ACME-07640,ACEMDLC14TF007640,CLI-00686,SUC-006,Argentina,Model C,2026
EV-ACME-07641,ACEMDLF15TG007641,CLI-00555,SUC-007,Canadá,Model F,2026
EV-ACME-07642,ACEMDLB13TC007642,CLI-00263,SUC-003,Honduras,Model B,2026
EV-ACME-07643,ACEMDLE13RH007643,CLI-00015,SUC-008,Chile,Model E,2024
EV-ACME-07644,ACEMDLC11TD007644,CLI-00297,SUC-004,Costa Rica,Model C,2026
EV-ACME-07645,ACEMDLF12RK007645,CLI-00024,SUC-010,Perú,Model F,2024
EV-ACME-07646,ACEMDLD19RJ007646,CLI-00973,SUC-009,Panamá,Model D,2024
EV-ACME-07647,ACEMDLD17TK007647,CLI-00310,SUC-010,Perú,Model D,2026
EV-ACME-07648,ACEMDLE15RD007648,CLI-00422,SUC-004,Costa Rica,Model E,2024
EV-ACME-07649,ACEMDLF17TG007649,CLI-00531,SUC-007,Canadá,Model F,2026
EV-ACME-07650,ACEMDLD12TC007650,CLI-00460,SUC-003,Honduras,Model D,2026
EV-ACME-07651,ACEMDLB17TA007651,CLI-00210,SUC-001,México,Model B,2026
EV-ACME-07652,ACEMDLC13SF007652,CLI-00180,SUC-006,Argentina,Model C,2025
EV-ACME-07653,ACEMDLB18TF007653,CLI-00046,SUC-006,Argentina,Model B,2026
EV-ACME-07654,ACEMDLC15RC007654,CLI-00869,SUC-003,Honduras,Model C,2024
EV-ACME-07655,ACEMDLA11SH007655,CLI-00657,SUC-008,Chile,Model A,2025
EV-ACME-07656,ACEMDLE14SJ007656,CLI-00717,SUC-009,Panamá,Model E,2025
EV-ACME-07657,ACEMDLD18RJ007657,CLI-00707,SUC-009,Panamá,Model D,2024
EV-ACME-07658,ACEMDLE17RC007658,CLI-00253,SUC-003,Honduras,Model E,2024
EV-ACME-07659,ACEMDLC18TK007659,CLI-00568,SUC-010,Perú,Model C,2026
EV-ACME-07660,ACEMDLA19TF007660,CLI-00766,SUC-006,Argentina,Model A,2026
EV-ACME-07661,ACEMDLD12RJ007661,CLI-00664,SUC-009,Panamá,Model D,2024
EV-ACME-07662,ACEMDLE14SD007662,CLI-00159,SUC-004,Costa Rica,Model E,2025
EV-ACME-07663,ACEMDLF14TG007663,CLI-00639,SUC-007,Canadá,Model F,2026
EV-ACME-07664,ACEMDLE17RE007664,CLI-00810,SUC-005,Colombia,Model E,2024
EV-ACME-07665,ACEMDLE16TJ007665,CLI-00834,SUC-009,Panamá,Model E,2026
EV-ACME-07666,ACEMDLF13TH007666,CLI-00280,SUC-008,Chile,Model F,2026
EV-ACME-07667,ACEMDLB11RG007667,CLI-00090,SUC-007,Canadá,Model B,2024
EV-ACME-07668,ACEMDLA14TK007668,CLI-00149,SUC-010,Perú,Model A,2026
EV-ACME-07669,ACEMDLF19TA007669,CLI-00916,SUC-001,México,Model F,2026
EV-ACME-07670,ACEMDLD12RD007670,CLI-00151,SUC-004,Costa Rica,Model D,2024
EV-ACME-07671,ACEMDLB17SJ007671,CLI-00599,SUC-009,Panamá,Model B,2025
EV-ACME-07672,ACEMDLB18TC007672,CLI-00591,SUC-003,Honduras,Model B,2026
EV-ACME-07673,ACEMDLC17TA007673,CLI-00838,SUC-001,México,Model C,2026
EV-ACME-07674,ACEMDLF17SA007674,CLI-00293,SUC-001,México,Model F,2025
EV-ACME-07675,ACEMDLE12RH007675,CLI-00775,SUC-008,Chile,Model E,2024
EV-ACME-07676,ACEMDLD13TH007676,CLI-00339,SUC-008,Chile,Model D,2026
EV-ACME-07677,ACEMDLB16RC007677,CLI-00525,SUC-003,Honduras,Model B,2024
EV-ACME-07678,ACEMDLD13SB007678,CLI-00272,SUC-002,Guatemala,Model D,2025
EV-ACME-07679,ACEMDLD14TJ007679,CLI-00404,SUC-009,Panamá,Model D,2026
EV-ACME-07680,ACEMDLD15TK007680,CLI-00491,SUC-010,Perú,Model D,2026
EV-ACME-07681,ACEMDLB19SB007681,CLI-00907,SUC-002,Guatemala,Model B,2025
EV-ACME-07682,ACEMDLA16TA007682,CLI-00315,SUC-001,México,Model A,2026
EV-ACME-07683,ACEMDLD14RB007683,CLI-00469,SUC-002,Guatemala,Model D,2024
EV-ACME-07684,ACEMDLF14TJ007684,CLI-00597,SUC-009,Panamá,Model F,2026
EV-ACME-07685,ACEMDLA18TK007685,CLI-00147,SUC-010,Perú,Model A,2026
EV-ACME-07686,ACEMDLC13TF007686,CLI-00956,SUC-006,Argentina,Model C,2026
EV-ACME-07687,ACEMDLA12TB007687,CLI-00276,SUC-002,Guatemala,Model A,2026
EV-ACME-07688,ACEMDLB19RF007688,CLI-00893,SUC-006,Argentina,Model B,2024
EV-ACME-07689,ACEMDLB14TA007689,CLI-00983,SUC-001,México,Model B,2026
EV-ACME-07690,ACEMDLA19SB007690,CLI-00405,SUC-002,Guatemala,Model A,2025
EV-ACME-07691,ACEMDLF15TD007691,CLI-00005,SUC-004,Costa Rica,Model F,2026
EV-ACME-07692,ACEMDLA16TG007692,CLI-00635,SUC-007,Canadá,Model A,2026
EV-ACME-07693,ACEMDLE11RD007693,CLI-00070,SUC-004,Costa Rica,Model E,2024
EV-ACME-07694,ACEMDLF18RJ007694,CLI-00970,SUC-009,Panamá,Model F,2024
EV-ACME-07695,ACEMDLB15SG007695,CLI-00035,SUC-007,Canadá,Model B,2025
EV-ACME-07696,ACEMDLF19SC007696,CLI-00263,SUC-003,Honduras,Model F,2025
EV-ACME-07697,ACEMDLC12TE007697,CLI-00373,SUC-005,Colombia,Model C,2026
EV-ACME-07698,ACEMDLF12RC007698,CLI-00667,SUC-003,Honduras,Model F,2024
EV-ACME-07699,ACEMDLA15SC007699,CLI-00472,SUC-003,Honduras,Model A,2025
EV-ACME-07700,ACEMDLE10TH007700,CLI-00515,SUC-008,Chile,Model E,2026
EV-ACME-07701,ACEMDLC19TE007701,CLI-00167,SUC-005,Colombia,Model C,2026
EV-ACME-07702,ACEMDLE11TJ007702,CLI-00364,SUC-009,Panamá,Model E,2026
EV-ACME-07703,ACEMDLD18SK007703,CLI-00346,SUC-010,Perú,Model D,2025
EV-ACME-07704,ACEMDLB11TE007704,CLI-00627,SUC-005,Colombia,Model B,2026
EV-ACME-07705,ACEMDLD17RH007705,CLI-00891,SUC-008,Chile,Model D,2024
EV-ACME-07706,ACEMDLC12TF007706,CLI-00340,SUC-006,Argentina,Model C,2026
EV-ACME-07707,ACEMDLF16SF007707,CLI-00507,SUC-006,Argentina,Model F,2025
EV-ACME-07708,ACEMDLD11SK007708,CLI-00759,SUC-010,Perú,Model D,2025
EV-ACME-07709,ACEMDLD11SE007709,CLI-00370,SUC-005,Colombia,Model D,2025
EV-ACME-07710,ACEMDLE19TF007710,CLI-00903,SUC-006,Argentina,Model E,2026
EV-ACME-07711,ACEMDLF15TF007711,CLI-00011,SUC-006,Argentina,Model F,2026
EV-ACME-07712,ACEMDLB15SK007712,CLI-00659,SUC-010,Perú,Model B,2025
EV-ACME-07713,ACEMDLB17TD007713,CLI-00922,SUC-004,Costa Rica,Model B,2026
EV-ACME-07714,ACEMDLA10TE007714,CLI-00954,SUC-005,Colombia,Model A,2026
EV-ACME-07715,ACEMDLA12RH007715,CLI-00601,SUC-008,Chile,Model A,2024
EV-ACME-07716,ACEMDLB10SF007716,CLI-00609,SUC-006,Argentina,Model B,2025
EV-ACME-07717,ACEMDLB17SE007717,CLI-00290,SUC-005,Colombia,Model B,2025
EV-ACME-07718,ACEMDLC12SD007718,CLI-00330,SUC-004,Costa Rica,Model C,2025
EV-ACME-07719,ACEMDLD10SJ007719,CLI-00837,SUC-009,Panamá,Model D,2025
EV-ACME-07720,ACEMDLF11TF007720,CLI-00720,SUC-006,Argentina,Model F,2026
EV-ACME-07721,ACEMDLE10RE007721,CLI-00665,SUC-005,Colombia,Model E,2024
EV-ACME-07722,ACEMDLD12TA007722,CLI-00799,SUC-001,México,Model D,2026
EV-ACME-07723,ACEMDLF19RH007723,CLI-00314,SUC-008,Chile,Model F,2024
EV-ACME-07724,ACEMDLC16TF007724,CLI-00338,SUC-006,Argentina,Model C,2026
EV-ACME-07725,ACEMDLE17TK007725,CLI-00033,SUC-010,Perú,Model E,2026
EV-ACME-07726,ACEMDLF12SB007726,CLI-00793,SUC-002,Guatemala,Model F,2025
EV-ACME-07727,ACEMDLD12SD007727,CLI-00787,SUC-004,Costa Rica,Model D,2025
EV-ACME-07728,ACEMDLE18RD007728,CLI-00787,SUC-004,Costa Rica,Model E,2024
EV-ACME-07729,ACEMDLA14SD007729,CLI-00918,SUC-004,Costa Rica,Model A,2025
EV-ACME-07730,ACEMDLD16RJ007730,CLI-00887,SUC-009,Panamá,Model D,2024
EV-ACME-07731,ACEMDLA19TE007731,CLI-00394,SUC-005,Colombia,Model A,2026
EV-ACME-07732,ACEMDLA12SF007732,CLI-00990,SUC-006,Argentina,Model A,2025
EV-ACME-07733,ACEMDLC12TF007733,CLI-00282,SUC-006,Argentina,Model C,2026
EV-ACME-07734,ACEMDLD16TJ007734,CLI-00648,SUC-009,Panamá,Model D,2026
EV-ACME-07735,ACEMDLF12SD007735,CLI-00159,SUC-004,Costa Rica,Model F,2025
EV-ACME-07736,ACEMDLA15SG007736,CLI-00035,SUC-007,Canadá,Model A,2025
EV-ACME-07737,ACEMDLD12RF007737,CLI-00645,SUC-006,Argentina,Model D,2024
EV-ACME-07738,ACEMDLA13TJ007738,CLI-00899,SUC-009,Panamá,Model A,2026
EV-ACME-07739,ACEMDLA14SA007739,CLI-00682,SUC-001,México,Model A,2025
EV-ACME-07740,ACEMDLC17RB007740,CLI-00776,SUC-002,Guatemala,Model C,2024
EV-ACME-07741,ACEMDLC17TK007741,CLI-00489,SUC-010,Perú,Model C,2026
EV-ACME-07742,ACEMDLB17RB007742,CLI-00770,SUC-002,Guatemala,Model B,2024
EV-ACME-07743,ACEMDLA17RE007743,CLI-00295,SUC-005,Colombia,Model A,2024
EV-ACME-07744,ACEMDLF14SF007744,CLI-00978,SUC-006,Argentina,Model F,2025
EV-ACME-07745,ACEMDLF16TF007745,CLI-00105,SUC-006,Argentina,Model F,2026
EV-ACME-07746,ACEMDLB15TE007746,CLI-00290,SUC-005,Colombia,Model B,2026
EV-ACME-07747,ACEMDLA12RK007747,CLI-00935,SUC-010,Perú,Model A,2024
EV-ACME-07748,ACEMDLD11TD007748,CLI-00428,SUC-004,Costa Rica,Model D,2026
EV-ACME-07749,ACEMDLC12RA007749,CLI-00259,SUC-001,México,Model C,2024
EV-ACME-07750,ACEMDLD13RK007750,CLI-00811,SUC-010,Perú,Model D,2024
EV-ACME-07751,ACEMDLB17SA007751,CLI-00745,SUC-001,México,Model B,2025
EV-ACME-07752,ACEMDLA11SB007752,CLI-00725,SUC-002,Guatemala,Model A,2025
EV-ACME-07753,ACEMDLC12RE007753,CLI-00192,SUC-005,Colombia,Model C,2024
EV-ACME-07754,ACEMDLE14SA007754,CLI-00315,SUC-001,México,Model E,2025
EV-ACME-07755,ACEMDLC14TD007755,CLI-00381,SUC-004,Costa Rica,Model C,2026
EV-ACME-07756,ACEMDLE16RA007756,CLI-00850,SUC-001,México,Model E,2024
EV-ACME-07757,ACEMDLF18RF007757,CLI-00340,SUC-006,Argentina,Model F,2024
EV-ACME-07758,ACEMDLC15SF007758,CLI-00459,SUC-006,Argentina,Model C,2025
EV-ACME-07759,ACEMDLD18RB007759,CLI-00142,SUC-002,Guatemala,Model D,2024
EV-ACME-07760,ACEMDLB15SF007760,CLI-00540,SUC-006,Argentina,Model B,2025
EV-ACME-07761,ACEMDLD16RC007761,CLI-00937,SUC-003,Honduras,Model D,2024
EV-ACME-07762,ACEMDLE19TC007762,CLI-00360,SUC-003,Honduras,Model E,2026
EV-ACME-07763,ACEMDLA17RF007763,CLI-00533,SUC-006,Argentina,Model A,2024
EV-ACME-07764,ACEMDLB14TC007764,CLI-00022,SUC-003,Honduras,Model B,2026
EV-ACME-07765,ACEMDLB10SG007765,CLI-00934,SUC-007,Canadá,Model B,2025
EV-ACME-07766,ACEMDLC15RC007766,CLI-00255,SUC-003,Honduras,Model C,2024
EV-ACME-07767,ACEMDLD11TD007767,CLI-01000,SUC-004,Costa Rica,Model D,2026
EV-ACME-07768,ACEMDLD14RH007768,CLI-00130,SUC-008,Chile,Model D,2024
EV-ACME-07769,ACEMDLD19SJ007769,CLI-00199,SUC-009,Panamá,Model D,2025
EV-ACME-07770,ACEMDLE10SH007770,CLI-00913,SUC-008,Chile,Model E,2025
EV-ACME-07771,ACEMDLE14RG007771,CLI-00206,SUC-007,Canadá,Model E,2024
EV-ACME-07772,ACEMDLC16RF007772,CLI-00564,SUC-006,Argentina,Model C,2024
EV-ACME-07773,ACEMDLB19RH007773,CLI-00021,SUC-008,Chile,Model B,2024
EV-ACME-07774,ACEMDLF13RB007774,CLI-00424,SUC-002,Guatemala,Model F,2024
EV-ACME-07775,ACEMDLA18RA007775,CLI-00292,SUC-001,México,Model A,2024
EV-ACME-07776,ACEMDLC15RA007776,CLI-00103,SUC-001,México,Model C,2024
EV-ACME-07777,ACEMDLF18SE007777,CLI-00521,SUC-005,Colombia,Model F,2025
EV-ACME-07778,ACEMDLC19TF007778,CLI-00485,SUC-006,Argentina,Model C,2026
EV-ACME-07779,ACEMDLD16RA007779,CLI-00057,SUC-001,México,Model D,2024
EV-ACME-07780,ACEMDLA10RJ007780,CLI-00487,SUC-009,Panamá,Model A,2024
EV-ACME-07781,ACEMDLD19RF007781,CLI-00226,SUC-006,Argentina,Model D,2024
EV-ACME-07782,ACEMDLE18SJ007782,CLI-00348,SUC-009,Panamá,Model E,2025
EV-ACME-07783,ACEMDLF13RH007783,CLI-00130,SUC-008,Chile,Model F,2024
EV-ACME-07784,ACEMDLA19TD007784,CLI-00917,SUC-004,Costa Rica,Model A,2026
EV-ACME-07785,ACEMDLB19TF007785,CLI-00102,SUC-006,Argentina,Model B,2026
EV-ACME-07786,ACEMDLD19TF007786,CLI-00347,SUC-006,Argentina,Model D,2026
EV-ACME-07787,ACEMDLE10RC007787,CLI-00477,SUC-003,Honduras,Model E,2024
EV-ACME-07788,ACEMDLA17SE007788,CLI-00052,SUC-005,Colombia,Model A,2025
EV-ACME-07789,ACEMDLA11RH007789,CLI-00502,SUC-008,Chile,Model A,2024
EV-ACME-07790,ACEMDLB16RJ007790,CLI-00648,SUC-009,Panamá,Model B,2024
EV-ACME-07791,ACEMDLA12RH007791,CLI-00245,SUC-008,Chile,Model A,2024
EV-ACME-07792,ACEMDLE10SD007792,CLI-00148,SUC-004,Costa Rica,Model E,2025
EV-ACME-07793,ACEMDLC18RA007793,CLI-00292,SUC-001,México,Model C,2024
EV-ACME-07794,ACEMDLD14TC007794,CLI-00809,SUC-003,Honduras,Model D,2026
EV-ACME-07795,ACEMDLC12TD007795,CLI-00433,SUC-004,Costa Rica,Model C,2026
EV-ACME-07796,ACEMDLE17RJ007796,CLI-00767,SUC-009,Panamá,Model E,2024
EV-ACME-07797,ACEMDLF16RH007797,CLI-00713,SUC-008,Chile,Model F,2024
EV-ACME-07798,ACEMDLC16TB007798,CLI-00187,SUC-002,Guatemala,Model C,2026
EV-ACME-07799,ACEMDLF14SK007799,CLI-00633,SUC-010,Perú,Model F,2025
EV-ACME-07800,ACEMDLB14TK007800,CLI-00471,SUC-010,Perú,Model B,2026
EV-ACME-07801,ACEMDLA16RA007801,CLI-00850,SUC-001,México,Model A,2024
EV-ACME-07802,ACEMDLB15TD007802,CLI-00611,SUC-004,Costa Rica,Model B,2026
EV-ACME-07803,ACEMDLA14SE007803,CLI-00193,SUC-005,Colombia,Model A,2025
EV-ACME-07804,ACEMDLE14SG007804,CLI-00554,SUC-007,Canadá,Model E,2025
EV-ACME-07805,ACEMDLE10RJ007805,CLI-00072,SUC-009,Panamá,Model E,2024
EV-ACME-07806,ACEMDLD16SD007806,CLI-00008,SUC-004,Costa Rica,Model D,2025
EV-ACME-07807,ACEMDLA12SC007807,CLI-00463,SUC-003,Honduras,Model A,2025
EV-ACME-07808,ACEMDLE16RB007808,CLI-00981,SUC-002,Guatemala,Model E,2024
EV-ACME-07809,ACEMDLF19SC007809,CLI-00571,SUC-003,Honduras,Model F,2025
EV-ACME-07810,ACEMDLB13TA007810,CLI-00584,SUC-001,México,Model B,2026
EV-ACME-07811,ACEMDLE18SG007811,CLI-00773,SUC-007,Canadá,Model E,2025
EV-ACME-07812,ACEMDLC12SE007812,CLI-00246,SUC-005,Colombia,Model C,2025
EV-ACME-07813,ACEMDLC16SB007813,CLI-00998,SUC-002,Guatemala,Model C,2025
EV-ACME-07814,ACEMDLD16TK007814,CLI-00870,SUC-010,Perú,Model D,2026
EV-ACME-07815,ACEMDLC12SC007815,CLI-00979,SUC-003,Honduras,Model C,2025
EV-ACME-07816,ACEMDLF17RJ007816,CLI-00181,SUC-009,Panamá,Model F,2024
EV-ACME-07817,ACEMDLC15RK007817,CLI-00311,SUC-010,Perú,Model C,2024
EV-ACME-07818,ACEMDLA17SK007818,CLI-00935,SUC-010,Perú,Model A,2025
EV-ACME-07819,ACEMDLD16SH007819,CLI-00696,SUC-008,Chile,Model D,2025
EV-ACME-07820,ACEMDLB16SB007820,CLI-00276,SUC-002,Guatemala,Model B,2025
EV-ACME-07821,ACEMDLF15RE007821,CLI-00479,SUC-005,Colombia,Model F,2024
EV-ACME-07822,ACEMDLB13RJ007822,CLI-00256,SUC-009,Panamá,Model B,2024
EV-ACME-07823,ACEMDLE14TA007823,CLI-00172,SUC-001,México,Model E,2026
EV-ACME-07824,ACEMDLA14RD007824,CLI-00977,SUC-004,Costa Rica,Model A,2024
EV-ACME-07825,ACEMDLC10SD007825,CLI-00148,SUC-004,Costa Rica,Model C,2025
EV-ACME-07826,ACEMDLC15SG007826,CLI-00762,SUC-007,Canadá,Model C,2025
EV-ACME-07827,ACEMDLB15RK007827,CLI-00714,SUC-010,Perú,Model B,2024
EV-ACME-07828,ACEMDLE15TK007828,CLI-00935,SUC-010,Perú,Model E,2026
EV-ACME-07829,ACEMDLD18TJ007829,CLI-00334,SUC-009,Panamá,Model D,2026
EV-ACME-07830,ACEMDLE18SB007830,CLI-00300,SUC-002,Guatemala,Model E,2025
EV-ACME-07831,ACEMDLF19RD007831,CLI-00927,SUC-004,Costa Rica,Model F,2024
EV-ACME-07832,ACEMDLF19RA007832,CLI-00259,SUC-001,México,Model F,2024
EV-ACME-07833,ACEMDLD14SE007833,CLI-00344,SUC-005,Colombia,Model D,2025
EV-ACME-07834,ACEMDLC11SD007834,CLI-00363,SUC-004,Costa Rica,Model C,2025
EV-ACME-07835,ACEMDLA10SH007835,CLI-00861,SUC-008,Chile,Model A,2025
EV-ACME-07836,ACEMDLC15SD007836,CLI-00005,SUC-004,Costa Rica,Model C,2025
EV-ACME-07837,ACEMDLD11TF007837,CLI-00904,SUC-006,Argentina,Model D,2026
EV-ACME-07838,ACEMDLC18TK007838,CLI-00542,SUC-010,Perú,Model C,2026
EV-ACME-07839,ACEMDLF14RD007839,CLI-00605,SUC-004,Costa Rica,Model F,2024
EV-ACME-07840,ACEMDLF19TK007840,CLI-00689,SUC-010,Perú,Model F,2026
EV-ACME-07841,ACEMDLB14TD007841,CLI-00431,SUC-004,Costa Rica,Model B,2026
EV-ACME-07842,ACEMDLD12RF007842,CLI-00222,SUC-006,Argentina,Model D,2024
EV-ACME-07843,ACEMDLC16RE007843,CLI-00847,SUC-005,Colombia,Model C,2024
EV-ACME-07844,ACEMDLA19RK007844,CLI-00900,SUC-010,Perú,Model A,2024
EV-ACME-07845,ACEMDLE13SA007845,CLI-00208,SUC-001,México,Model E,2025
EV-ACME-07846,ACEMDLC13RF007846,CLI-00110,SUC-006,Argentina,Model C,2024
EV-ACME-07847,ACEMDLC18RE007847,CLI-00624,SUC-005,Colombia,Model C,2024
EV-ACME-07848,ACEMDLD19RB007848,CLI-00575,SUC-002,Guatemala,Model D,2024
EV-ACME-07849,ACEMDLD14RB007849,CLI-00513,SUC-002,Guatemala,Model D,2024
EV-ACME-07850,ACEMDLB19SB007850,CLI-00557,SUC-002,Guatemala,Model B,2025
EV-ACME-07851,ACEMDLC16SK007851,CLI-00908,SUC-010,Perú,Model C,2025
EV-ACME-07852,ACEMDLA10TC007852,CLI-00842,SUC-003,Honduras,Model A,2026
EV-ACME-07853,ACEMDLD11SH007853,CLI-00728,SUC-008,Chile,Model D,2025
EV-ACME-07854,ACEMDLA19RK007854,CLI-00710,SUC-010,Perú,Model A,2024
EV-ACME-07855,ACEMDLF13RF007855,CLI-00792,SUC-006,Argentina,Model F,2024
EV-ACME-07856,ACEMDLE14RJ007856,CLI-00072,SUC-009,Panamá,Model E,2024
EV-ACME-07857,ACEMDLD11RF007857,CLI-00110,SUC-006,Argentina,Model D,2024
EV-ACME-07858,ACEMDLA14TG007858,CLI-00762,SUC-007,Canadá,Model A,2026
EV-ACME-07859,ACEMDLE16SG007859,CLI-00076,SUC-007,Canadá,Model E,2025
EV-ACME-07860,ACEMDLD10RG007860,CLI-00206,SUC-007,Canadá,Model D,2024
EV-ACME-07861,ACEMDLD19SH007861,CLI-00515,SUC-008,Chile,Model D,2025
EV-ACME-07862,ACEMDLA12RH007862,CLI-00204,SUC-008,Chile,Model A,2024
EV-ACME-07863,ACEMDLC16SC007863,CLI-00215,SUC-003,Honduras,Model C,2025
EV-ACME-07864,ACEMDLD16SE007864,CLI-00897,SUC-005,Colombia,Model D,2025
EV-ACME-07865,ACEMDLA10RE007865,CLI-00358,SUC-005,Colombia,Model A,2024
EV-ACME-07866,ACEMDLE10SD007866,CLI-00291,SUC-004,Costa Rica,Model E,2025
EV-ACME-07867,ACEMDLF18RJ007867,CLI-00127,SUC-009,Panamá,Model F,2024
EV-ACME-07868,ACEMDLF15RH007868,CLI-00910,SUC-008,Chile,Model F,2024
EV-ACME-07869,ACEMDLD16RA007869,CLI-00057,SUC-001,México,Model D,2024
EV-ACME-07870,ACEMDLA13TC007870,CLI-00650,SUC-003,Honduras,Model A,2026
EV-ACME-07871,ACEMDLA11TC007871,CLI-00460,SUC-003,Honduras,Model A,2026
EV-ACME-07872,ACEMDLD12RF007872,CLI-00872,SUC-006,Argentina,Model D,2024
EV-ACME-07873,ACEMDLA12TC007873,CLI-00937,SUC-003,Honduras,Model A,2026
EV-ACME-07874,ACEMDLB19SE007874,CLI-00954,SUC-005,Colombia,Model B,2025
EV-ACME-07875,ACEMDLB11TB007875,CLI-00196,SUC-002,Guatemala,Model B,2026
EV-ACME-07876,ACEMDLE18SF007876,CLI-00222,SUC-006,Argentina,Model E,2025
EV-ACME-07877,ACEMDLC12RA007877,CLI-00534,SUC-001,México,Model C,2024
EV-ACME-07878,ACEMDLE13RF007878,CLI-00965,SUC-006,Argentina,Model E,2024
EV-ACME-07879,ACEMDLC13SA007879,CLI-00261,SUC-001,México,Model C,2025
EV-ACME-07880,ACEMDLC17TC007880,CLI-00583,SUC-003,Honduras,Model C,2026
EV-ACME-07881,ACEMDLB10TF007881,CLI-00816,SUC-006,Argentina,Model B,2026
EV-ACME-07882,ACEMDLB10RJ007882,CLI-00256,SUC-009,Panamá,Model B,2024
EV-ACME-07883,ACEMDLC19RK007883,CLI-00346,SUC-010,Perú,Model C,2024
EV-ACME-07884,ACEMDLA14TB007884,CLI-00603,SUC-002,Guatemala,Model A,2026
EV-ACME-07885,ACEMDLF12TB007885,CLI-00424,SUC-002,Guatemala,Model F,2026
EV-ACME-07886,ACEMDLD11SH007886,CLI-00107,SUC-008,Chile,Model D,2025
EV-ACME-07887,ACEMDLB19TB007887,CLI-00513,SUC-002,Guatemala,Model B,2026
EV-ACME-07888,ACEMDLA13SK007888,CLI-00302,SUC-010,Perú,Model A,2025
EV-ACME-07889,ACEMDLA17TG007889,CLI-00077,SUC-007,Canadá,Model A,2026
EV-ACME-07890,ACEMDLA10TC007890,CLI-00322,SUC-003,Honduras,Model A,2026
EV-ACME-07891,ACEMDLB19RD007891,CLI-00777,SUC-004,Costa Rica,Model B,2024
EV-ACME-07892,ACEMDLD14RH007892,CLI-00073,SUC-008,Chile,Model D,2024
EV-ACME-07893,ACEMDLD18RD007893,CLI-00070,SUC-004,Costa Rica,Model D,2024
EV-ACME-07894,ACEMDLB13TF007894,CLI-00801,SUC-006,Argentina,Model B,2026
EV-ACME-07895,ACEMDLB10SH007895,CLI-00913,SUC-008,Chile,Model B,2025
EV-ACME-07896,ACEMDLB17SG007896,CLI-00349,SUC-007,Canadá,Model B,2025
EV-ACME-07897,ACEMDLD12SB007897,CLI-00087,SUC-002,Guatemala,Model D,2025
EV-ACME-07898,ACEMDLB18TD007898,CLI-00980,SUC-004,Costa Rica,Model B,2026
EV-ACME-07899,ACEMDLC14TK007899,CLI-00179,SUC-010,Perú,Model C,2026
EV-ACME-07900,ACEMDLB16RC007900,CLI-00848,SUC-003,Honduras,Model B,2024
EV-ACME-07901,ACEMDLF14RG007901,CLI-00576,SUC-007,Canadá,Model F,2024
EV-ACME-07902,ACEMDLE12RD007902,CLI-00980,SUC-004,Costa Rica,Model E,2024
EV-ACME-07903,ACEMDLD15RA007903,CLI-00329,SUC-001,México,Model D,2024
EV-ACME-07904,ACEMDLA19SK007904,CLI-00147,SUC-010,Perú,Model A,2025
EV-ACME-07905,ACEMDLD14SC007905,CLI-00650,SUC-003,Honduras,Model D,2025
EV-ACME-07906,ACEMDLE16TB007906,CLI-00567,SUC-002,Guatemala,Model E,2026
EV-ACME-07907,ACEMDLD10SJ007907,CLI-00972,SUC-009,Panamá,Model D,2025
EV-ACME-07908,ACEMDLD18TF007908,CLI-00965,SUC-006,Argentina,Model D,2026
EV-ACME-07909,ACEMDLC19RJ007909,CLI-00596,SUC-009,Panamá,Model C,2024
EV-ACME-07910,ACEMDLB14RF007910,CLI-00116,SUC-006,Argentina,Model B,2024
EV-ACME-07911,ACEMDLE10RK007911,CLI-00286,SUC-010,Perú,Model E,2024
EV-ACME-07912,ACEMDLA15SH007912,CLI-00362,SUC-008,Chile,Model A,2025
EV-ACME-07913,ACEMDLE19RG007913,CLI-00090,SUC-007,Canadá,Model E,2024
EV-ACME-07914,ACEMDLE12SB007914,CLI-00622,SUC-002,Guatemala,Model E,2025
EV-ACME-07915,ACEMDLD10SJ007915,CLI-00371,SUC-009,Panamá,Model D,2025
EV-ACME-07916,ACEMDLE14SA007916,CLI-00315,SUC-001,México,Model E,2025
EV-ACME-07917,ACEMDLA18RJ007917,CLI-00717,SUC-009,Panamá,Model A,2024
EV-ACME-07918,ACEMDLA19TA007918,CLI-00572,SUC-001,México,Model A,2026
EV-ACME-07919,ACEMDLF19SD007919,CLI-00898,SUC-004,Costa Rica,Model F,2025
EV-ACME-07920,ACEMDLC16SB007920,CLI-00080,SUC-002,Guatemala,Model C,2025
EV-ACME-07921,ACEMDLD14TF007921,CLI-00372,SUC-006,Argentina,Model D,2026
EV-ACME-07922,ACEMDLB17SK007922,CLI-00542,SUC-010,Perú,Model B,2025
EV-ACME-07923,ACEMDLA10RJ007923,CLI-00334,SUC-009,Panamá,Model A,2024
EV-ACME-07924,ACEMDLD15TF007924,CLI-00222,SUC-006,Argentina,Model D,2026
EV-ACME-07925,ACEMDLF19RG007925,CLI-00938,SUC-007,Canadá,Model F,2024
EV-ACME-07926,ACEMDLA17TJ007926,CLI-00256,SUC-009,Panamá,Model A,2026
EV-ACME-07927,ACEMDLC18SB007927,CLI-00603,SUC-002,Guatemala,Model C,2025
EV-ACME-07928,ACEMDLF18TC007928,CLI-00200,SUC-003,Honduras,Model F,2026
EV-ACME-07929,ACEMDLD19RF007929,CLI-00687,SUC-006,Argentina,Model D,2024
EV-ACME-07930,ACEMDLB18SC007930,CLI-00490,SUC-003,Honduras,Model B,2025
EV-ACME-07931,ACEMDLD19RC007931,CLI-00602,SUC-003,Honduras,Model D,2024
EV-ACME-07932,ACEMDLB15SC007932,CLI-00823,SUC-003,Honduras,Model B,2025
EV-ACME-07933,ACEMDLF13TJ007933,CLI-00252,SUC-009,Panamá,Model F,2026
EV-ACME-07934,ACEMDLF11RB007934,CLI-00045,SUC-002,Guatemala,Model F,2024
EV-ACME-07935,ACEMDLA19SF007935,CLI-00904,SUC-006,Argentina,Model A,2025
EV-ACME-07936,ACEMDLA16RG007936,CLI-00462,SUC-007,Canadá,Model A,2024
EV-ACME-07937,ACEMDLB12TD007937,CLI-00319,SUC-004,Costa Rica,Model B,2026
EV-ACME-07938,ACEMDLF19TB007938,CLI-00981,SUC-002,Guatemala,Model F,2026
EV-ACME-07939,ACEMDLA17RC007939,CLI-00818,SUC-003,Honduras,Model A,2024
EV-ACME-07940,ACEMDLE13RG007940,CLI-00411,SUC-007,Canadá,Model E,2024
EV-ACME-07941,ACEMDLA15TG007941,CLI-00840,SUC-007,Canadá,Model A,2026
EV-ACME-07942,ACEMDLB18SF007942,CLI-00289,SUC-006,Argentina,Model B,2025
EV-ACME-07943,ACEMDLB11SF007943,CLI-00458,SUC-006,Argentina,Model B,2025
EV-ACME-07944,ACEMDLE17SB007944,CLI-00454,SUC-002,Guatemala,Model E,2025
EV-ACME-07945,ACEMDLA11SD007945,CLI-00330,SUC-004,Costa Rica,Model A,2025
EV-ACME-07946,ACEMDLD10TE007946,CLI-00225,SUC-005,Colombia,Model D,2026
EV-ACME-07947,ACEMDLF19SG007947,CLI-00435,SUC-007,Canadá,Model F,2025
EV-ACME-07948,ACEMDLA19SC007948,CLI-00895,SUC-003,Honduras,Model A,2025
EV-ACME-07949,ACEMDLA19SB007949,CLI-00088,SUC-002,Guatemala,Model A,2025
EV-ACME-07950,ACEMDLF19TC007950,CLI-00140,SUC-003,Honduras,Model F,2026
EV-ACME-07951,ACEMDLB18TG007951,CLI-00212,SUC-007,Canadá,Model B,2026
EV-ACME-07952,ACEMDLF17RD007952,CLI-00828,SUC-004,Costa Rica,Model F,2024
EV-ACME-07953,ACEMDLA18TD007953,CLI-00605,SUC-004,Costa Rica,Model A,2026
EV-ACME-07954,ACEMDLA17SJ007954,CLI-00628,SUC-009,Panamá,Model A,2025
EV-ACME-07955,ACEMDLF15TF007955,CLI-00317,SUC-006,Argentina,Model F,2026
EV-ACME-07956,ACEMDLA14TC007956,CLI-00215,SUC-003,Honduras,Model A,2026
EV-ACME-07957,ACEMDLF13RJ007957,CLI-00099,SUC-009,Panamá,Model F,2024
EV-ACME-07958,ACEMDLE10SJ007958,CLI-00252,SUC-009,Panamá,Model E,2025
EV-ACME-07959,ACEMDLD16TA007959,CLI-00223,SUC-001,México,Model D,2026
EV-ACME-07960,ACEMDLE12SA007960,CLI-00126,SUC-001,México,Model E,2025
EV-ACME-07961,ACEMDLD17RH007961,CLI-00124,SUC-008,Chile,Model D,2024
EV-ACME-07962,ACEMDLE12RD007962,CLI-00600,SUC-004,Costa Rica,Model E,2024
EV-ACME-07963,ACEMDLF19TD007963,CLI-00927,SUC-004,Costa Rica,Model F,2026
EV-ACME-07964,ACEMDLA18SJ007964,CLI-00117,SUC-009,Panamá,Model A,2025
EV-ACME-07965,ACEMDLD16TG007965,CLI-00524,SUC-007,Canadá,Model D,2026
EV-ACME-07966,ACEMDLF10SE007966,CLI-00154,SUC-005,Colombia,Model F,2025
EV-ACME-07967,ACEMDLB15RC007967,CLI-00650,SUC-003,Honduras,Model B,2024
EV-ACME-07968,ACEMDLD13SA007968,CLI-00983,SUC-001,México,Model D,2025
EV-ACME-07969,ACEMDLB18RB007969,CLI-00509,SUC-002,Guatemala,Model B,2024
EV-ACME-07970,ACEMDLA11RE007970,CLI-00581,SUC-005,Colombia,Model A,2024
EV-ACME-07971,ACEMDLC15SF007971,CLI-00893,SUC-006,Argentina,Model C,2025
EV-ACME-07972,ACEMDLC15SJ007972,CLI-00406,SUC-009,Panamá,Model C,2025
EV-ACME-07973,ACEMDLA10TB007973,CLI-00139,SUC-002,Guatemala,Model A,2026
EV-ACME-07974,ACEMDLE18RD007974,CLI-00433,SUC-004,Costa Rica,Model E,2024
EV-ACME-07975,ACEMDLB10SJ007975,CLI-00867,SUC-009,Panamá,Model B,2025
EV-ACME-07976,ACEMDLC16TB007976,CLI-00752,SUC-002,Guatemala,Model C,2026
EV-ACME-07977,ACEMDLB14RD007977,CLI-00600,SUC-004,Costa Rica,Model B,2024
EV-ACME-07978,ACEMDLF19RD007978,CLI-00262,SUC-004,Costa Rica,Model F,2024
EV-ACME-07979,ACEMDLE17SF007979,CLI-00626,SUC-006,Argentina,Model E,2025
EV-ACME-07980,ACEMDLD18TA007980,CLI-00697,SUC-001,México,Model D,2026
EV-ACME-07981,ACEMDLB16RG007981,CLI-00639,SUC-007,Canadá,Model B,2024
EV-ACME-07982,ACEMDLC13RA007982,CLI-00706,SUC-001,México,Model C,2024
EV-ACME-07983,ACEMDLE10RJ007983,CLI-00599,SUC-009,Panamá,Model E,2024
EV-ACME-07984,ACEMDLC17TG007984,CLI-00462,SUC-007,Canadá,Model C,2026
EV-ACME-07985,ACEMDLC16RD007985,CLI-00309,SUC-004,Costa Rica,Model C,2024
EV-ACME-07986,ACEMDLB13SH007986,CLI-00936,SUC-008,Chile,Model B,2025
EV-ACME-07987,ACEMDLD13SK007987,CLI-00935,SUC-010,Perú,Model D,2025
EV-ACME-07988,ACEMDLF12TH007988,CLI-00948,SUC-008,Chile,Model F,2026
EV-ACME-07989,ACEMDLA14RF007989,CLI-00738,SUC-006,Argentina,Model A,2024
EV-ACME-07990,ACEMDLE15TF007990,CLI-00751,SUC-006,Argentina,Model E,2026
EV-ACME-07991,ACEMDLF14SF007991,CLI-00492,SUC-006,Argentina,Model F,2025
EV-ACME-07992,ACEMDLD16SJ007992,CLI-00547,SUC-009,Panamá,Model D,2025
EV-ACME-07993,ACEMDLF13TF007993,CLI-00260,SUC-006,Argentina,Model F,2026
EV-ACME-07994,ACEMDLF15TK007994,CLI-00768,SUC-010,Perú,Model F,2026
EV-ACME-07995,ACEMDLD14TF007995,CLI-00878,SUC-006,Argentina,Model D,2026
EV-ACME-07996,ACEMDLC13TG007996,CLI-00092,SUC-007,Canadá,Model C,2026
EV-ACME-07997,ACEMDLF19RA007997,CLI-00572,SUC-001,México,Model F,2024
EV-ACME-07998,ACEMDLD16RF007998,CLI-00156,SUC-006,Argentina,Model D,2024
EV-ACME-07999,ACEMDLE11RE007999,CLI-00550,SUC-005,Colombia,Model E,2024
EV-ACME-08000,ACEMDLD10RK008000,CLI-00960,SUC-010,Perú,Model D,2024
EV-ACME-08001,ACEMDLA14SF008001,CLI-00110,SUC-006,Argentina,Model A,2025
EV-ACME-08002,ACEMDLA10RJ008002,CLI-00117,SUC-009,Panamá,Model A,2024
EV-ACME-08003,ACEMDLE12TF008003,CLI-00110,SUC-006,Argentina,Model E,2026
EV-ACME-08004,ACEMDLB18TB008004,CLI-00277,SUC-002,Guatemala,Model B,2026
EV-ACME-08005,ACEMDLA11RA008005,CLI-00546,SUC-001,México,Model A,2024
EV-ACME-08006,ACEMDLC19RC008006,CLI-00316,SUC-003,Honduras,Model C,2024
EV-ACME-08007,ACEMDLB17TE008007,CLI-00417,SUC-005,Colombia,Model B,2026
EV-ACME-08008,ACEMDLD14SJ008008,CLI-00117,SUC-009,Panamá,Model D,2025
EV-ACME-08009,ACEMDLD17TC008009,CLI-00699,SUC-003,Honduras,Model D,2026
EV-ACME-08010,ACEMDLB15SH008010,CLI-00728,SUC-008,Chile,Model B,2025
EV-ACME-08011,ACEMDLB15SE008011,CLI-00186,SUC-005,Colombia,Model B,2025
EV-ACME-08012,ACEMDLD19RE008012,CLI-00154,SUC-005,Colombia,Model D,2024
EV-ACME-08013,ACEMDLF10SD008013,CLI-00636,SUC-004,Costa Rica,Model F,2025
EV-ACME-08014,ACEMDLE10RC008014,CLI-00598,SUC-003,Honduras,Model E,2024
EV-ACME-08015,ACEMDLE16SC008015,CLI-00494,SUC-003,Honduras,Model E,2025
EV-ACME-08016,ACEMDLE15RK008016,CLI-00768,SUC-010,Perú,Model E,2024
EV-ACME-08017,ACEMDLB16SD008017,CLI-00692,SUC-004,Costa Rica,Model B,2025
EV-ACME-08018,ACEMDLE12SC008018,CLI-00320,SUC-003,Honduras,Model E,2025
EV-ACME-08019,ACEMDLB14SA008019,CLI-00017,SUC-001,México,Model B,2025
EV-ACME-08020,ACEMDLE19RC008020,CLI-00480,SUC-003,Honduras,Model E,2024
EV-ACME-08021,ACEMDLD17TF008021,CLI-00418,SUC-006,Argentina,Model D,2026
EV-ACME-08022,ACEMDLD12RE008022,CLI-00929,SUC-005,Colombia,Model D,2024
EV-ACME-08023,ACEMDLB19SJ008023,CLI-00940,SUC-009,Panamá,Model B,2025
EV-ACME-08024,ACEMDLE17RF008024,CLI-00530,SUC-006,Argentina,Model E,2024
EV-ACME-08025,ACEMDLE14SC008025,CLI-00320,SUC-003,Honduras,Model E,2025
EV-ACME-08026,ACEMDLD14SD008026,CLI-00051,SUC-004,Costa Rica,Model D,2025
EV-ACME-08027,ACEMDLA18RK008027,CLI-00991,SUC-010,Perú,Model A,2024
EV-ACME-08028,ACEMDLA16RF008028,CLI-00804,SUC-006,Argentina,Model A,2024
EV-ACME-08029,ACEMDLD15TC008029,CLI-00176,SUC-003,Honduras,Model D,2026
EV-ACME-08030,ACEMDLB16SC008030,CLI-00571,SUC-003,Honduras,Model B,2025
EV-ACME-08031,ACEMDLE11RC008031,CLI-00307,SUC-003,Honduras,Model E,2024
EV-ACME-08032,ACEMDLC12TB008032,CLI-00088,SUC-002,Guatemala,Model C,2026
EV-ACME-08033,ACEMDLD16TC008033,CLI-00656,SUC-003,Honduras,Model D,2026
EV-ACME-08034,ACEMDLD17SJ008034,CLI-00127,SUC-009,Panamá,Model D,2025
EV-ACME-08035,ACEMDLF15SE008035,CLI-00450,SUC-005,Colombia,Model F,2025
EV-ACME-08036,ACEMDLD14TD008036,CLI-00517,SUC-004,Costa Rica,Model D,2026
EV-ACME-08037,ACEMDLE11SB008037,CLI-00045,SUC-002,Guatemala,Model E,2025
EV-ACME-08038,ACEMDLD14RF008038,CLI-00146,SUC-006,Argentina,Model D,2024
EV-ACME-08039,ACEMDLA17RF008039,CLI-00285,SUC-006,Argentina,Model A,2024
EV-ACME-08040,ACEMDLF15RE008040,CLI-00847,SUC-005,Colombia,Model F,2024
EV-ACME-08041,ACEMDLE15SK008041,CLI-00310,SUC-010,Perú,Model E,2025
EV-ACME-08042,ACEMDLD13RE008042,CLI-00450,SUC-005,Colombia,Model D,2024
EV-ACME-08043,ACEMDLF16SJ008043,CLI-00886,SUC-009,Panamá,Model F,2025
EV-ACME-08044,ACEMDLC12SK008044,CLI-00759,SUC-010,Perú,Model C,2025
EV-ACME-08045,ACEMDLD13SE008045,CLI-00747,SUC-005,Colombia,Model D,2025
EV-ACME-08046,ACEMDLA16SF008046,CLI-00911,SUC-006,Argentina,Model A,2025
EV-ACME-08047,ACEMDLE12SJ008047,CLI-00252,SUC-009,Panamá,Model E,2025
EV-ACME-08048,ACEMDLD14RE008048,CLI-00246,SUC-005,Colombia,Model D,2024
EV-ACME-08049,ACEMDLB10SD008049,CLI-00051,SUC-004,Costa Rica,Model B,2025
EV-ACME-08050,ACEMDLE11TJ008050,CLI-00072,SUC-009,Panamá,Model E,2026
EV-ACME-08051,ACEMDLB12TJ008051,CLI-00256,SUC-009,Panamá,Model B,2026
EV-ACME-08052,ACEMDLB13RF008052,CLI-00098,SUC-006,Argentina,Model B,2024
EV-ACME-08053,ACEMDLF13SD008053,CLI-00008,SUC-004,Costa Rica,Model F,2025
EV-ACME-08054,ACEMDLF14TA008054,CLI-00261,SUC-001,México,Model F,2026
EV-ACME-08055,ACEMDLF18SC008055,CLI-00086,SUC-003,Honduras,Model F,2025
EV-ACME-08056,ACEMDLD10TF008056,CLI-00305,SUC-006,Argentina,Model D,2026
EV-ACME-08057,ACEMDLD14RF008057,CLI-00984,SUC-006,Argentina,Model D,2024
EV-ACME-08058,ACEMDLF15TF008058,CLI-00645,SUC-006,Argentina,Model F,2026
EV-ACME-08059,ACEMDLE17SJ008059,CLI-00973,SUC-009,Panamá,Model E,2025
EV-ACME-08060,ACEMDLC13SA008060,CLI-00293,SUC-001,México,Model C,2025
EV-ACME-08061,ACEMDLA14RC008061,CLI-00583,SUC-003,Honduras,Model A,2024
EV-ACME-08062,ACEMDLC10SF008062,CLI-00188,SUC-006,Argentina,Model C,2025
EV-ACME-08063,ACEMDLF14TC008063,CLI-00427,SUC-003,Honduras,Model F,2026
EV-ACME-08064,ACEMDLA11TD008064,CLI-00352,SUC-004,Costa Rica,Model A,2026
EV-ACME-08065,ACEMDLC19SD008065,CLI-00297,SUC-004,Costa Rica,Model C,2025
EV-ACME-08066,ACEMDLB14RB008066,CLI-00003,SUC-002,Guatemala,Model B,2024
EV-ACME-08067,ACEMDLC18SF008067,CLI-00399,SUC-006,Argentina,Model C,2025
EV-ACME-08068,ACEMDLA12SC008068,CLI-00693,SUC-003,Honduras,Model A,2025
EV-ACME-08069,ACEMDLF11SG008069,CLI-00802,SUC-007,Canadá,Model F,2025
EV-ACME-08070,ACEMDLC11SB008070,CLI-00941,SUC-002,Guatemala,Model C,2025
EV-ACME-08071,ACEMDLC18TF008071,CLI-00686,SUC-006,Argentina,Model C,2026
EV-ACME-08072,ACEMDLB19TH008072,CLI-00538,SUC-008,Chile,Model B,2026
EV-ACME-08073,ACEMDLA18RK008073,CLI-00912,SUC-010,Perú,Model A,2024
EV-ACME-08074,ACEMDLC15SB008074,CLI-00274,SUC-002,Guatemala,Model C,2025
EV-ACME-08075,ACEMDLA12SK008075,CLI-00638,SUC-010,Perú,Model A,2025
EV-ACME-08076,ACEMDLD17TF008076,CLI-00476,SUC-006,Argentina,Model D,2026
EV-ACME-08077,ACEMDLD15RE008077,CLI-00344,SUC-005,Colombia,Model D,2024
EV-ACME-08078,ACEMDLE18SA008078,CLI-00378,SUC-001,México,Model E,2025
EV-ACME-08079,ACEMDLD14RD008079,CLI-00247,SUC-004,Costa Rica,Model D,2024
EV-ACME-08080,ACEMDLA19RF008080,CLI-00668,SUC-006,Argentina,Model A,2024
EV-ACME-08081,ACEMDLC17SF008081,CLI-00987,SUC-006,Argentina,Model C,2025
EV-ACME-08082,ACEMDLA15RA008082,CLI-00744,SUC-001,México,Model A,2024
EV-ACME-08083,ACEMDLC18SB008083,CLI-00129,SUC-002,Guatemala,Model C,2025
EV-ACME-08084,ACEMDLD19SK008084,CLI-00351,SUC-010,Perú,Model D,2025
EV-ACME-08085,ACEMDLC10SH008085,CLI-00588,SUC-008,Chile,Model C,2025
EV-ACME-08086,ACEMDLC10SJ008086,CLI-00607,SUC-009,Panamá,Model C,2025
EV-ACME-08087,ACEMDLD12SD008087,CLI-00240,SUC-004,Costa Rica,Model D,2025
EV-ACME-08088,ACEMDLC11RA008088,CLI-00654,SUC-001,México,Model C,2024
EV-ACME-08089,ACEMDLB14TF008089,CLI-00476,SUC-006,Argentina,Model B,2026
EV-ACME-08090,ACEMDLD12RA008090,CLI-00287,SUC-001,México,Model D,2024
EV-ACME-08091,ACEMDLF13SG008091,CLI-00462,SUC-007,Canadá,Model F,2025
EV-ACME-08092,ACEMDLC16SC008092,CLI-00791,SUC-003,Honduras,Model C,2025
EV-ACME-08093,ACEMDLA19RE008093,CLI-00224,SUC-005,Colombia,Model A,2024
EV-ACME-08094,ACEMDLF16SK008094,CLI-00024,SUC-010,Perú,Model F,2025
EV-ACME-08095,ACEMDLB11SE008095,CLI-00358,SUC-005,Colombia,Model B,2025
EV-ACME-08096,ACEMDLA11RA008096,CLI-00298,SUC-001,México,Model A,2024
EV-ACME-08097,ACEMDLB11SE008097,CLI-00344,SUC-005,Colombia,Model B,2025
EV-ACME-08098,ACEMDLC17TJ008098,CLI-00518,SUC-009,Panamá,Model C,2026
EV-ACME-08099,ACEMDLC14TE008099,CLI-00450,SUC-005,Colombia,Model C,2026
EV-ACME-08100,ACEMDLB16SJ008100,CLI-00496,SUC-009,Panamá,Model B,2025
EV-ACME-08101,ACEMDLF16SC008101,CLI-00598,SUC-003,Honduras,Model F,2025
EV-ACME-08102,ACEMDLC16TK008102,CLI-00366,SUC-010,Perú,Model C,2026
EV-ACME-08103,ACEMDLE12RK008103,CLI-00993,SUC-010,Perú,Model E,2024
EV-ACME-08104,ACEMDLF15TJ008104,CLI-00677,SUC-009,Panamá,Model F,2026
EV-ACME-08105,ACEMDLD13RJ008105,CLI-00371,SUC-009,Panamá,Model D,2024
EV-ACME-08106,ACEMDLE13RC008106,CLI-00320,SUC-003,Honduras,Model E,2024
EV-ACME-08107,ACEMDLB15RK008107,CLI-00991,SUC-010,Perú,Model B,2024
EV-ACME-08108,ACEMDLC16SC008108,CLI-00236,SUC-003,Honduras,Model C,2025
EV-ACME-08109,ACEMDLE10SJ008109,CLI-00301,SUC-009,Panamá,Model E,2025
EV-ACME-08110,ACEMDLD17RF008110,CLI-00680,SUC-006,Argentina,Model D,2024
EV-ACME-08111,ACEMDLA19RD008111,CLI-00070,SUC-004,Costa Rica,Model A,2024
EV-ACME-08112,ACEMDLD10TE008112,CLI-00929,SUC-005,Colombia,Model D,2026
EV-ACME-08113,ACEMDLD13SH008113,CLI-00775,SUC-008,Chile,Model D,2025
EV-ACME-08114,ACEMDLE17TJ008114,CLI-00060,SUC-009,Panamá,Model E,2026
EV-ACME-08115,ACEMDLB19RK008115,CLI-00400,SUC-010,Perú,Model B,2024
EV-ACME-08116,ACEMDLB17SG008116,CLI-00719,SUC-007,Canadá,Model B,2025
EV-ACME-08117,ACEMDLA17RF008117,CLI-00668,SUC-006,Argentina,Model A,2024
EV-ACME-08118,ACEMDLA14RB008118,CLI-00300,SUC-002,Guatemala,Model A,2024
EV-ACME-08119,ACEMDLD17RF008119,CLI-00680,SUC-006,Argentina,Model D,2024
EV-ACME-08120,ACEMDLE16SH008120,CLI-00123,SUC-008,Chile,Model E,2025
EV-ACME-08121,ACEMDLB14TB008121,CLI-00603,SUC-002,Guatemala,Model B,2026
EV-ACME-08122,ACEMDLA17RG008122,CLI-00762,SUC-007,Canadá,Model A,2024
EV-ACME-08123,ACEMDLF19TH008123,CLI-00089,SUC-008,Chile,Model F,2026
EV-ACME-08124,ACEMDLE11SJ008124,CLI-00121,SUC-009,Panamá,Model E,2025
EV-ACME-08125,ACEMDLA12RG008125,CLI-00808,SUC-007,Canadá,Model A,2024
EV-ACME-08126,ACEMDLD10SE008126,CLI-00732,SUC-005,Colombia,Model D,2025
EV-ACME-08127,ACEMDLE15TK008127,CLI-00474,SUC-010,Perú,Model E,2026
EV-ACME-08128,ACEMDLB12TK008128,CLI-00582,SUC-010,Perú,Model B,2026
EV-ACME-08129,ACEMDLA18SC008129,CLI-00360,SUC-003,Honduras,Model A,2025
EV-ACME-08130,ACEMDLD13TA008130,CLI-00658,SUC-001,México,Model D,2026
EV-ACME-08131,ACEMDLF17TD008131,CLI-00247,SUC-004,Costa Rica,Model F,2026
EV-ACME-08132,ACEMDLA17RF008132,CLI-00338,SUC-006,Argentina,Model A,2024
EV-ACME-08133,ACEMDLB15RK008133,CLI-00201,SUC-010,Perú,Model B,2024
EV-ACME-08134,ACEMDLA13RH008134,CLI-00245,SUC-008,Chile,Model A,2024
EV-ACME-08135,ACEMDLE11SD008135,CLI-00922,SUC-004,Costa Rica,Model E,2025
EV-ACME-08136,ACEMDLC19SJ008136,CLI-00647,SUC-009,Panamá,Model C,2025
EV-ACME-08137,ACEMDLF16SE008137,CLI-00708,SUC-005,Colombia,Model F,2025
EV-ACME-08138,ACEMDLE10SC008138,CLI-00200,SUC-003,Honduras,Model E,2025
EV-ACME-08139,ACEMDLC18SG008139,CLI-00934,SUC-007,Canadá,Model C,2025
EV-ACME-08140,ACEMDLB17RC008140,CLI-00316,SUC-003,Honduras,Model B,2024
EV-ACME-08141,ACEMDLC19TG008141,CLI-00092,SUC-007,Canadá,Model C,2026
EV-ACME-08142,ACEMDLF16RA008142,CLI-00558,SUC-001,México,Model F,2024
EV-ACME-08143,ACEMDLE17SE008143,CLI-00032,SUC-005,Colombia,Model E,2025
EV-ACME-08144,ACEMDLB11SE008144,CLI-00216,SUC-005,Colombia,Model B,2025
EV-ACME-08145,ACEMDLD12TD008145,CLI-00093,SUC-004,Costa Rica,Model D,2026
EV-ACME-08146,ACEMDLF14RJ008146,CLI-00202,SUC-009,Panamá,Model F,2024
EV-ACME-08147,ACEMDLE19RF008147,CLI-00796,SUC-006,Argentina,Model E,2024
EV-ACME-08148,ACEMDLE13RJ008148,CLI-00854,SUC-009,Panamá,Model E,2024
EV-ACME-08149,ACEMDLF19SB008149,CLI-00716,SUC-002,Guatemala,Model F,2025
EV-ACME-08150,ACEMDLC16RK008150,CLI-00582,SUC-010,Perú,Model C,2024
EV-ACME-08151,ACEMDLA14SC008151,CLI-00503,SUC-003,Honduras,Model A,2025
EV-ACME-08152,ACEMDLF19TC008152,CLI-00197,SUC-003,Honduras,Model F,2026
EV-ACME-08153,ACEMDLC16TF008153,CLI-00751,SUC-006,Argentina,Model C,2026
EV-ACME-08154,ACEMDLF12SC008154,CLI-00162,SUC-003,Honduras,Model F,2025
EV-ACME-08155,ACEMDLC19RE008155,CLI-00573,SUC-005,Colombia,Model C,2024
EV-ACME-08156,ACEMDLC15SG008156,CLI-00076,SUC-007,Canadá,Model C,2025
EV-ACME-08157,ACEMDLF10SK008157,CLI-00689,SUC-010,Perú,Model F,2025
EV-ACME-08158,ACEMDLA10TG008158,CLI-00111,SUC-007,Canadá,Model A,2026
EV-ACME-08159,ACEMDLD14RH008159,CLI-00948,SUC-008,Chile,Model D,2024
EV-ACME-08160,ACEMDLC17SK008160,CLI-00064,SUC-010,Perú,Model C,2025
EV-ACME-08161,ACEMDLA15RD008161,CLI-00457,SUC-004,Costa Rica,Model A,2024
EV-ACME-08162,ACEMDLA18SH008162,CLI-00728,SUC-008,Chile,Model A,2025
EV-ACME-08163,ACEMDLE19TJ008163,CLI-00982,SUC-009,Panamá,Model E,2026
EV-ACME-08164,ACEMDLF18SA008164,CLI-00820,SUC-001,México,Model F,2025
EV-ACME-08165,ACEMDLF14SH008165,CLI-00657,SUC-008,Chile,Model F,2025
EV-ACME-08166,ACEMDLE15TF008166,CLI-00735,SUC-006,Argentina,Model E,2026
EV-ACME-08167,ACEMDLD10RA008167,CLI-00992,SUC-001,México,Model D,2024
EV-ACME-08168,ACEMDLB17SH008168,CLI-00556,SUC-008,Chile,Model B,2025
EV-ACME-08169,ACEMDLA17SE008169,CLI-00345,SUC-005,Colombia,Model A,2025
EV-ACME-08170,ACEMDLB13RA008170,CLI-00820,SUC-001,México,Model B,2024
EV-ACME-08171,ACEMDLE18RD008171,CLI-00331,SUC-004,Costa Rica,Model E,2024
EV-ACME-08172,ACEMDLF13SD008172,CLI-00069,SUC-004,Costa Rica,Model F,2025
EV-ACME-08173,ACEMDLA16SA008173,CLI-00661,SUC-001,México,Model A,2025
EV-ACME-08174,ACEMDLE18TB008174,CLI-00003,SUC-002,Guatemala,Model E,2026
EV-ACME-08175,ACEMDLD13SA008175,CLI-00943,SUC-001,México,Model D,2025
EV-ACME-08176,ACEMDLF13SC008176,CLI-00602,SUC-003,Honduras,Model F,2025
EV-ACME-08177,ACEMDLD15TK008177,CLI-00275,SUC-010,Perú,Model D,2026
EV-ACME-08178,ACEMDLD10SF008178,CLI-00687,SUC-006,Argentina,Model D,2025
EV-ACME-08179,ACEMDLB17SK008179,CLI-00711,SUC-010,Perú,Model B,2025
EV-ACME-08180,ACEMDLF18RJ008180,CLI-00970,SUC-009,Panamá,Model F,2024
EV-ACME-08181,ACEMDLB17RF008181,CLI-00456,SUC-006,Argentina,Model B,2024
EV-ACME-08182,ACEMDLD13RF008182,CLI-00856,SUC-006,Argentina,Model D,2024
EV-ACME-08183,ACEMDLF14TB008183,CLI-00272,SUC-002,Guatemala,Model F,2026
EV-ACME-08184,ACEMDLA17TF008184,CLI-00476,SUC-006,Argentina,Model A,2026
EV-ACME-08185,ACEMDLE19SJ008185,CLI-00117,SUC-009,Panamá,Model E,2025
EV-ACME-08186,ACEMDLA10TE008186,CLI-00618,SUC-005,Colombia,Model A,2026
EV-ACME-08187,ACEMDLE14SC008187,CLI-00430,SUC-003,Honduras,Model E,2025
EV-ACME-08188,ACEMDLB15TC008188,CLI-00621,SUC-003,Honduras,Model B,2026
EV-ACME-08189,ACEMDLD18TG008189,CLI-00448,SUC-007,Canadá,Model D,2026
EV-ACME-08190,ACEMDLA18RJ008190,CLI-00202,SUC-009,Panamá,Model A,2024
EV-ACME-08191,ACEMDLB17TG008191,CLI-00004,SUC-007,Canadá,Model B,2026
EV-ACME-08192,ACEMDLB13SB008192,CLI-00793,SUC-002,Guatemala,Model B,2025
EV-ACME-08193,ACEMDLD17RA008193,CLI-00753,SUC-001,México,Model D,2024
EV-ACME-08194,ACEMDLB15RK008194,CLI-00923,SUC-010,Perú,Model B,2024
EV-ACME-08195,ACEMDLC11TK008195,CLI-00203,SUC-010,Perú,Model C,2026
EV-ACME-08196,ACEMDLA17RG008196,CLI-00019,SUC-007,Canadá,Model A,2024
EV-ACME-08197,ACEMDLA12RD008197,CLI-00355,SUC-004,Costa Rica,Model A,2024
EV-ACME-08198,ACEMDLA14RH008198,CLI-00073,SUC-008,Chile,Model A,2024
EV-ACME-08199,ACEMDLC15SH008199,CLI-00124,SUC-008,Chile,Model C,2025
EV-ACME-08200,ACEMDLC18TC008200,CLI-00937,SUC-003,Honduras,Model C,2026
EV-ACME-08201,ACEMDLD19TD008201,CLI-00634,SUC-004,Costa Rica,Model D,2026
EV-ACME-08202,ACEMDLF15RE008202,CLI-00365,SUC-005,Colombia,Model F,2024
EV-ACME-08203,ACEMDLD15TK008203,CLI-00923,SUC-010,Perú,Model D,2026
EV-ACME-08204,ACEMDLE17RG008204,CLI-00639,SUC-007,Canadá,Model E,2024
EV-ACME-08205,ACEMDLC15SD008205,CLI-00331,SUC-004,Costa Rica,Model C,2025
EV-ACME-08206,ACEMDLC12RF008206,CLI-00340,SUC-006,Argentina,Model C,2024
EV-ACME-08207,ACEMDLD17SC008207,CLI-00442,SUC-003,Honduras,Model D,2025
EV-ACME-08208,ACEMDLB16TJ008208,CLI-00864,SUC-009,Panamá,Model B,2026
EV-ACME-08209,ACEMDLD10RE008209,CLI-00059,SUC-005,Colombia,Model D,2024
EV-ACME-08210,ACEMDLC15SK008210,CLI-00855,SUC-010,Perú,Model C,2025
EV-ACME-08211,ACEMDLC16SA008211,CLI-00906,SUC-001,México,Model C,2025
EV-ACME-08212,ACEMDLE19RD008212,CLI-00561,SUC-004,Costa Rica,Model E,2024
EV-ACME-08213,ACEMDLC13RC008213,CLI-00480,SUC-003,Honduras,Model C,2024
EV-ACME-08214,ACEMDLE10RG008214,CLI-00194,SUC-007,Canadá,Model E,2024
EV-ACME-08215,ACEMDLE12SE008215,CLI-00832,SUC-005,Colombia,Model E,2025
EV-ACME-08216,ACEMDLC11TK008216,CLI-00227,SUC-010,Perú,Model C,2026
EV-ACME-08217,ACEMDLE18TA008217,CLI-00906,SUC-001,México,Model E,2026
EV-ACME-08218,ACEMDLB19TF008218,CLI-00166,SUC-006,Argentina,Model B,2026
EV-ACME-08219,ACEMDLF18RA008219,CLI-00452,SUC-001,México,Model F,2024
EV-ACME-08220,ACEMDLD11TK008220,CLI-00821,SUC-010,Perú,Model D,2026
EV-ACME-08221,ACEMDLA19RH008221,CLI-00062,SUC-008,Chile,Model A,2024
EV-ACME-08222,ACEMDLA17RA008222,CLI-00221,SUC-001,México,Model A,2024
EV-ACME-08223,ACEMDLC14SE008223,CLI-00059,SUC-005,Colombia,Model C,2025
EV-ACME-08224,ACEMDLD15SD008224,CLI-00634,SUC-004,Costa Rica,Model D,2025
EV-ACME-08225,ACEMDLC19TC008225,CLI-00915,SUC-003,Honduras,Model C,2026
EV-ACME-08226,ACEMDLB15SB008226,CLI-00752,SUC-002,Guatemala,Model B,2025
EV-ACME-08227,ACEMDLE11SD008227,CLI-00996,SUC-004,Costa Rica,Model E,2025
EV-ACME-08228,ACEMDLA12TK008228,CLI-00189,SUC-010,Perú,Model A,2026
EV-ACME-08229,ACEMDLE10TC008229,CLI-00895,SUC-003,Honduras,Model E,2026
EV-ACME-08230,ACEMDLE17RJ008230,CLI-00115,SUC-009,Panamá,Model E,2024
EV-ACME-08231,ACEMDLA14SC008231,CLI-00693,SUC-003,Honduras,Model A,2025
EV-ACME-08232,ACEMDLD15SJ008232,CLI-00544,SUC-009,Panamá,Model D,2025
EV-ACME-08233,ACEMDLA18TF008233,CLI-00338,SUC-006,Argentina,Model A,2026
EV-ACME-08234,ACEMDLC14TC008234,CLI-00265,SUC-003,Honduras,Model C,2026
EV-ACME-08235,ACEMDLB15TK008235,CLI-00147,SUC-010,Perú,Model B,2026
EV-ACME-08236,ACEMDLE10TA008236,CLI-00853,SUC-001,México,Model E,2026
EV-ACME-08237,ACEMDLF10SD008237,CLI-00247,SUC-004,Costa Rica,Model F,2025
EV-ACME-08238,ACEMDLA11TH008238,CLI-00713,SUC-008,Chile,Model A,2026
EV-ACME-08239,ACEMDLE19TH008239,CLI-00015,SUC-008,Chile,Model E,2026
EV-ACME-08240,ACEMDLE12RJ008240,CLI-00379,SUC-009,Panamá,Model E,2024
EV-ACME-08241,ACEMDLE15TJ008241,CLI-00593,SUC-009,Panamá,Model E,2026
EV-ACME-08242,ACEMDLE11SF008242,CLI-00492,SUC-006,Argentina,Model E,2025
EV-ACME-08243,ACEMDLC15RG008243,CLI-00106,SUC-007,Canadá,Model C,2024
EV-ACME-08244,ACEMDLF10TD008244,CLI-00051,SUC-004,Costa Rica,Model F,2026
EV-ACME-08245,ACEMDLB15SG008245,CLI-00294,SUC-007,Canadá,Model B,2025
EV-ACME-08246,ACEMDLF17RD008246,CLI-00381,SUC-004,Costa Rica,Model F,2024
EV-ACME-08247,ACEMDLF16SC008247,CLI-00197,SUC-003,Honduras,Model F,2025
EV-ACME-08248,ACEMDLD14SG008248,CLI-00308,SUC-007,Canadá,Model D,2025
EV-ACME-08249,ACEMDLC12RB008249,CLI-00776,SUC-002,Guatemala,Model C,2024
EV-ACME-08250,ACEMDLA12RD008250,CLI-00777,SUC-004,Costa Rica,Model A,2024
EV-ACME-08251,ACEMDLE18RK008251,CLI-00323,SUC-010,Perú,Model E,2024
EV-ACME-08252,ACEMDLF11TF008252,CLI-00903,SUC-006,Argentina,Model F,2026
EV-ACME-08253,ACEMDLA13RH008253,CLI-00015,SUC-008,Chile,Model A,2024
EV-ACME-08254,ACEMDLC16SE008254,CLI-00192,SUC-005,Colombia,Model C,2025
EV-ACME-08255,ACEMDLD18RJ008255,CLI-00256,SUC-009,Panamá,Model D,2024
EV-ACME-08256,ACEMDLA19TH008256,CLI-00062,SUC-008,Chile,Model A,2026
EV-ACME-08257,ACEMDLA17SB008257,CLI-00187,SUC-002,Guatemala,Model A,2025
EV-ACME-08258,ACEMDLC18TC008258,CLI-00442,SUC-003,Honduras,Model C,2026
EV-ACME-08259,ACEMDLF16TE008259,CLI-00747,SUC-005,Colombia,Model F,2026
EV-ACME-08260,ACEMDLD14RE008260,CLI-00170,SUC-005,Colombia,Model D,2024
EV-ACME-08261,ACEMDLB17RJ008261,CLI-00887,SUC-009,Panamá,Model B,2024
EV-ACME-08262,ACEMDLB17SB008262,CLI-00652,SUC-002,Guatemala,Model B,2025
EV-ACME-08263,ACEMDLE16RA008263,CLI-00906,SUC-001,México,Model E,2024
EV-ACME-08264,ACEMDLF14TB008264,CLI-00129,SUC-002,Guatemala,Model F,2026
EV-ACME-08265,ACEMDLF14RE008265,CLI-00023,SUC-005,Colombia,Model F,2024
EV-ACME-08266,ACEMDLC18TF008266,CLI-00680,SUC-006,Argentina,Model C,2026
EV-ACME-08267,ACEMDLF18RF008267,CLI-00911,SUC-006,Argentina,Model F,2024
EV-ACME-08268,ACEMDLD10TK008268,CLI-00594,SUC-010,Perú,Model D,2026
EV-ACME-08269,ACEMDLD17TJ008269,CLI-00312,SUC-009,Panamá,Model D,2026
EV-ACME-08270,ACEMDLE18RA008270,CLI-00103,SUC-001,México,Model E,2024
EV-ACME-08271,ACEMDLF19RF008271,CLI-00782,SUC-006,Argentina,Model F,2024
EV-ACME-08272,ACEMDLA14SC008272,CLI-00444,SUC-003,Honduras,Model A,2025
EV-ACME-08273,ACEMDLD19TG008273,CLI-00388,SUC-007,Canadá,Model D,2026
EV-ACME-08274,ACEMDLE14SJ008274,CLI-00940,SUC-009,Panamá,Model E,2025
EV-ACME-08275,ACEMDLC10TE008275,CLI-00341,SUC-005,Colombia,Model C,2026
EV-ACME-08276,ACEMDLE19SE008276,CLI-00345,SUC-005,Colombia,Model E,2025
EV-ACME-08277,ACEMDLB14SB008277,CLI-00737,SUC-002,Guatemala,Model B,2025
EV-ACME-08278,ACEMDLC19RF008278,CLI-00824,SUC-006,Argentina,Model C,2024
EV-ACME-08279,ACEMDLF15RK008279,CLI-00158,SUC-010,Perú,Model F,2024
EV-ACME-08280,ACEMDLA11SG008280,CLI-00206,SUC-007,Canadá,Model A,2025
EV-ACME-08281,ACEMDLA14SB008281,CLI-00933,SUC-002,Guatemala,Model A,2025
EV-ACME-08282,ACEMDLC19TG008282,CLI-00448,SUC-007,Canadá,Model C,2026
EV-ACME-08283,ACEMDLB19TG008283,CLI-00435,SUC-007,Canadá,Model B,2026
EV-ACME-08284,ACEMDLD12SF008284,CLI-00792,SUC-006,Argentina,Model D,2025
EV-ACME-08285,ACEMDLB13SE008285,CLI-00054,SUC-005,Colombia,Model B,2025
EV-ACME-08286,ACEMDLA11RJ008286,CLI-00881,SUC-009,Panamá,Model A,2024
EV-ACME-08287,ACEMDLD18RK008287,CLI-00351,SUC-010,Perú,Model D,2024
EV-ACME-08288,ACEMDLD13TD008288,CLI-00836,SUC-004,Costa Rica,Model D,2026
EV-ACME-08289,ACEMDLB18RJ008289,CLI-00741,SUC-009,Panamá,Model B,2024
EV-ACME-08290,ACEMDLA14TF008290,CLI-00036,SUC-006,Argentina,Model A,2026
EV-ACME-08291,ACEMDLB10SE008291,CLI-00220,SUC-005,Colombia,Model B,2025
EV-ACME-08292,ACEMDLC18RF008292,CLI-00978,SUC-006,Argentina,Model C,2024
EV-ACME-08293,ACEMDLF14SF008293,CLI-00782,SUC-006,Argentina,Model F,2025
EV-ACME-08294,ACEMDLB11SB008294,CLI-00272,SUC-002,Guatemala,Model B,2025
EV-ACME-08295,ACEMDLD12TJ008295,CLI-00694,SUC-009,Panamá,Model D,2026
EV-ACME-08296,ACEMDLF15SH008296,CLI-00749,SUC-008,Chile,Model F,2025
EV-ACME-08297,ACEMDLD19TJ008297,CLI-00899,SUC-009,Panamá,Model D,2026
EV-ACME-08298,ACEMDLA12RF008298,CLI-00036,SUC-006,Argentina,Model A,2024
EV-ACME-08299,ACEMDLC15TK008299,CLI-00064,SUC-010,Perú,Model C,2026
EV-ACME-08300,ACEMDLB19SK008300,CLI-00659,SUC-010,Perú,Model B,2025
EV-ACME-08301,ACEMDLB12TF008301,CLI-00418,SUC-006,Argentina,Model B,2026
EV-ACME-08302,ACEMDLA19RA008302,CLI-00580,SUC-001,México,Model A,2024
EV-ACME-08303,ACEMDLB13SH008303,CLI-00936,SUC-008,Chile,Model B,2025
EV-ACME-08304,ACEMDLD15SB008304,CLI-00139,SUC-002,Guatemala,Model D,2025
EV-ACME-08305,ACEMDLD14SC008305,CLI-00764,SUC-003,Honduras,Model D,2025
EV-ACME-08306,ACEMDLD10RB008306,CLI-00988,SUC-002,Guatemala,Model D,2024
EV-ACME-08307,ACEMDLF17SA008307,CLI-00329,SUC-001,México,Model F,2025
EV-ACME-08308,ACEMDLD11SC008308,CLI-00432,SUC-003,Honduras,Model D,2025
EV-ACME-08309,ACEMDLD14RA008309,CLI-00890,SUC-001,México,Model D,2024
EV-ACME-08310,ACEMDLF18RD008310,CLI-00959,SUC-004,Costa Rica,Model F,2024
EV-ACME-08311,ACEMDLA17TF008311,CLI-00222,SUC-006,Argentina,Model A,2026
EV-ACME-08312,ACEMDLA15SF008312,CLI-00014,SUC-006,Argentina,Model A,2025
EV-ACME-08313,ACEMDLC18TC008313,CLI-00490,SUC-003,Honduras,Model C,2026
EV-ACME-08314,ACEMDLB13RD008314,CLI-00511,SUC-004,Costa Rica,Model B,2024
EV-ACME-08315,ACEMDLF18SK008315,CLI-00516,SUC-010,Perú,Model F,2025
EV-ACME-08316,ACEMDLA14SG008316,CLI-00304,SUC-007,Canadá,Model A,2025
EV-ACME-08317,ACEMDLB12RK008317,CLI-00995,SUC-010,Perú,Model B,2024
EV-ACME-08318,ACEMDLF14RF008318,CLI-00036,SUC-006,Argentina,Model F,2024
EV-ACME-08319,ACEMDLF16TE008319,CLI-00495,SUC-005,Colombia,Model F,2026
EV-ACME-08320,ACEMDLE16RD008320,CLI-00061,SUC-004,Costa Rica,Model E,2024
EV-ACME-08321,ACEMDLD19RC008321,CLI-00986,SUC-003,Honduras,Model D,2024
EV-ACME-08322,ACEMDLE11SH008322,CLI-00559,SUC-008,Chile,Model E,2025
EV-ACME-08323,ACEMDLE11SJ008323,CLI-00741,SUC-009,Panamá,Model E,2025
EV-ACME-08324,ACEMDLC18TH008324,CLI-00134,SUC-008,Chile,Model C,2026
EV-ACME-08325,ACEMDLD11SH008325,CLI-00769,SUC-008,Chile,Model D,2025
EV-ACME-08326,ACEMDLB15RE008326,CLI-00279,SUC-005,Colombia,Model B,2024
EV-ACME-08327,ACEMDLB19SE008327,CLI-00023,SUC-005,Colombia,Model B,2025
EV-ACME-08328,ACEMDLC15SB008328,CLI-00012,SUC-002,Guatemala,Model C,2025
EV-ACME-08329,ACEMDLC16SH008329,CLI-00006,SUC-008,Chile,Model C,2025
EV-ACME-08330,ACEMDLF13SJ008330,CLI-00593,SUC-009,Panamá,Model F,2025
EV-ACME-08331,ACEMDLE19RA008331,CLI-00745,SUC-001,México,Model E,2024
EV-ACME-08332,ACEMDLB11RC008332,CLI-00426,SUC-003,Honduras,Model B,2024
EV-ACME-08333,ACEMDLF15RG008333,CLI-00548,SUC-007,Canadá,Model F,2024
EV-ACME-08334,ACEMDLE12TB008334,CLI-00405,SUC-002,Guatemala,Model E,2026
EV-ACME-08335,ACEMDLD12RJ008335,CLI-00664,SUC-009,Panamá,Model D,2024
EV-ACME-08336,ACEMDLC14SJ008336,CLI-00389,SUC-009,Panamá,Model C,2025
EV-ACME-08337,ACEMDLA10SH008337,CLI-00964,SUC-008,Chile,Model A,2025
EV-ACME-08338,ACEMDLB14SD008338,CLI-00051,SUC-004,Costa Rica,Model B,2025
EV-ACME-08339,ACEMDLB12SJ008339,CLI-00101,SUC-009,Panamá,Model B,2025
EV-ACME-08340,ACEMDLA17SD008340,CLI-00655,SUC-004,Costa Rica,Model A,2025
EV-ACME-08341,ACEMDLA16RC008341,CLI-00688,SUC-003,Honduras,Model A,2024
EV-ACME-08342,ACEMDLB19TD008342,CLI-00783,SUC-004,Costa Rica,Model B,2026
EV-ACME-08343,ACEMDLA15RJ008343,CLI-00434,SUC-009,Panamá,Model A,2024
EV-ACME-08344,ACEMDLA18SG008344,CLI-00740,SUC-007,Canadá,Model A,2025
EV-ACME-08345,ACEMDLC16SH008345,CLI-00505,SUC-008,Chile,Model C,2025
EV-ACME-08346,ACEMDLE16SJ008346,CLI-00950,SUC-009,Panamá,Model E,2025
EV-ACME-08347,ACEMDLE17TE008347,CLI-00075,SUC-005,Colombia,Model E,2026
EV-ACME-08348,ACEMDLB11SG008348,CLI-00467,SUC-007,Canadá,Model B,2025
EV-ACME-08349,ACEMDLE12TA008349,CLI-00820,SUC-001,México,Model E,2026
EV-ACME-08350,ACEMDLD14RD008350,CLI-00545,SUC-004,Costa Rica,Model D,2024
EV-ACME-08351,ACEMDLC11RB008351,CLI-00384,SUC-002,Guatemala,Model C,2024
EV-ACME-08352,ACEMDLC11TJ008352,CLI-00813,SUC-009,Panamá,Model C,2026
EV-ACME-08353,ACEMDLE19SK008353,CLI-00064,SUC-010,Perú,Model E,2025
EV-ACME-08354,ACEMDLE11TA008354,CLI-00261,SUC-001,México,Model E,2026
EV-ACME-08355,ACEMDLB19RB008355,CLI-00231,SUC-002,Guatemala,Model B,2024
EV-ACME-08356,ACEMDLA11SA008356,CLI-00029,SUC-001,México,Model A,2025
EV-ACME-08357,ACEMDLA12RK008357,CLI-00446,SUC-010,Perú,Model A,2024
EV-ACME-08358,ACEMDLB11TD008358,CLI-00174,SUC-004,Costa Rica,Model B,2026
EV-ACME-08359,ACEMDLD18TK008359,CLI-00283,SUC-010,Perú,Model D,2026
EV-ACME-08360,ACEMDLF13SA008360,CLI-00682,SUC-001,México,Model F,2025
EV-ACME-08361,ACEMDLA16TH008361,CLI-00861,SUC-008,Chile,Model A,2026
EV-ACME-08362,ACEMDLD18SE008362,CLI-00341,SUC-005,Colombia,Model D,2025
EV-ACME-08363,ACEMDLE15TC008363,CLI-00693,SUC-003,Honduras,Model E,2026
EV-ACME-08364,ACEMDLE19RF008364,CLI-00305,SUC-006,Argentina,Model E,2024
EV-ACME-08365,ACEMDLA18SF008365,CLI-00644,SUC-006,Argentina,Model A,2025
EV-ACME-08366,ACEMDLD14SK008366,CLI-00811,SUC-010,Perú,Model D,2025
EV-ACME-08367,ACEMDLC18SB008367,CLI-00003,SUC-002,Guatemala,Model C,2025
EV-ACME-08368,ACEMDLD12SG008368,CLI-00560,SUC-007,Canadá,Model D,2025
EV-ACME-08369,ACEMDLA12RD008369,CLI-00441,SUC-004,Costa Rica,Model A,2024
EV-ACME-08370,ACEMDLC18SG008370,CLI-00639,SUC-007,Canadá,Model C,2025
EV-ACME-08371,ACEMDLC10SC008371,CLI-00197,SUC-003,Honduras,Model C,2025
EV-ACME-08372,ACEMDLD13TE008372,CLI-00592,SUC-005,Colombia,Model D,2026
EV-ACME-08373,ACEMDLF14TH008373,CLI-00375,SUC-008,Chile,Model F,2026
EV-ACME-08374,ACEMDLF13SA008374,CLI-00604,SUC-001,México,Model F,2025
EV-ACME-08375,ACEMDLE14SA008375,CLI-00546,SUC-001,México,Model E,2025
EV-ACME-08376,ACEMDLD11RC008376,CLI-00053,SUC-003,Honduras,Model D,2024
EV-ACME-08377,ACEMDLB19RJ008377,CLI-00121,SUC-009,Panamá,Model B,2024
EV-ACME-08378,ACEMDLE10TE008378,CLI-00295,SUC-005,Colombia,Model E,2026
EV-ACME-08379,ACEMDLA14RB008379,CLI-00907,SUC-002,Guatemala,Model A,2024
EV-ACME-08380,ACEMDLD14SJ008380,CLI-00925,SUC-009,Panamá,Model D,2025
EV-ACME-08381,ACEMDLD18SJ008381,CLI-00617,SUC-009,Panamá,Model D,2025
EV-ACME-08382,ACEMDLE18TB008382,CLI-00509,SUC-002,Guatemala,Model E,2026
EV-ACME-08383,ACEMDLB19TE008383,CLI-00054,SUC-005,Colombia,Model B,2026
EV-ACME-08384,ACEMDLC14TA008384,CLI-00906,SUC-001,México,Model C,2026
EV-ACME-08385,ACEMDLB18RH008385,CLI-00063,SUC-008,Chile,Model B,2024
EV-ACME-08386,ACEMDLD10RA008386,CLI-00264,SUC-001,México,Model D,2024
EV-ACME-08387,ACEMDLC10SA008387,CLI-00748,SUC-001,México,Model C,2025
EV-ACME-08388,ACEMDLF14RA008388,CLI-00329,SUC-001,México,Model F,2024
EV-ACME-08389,ACEMDLF13TD008389,CLI-00649,SUC-004,Costa Rica,Model F,2026
EV-ACME-08390,ACEMDLC17RK008390,CLI-00690,SUC-010,Perú,Model C,2024
EV-ACME-08391,ACEMDLE19TH008391,CLI-00107,SUC-008,Chile,Model E,2026
EV-ACME-08392,ACEMDLA13TD008392,CLI-00240,SUC-004,Costa Rica,Model A,2026
EV-ACME-08393,ACEMDLC12TK008393,CLI-00024,SUC-010,Perú,Model C,2026
EV-ACME-08394,ACEMDLD15RC008394,CLI-00598,SUC-003,Honduras,Model D,2024
EV-ACME-08395,ACEMDLF11TB008395,CLI-00045,SUC-002,Guatemala,Model F,2026
EV-ACME-08396,ACEMDLD11RJ008396,CLI-00593,SUC-009,Panamá,Model D,2024
EV-ACME-08397,ACEMDLF11RA008397,CLI-00838,SUC-001,México,Model F,2024
EV-ACME-08398,ACEMDLC14RD008398,CLI-00135,SUC-004,Costa Rica,Model C,2024
EV-ACME-08399,ACEMDLE10TE008399,CLI-00211,SUC-005,Colombia,Model E,2026
EV-ACME-08400,ACEMDLE13RE008400,CLI-00681,SUC-005,Colombia,Model E,2024
EV-ACME-08401,ACEMDLB18RD008401,CLI-00217,SUC-004,Costa Rica,Model B,2024
EV-ACME-08402,ACEMDLF19RK008402,CLI-00710,SUC-010,Perú,Model F,2024
EV-ACME-08403,ACEMDLA13SE008403,CLI-00341,SUC-005,Colombia,Model A,2025
EV-ACME-08404,ACEMDLD18TG008404,CLI-00004,SUC-007,Canadá,Model D,2026
EV-ACME-08405,ACEMDLC12TB008405,CLI-00752,SUC-002,Guatemala,Model C,2026
EV-ACME-08406,ACEMDLA16SC008406,CLI-00699,SUC-003,Honduras,Model A,2025
EV-ACME-08407,ACEMDLC13TE008407,CLI-00497,SUC-005,Colombia,Model C,2026
EV-ACME-08408,ACEMDLE11SJ008408,CLI-00886,SUC-009,Panamá,Model E,2025
EV-ACME-08409,ACEMDLB19SB008409,CLI-00698,SUC-002,Guatemala,Model B,2025
EV-ACME-08410,ACEMDLF18TJ008410,CLI-00519,SUC-009,Panamá,Model F,2026
EV-ACME-08411,ACEMDLD15SC008411,CLI-00494,SUC-003,Honduras,Model D,2025
EV-ACME-08412,ACEMDLB14RB008412,CLI-00653,SUC-002,Guatemala,Model B,2024
EV-ACME-08413,ACEMDLB11SB008413,CLI-00578,SUC-002,Guatemala,Model B,2025
EV-ACME-08414,ACEMDLA16TK008414,CLI-00201,SUC-010,Perú,Model A,2026
EV-ACME-08415,ACEMDLD16TH008415,CLI-00505,SUC-008,Chile,Model D,2026
EV-ACME-08416,ACEMDLC15SD008416,CLI-00996,SUC-004,Costa Rica,Model C,2025
EV-ACME-08417,ACEMDLB15SA008417,CLI-00943,SUC-001,México,Model B,2025
EV-ACME-08418,ACEMDLF19RB008418,CLI-00651,SUC-002,Guatemala,Model F,2024
EV-ACME-08419,ACEMDLC10RK008419,CLI-00993,SUC-010,Perú,Model C,2024
EV-ACME-08420,ACEMDLE17SB008420,CLI-00676,SUC-002,Guatemala,Model E,2025
EV-ACME-08421,ACEMDLF14TK008421,CLI-00175,SUC-010,Perú,Model F,2026
EV-ACME-08422,ACEMDLB17TB008422,CLI-00003,SUC-002,Guatemala,Model B,2026
EV-ACME-08423,ACEMDLB17TJ008423,CLI-00643,SUC-009,Panamá,Model B,2026
EV-ACME-08424,ACEMDLF17RJ008424,CLI-00879,SUC-009,Panamá,Model F,2024
EV-ACME-08425,ACEMDLD15TE008425,CLI-00450,SUC-005,Colombia,Model D,2026
EV-ACME-08426,ACEMDLC12RE008426,CLI-00052,SUC-005,Colombia,Model C,2024
EV-ACME-08427,ACEMDLF14SA008427,CLI-00584,SUC-001,México,Model F,2025
EV-ACME-08428,ACEMDLA15TB008428,CLI-00752,SUC-002,Guatemala,Model A,2026
EV-ACME-08429,ACEMDLC10RE008429,CLI-00032,SUC-005,Colombia,Model C,2024
EV-ACME-08430,ACEMDLF18SC008430,CLI-00022,SUC-003,Honduras,Model F,2025
EV-ACME-08431,ACEMDLF14RK008431,CLI-00203,SUC-010,Perú,Model F,2024
EV-ACME-08432,ACEMDLB12SD008432,CLI-00623,SUC-004,Costa Rica,Model B,2025
EV-ACME-08433,ACEMDLA17TD008433,CLI-00160,SUC-004,Costa Rica,Model A,2026
EV-ACME-08434,ACEMDLF18RJ008434,CLI-00597,SUC-009,Panamá,Model F,2024
EV-ACME-08435,ACEMDLD16RJ008435,CLI-00677,SUC-009,Panamá,Model D,2024
EV-ACME-08436,ACEMDLE14RJ008436,CLI-00099,SUC-009,Panamá,Model E,2024
EV-ACME-08437,ACEMDLB15SB008437,CLI-00652,SUC-002,Guatemala,Model B,2025
EV-ACME-08438,ACEMDLC14RF008438,CLI-00289,SUC-006,Argentina,Model C,2024
EV-ACME-08439,ACEMDLA18TF008439,CLI-00047,SUC-006,Argentina,Model A,2026
EV-ACME-08440,ACEMDLF14TA008440,CLI-00084,SUC-001,México,Model F,2026
EV-ACME-08441,ACEMDLC19RC008441,CLI-00430,SUC-003,Honduras,Model C,2024
EV-ACME-08442,ACEMDLC18SC008442,CLI-00209,SUC-003,Honduras,Model C,2025
EV-ACME-08443,ACEMDLB11SE008443,CLI-00085,SUC-005,Colombia,Model B,2025
EV-ACME-08444,ACEMDLD10TJ008444,CLI-00547,SUC-009,Panamá,Model D,2026
EV-ACME-08445,ACEMDLC11TB008445,CLI-00185,SUC-002,Guatemala,Model C,2026
EV-ACME-08446,ACEMDLA19TE008446,CLI-00238,SUC-005,Colombia,Model A,2026
EV-ACME-08447,ACEMDLA10RD008447,CLI-00070,SUC-004,Costa Rica,Model A,2024
EV-ACME-08448,ACEMDLA19TE008448,CLI-00417,SUC-005,Colombia,Model A,2026
EV-ACME-08449,ACEMDLA10TG008449,CLI-00840,SUC-007,Canadá,Model A,2026
EV-ACME-08450,ACEMDLC14SA008450,CLI-00625,SUC-001,México,Model C,2025
EV-ACME-08451,ACEMDLC15SD008451,CLI-00431,SUC-004,Costa Rica,Model C,2025
EV-ACME-08452,ACEMDLA14SH008452,CLI-00994,SUC-008,Chile,Model A,2025
EV-ACME-08453,ACEMDLF15SB008453,CLI-00469,SUC-002,Guatemala,Model F,2025
EV-ACME-08454,ACEMDLC14TJ008454,CLI-00662,SUC-009,Panamá,Model C,2026
EV-ACME-08455,ACEMDLF14TA008455,CLI-00259,SUC-001,México,Model F,2026
EV-ACME-08456,ACEMDLC15SJ008456,CLI-00408,SUC-009,Panamá,Model C,2025
EV-ACME-08457,ACEMDLA11TA008457,CLI-00537,SUC-001,México,Model A,2026
EV-ACME-08458,ACEMDLA15SB008458,CLI-00421,SUC-002,Guatemala,Model A,2025
EV-ACME-08459,ACEMDLD17TG008459,CLI-00639,SUC-007,Canadá,Model D,2026
EV-ACME-08460,ACEMDLC10RG008460,CLI-00173,SUC-007,Canadá,Model C,2024
EV-ACME-08461,ACEMDLF10RC008461,CLI-00979,SUC-003,Honduras,Model F,2024
EV-ACME-08462,ACEMDLE17TD008462,CLI-00918,SUC-004,Costa Rica,Model E,2026
EV-ACME-08463,ACEMDLA10TH008463,CLI-00091,SUC-008,Chile,Model A,2026
EV-ACME-08464,ACEMDLC16TJ008464,CLI-00817,SUC-009,Panamá,Model C,2026
EV-ACME-08465,ACEMDLA19TK008465,CLI-00908,SUC-010,Perú,Model A,2026
EV-ACME-08466,ACEMDLE12TA008466,CLI-00704,SUC-001,México,Model E,2026
EV-ACME-08467,ACEMDLE19TH008467,CLI-00805,SUC-008,Chile,Model E,2026
EV-ACME-08468,ACEMDLA10SE008468,CLI-00985,SUC-005,Colombia,Model A,2025
EV-ACME-08469,ACEMDLF16TB008469,CLI-00619,SUC-002,Guatemala,Model F,2026
EV-ACME-08470,ACEMDLB10SJ008470,CLI-00950,SUC-009,Panamá,Model B,2025
EV-ACME-08471,ACEMDLC15RE008471,CLI-00451,SUC-005,Colombia,Model C,2024
EV-ACME-08472,ACEMDLA18RK008472,CLI-00213,SUC-010,Perú,Model A,2024
EV-ACME-08473,ACEMDLC10RK008473,CLI-00883,SUC-010,Perú,Model C,2024
EV-ACME-08474,ACEMDLE16TF008474,CLI-00222,SUC-006,Argentina,Model E,2026
EV-ACME-08475,ACEMDLC12SJ008475,CLI-00949,SUC-009,Panamá,Model C,2025
EV-ACME-08476,ACEMDLF19SC008476,CLI-00691,SUC-003,Honduras,Model F,2025
EV-ACME-08477,ACEMDLA15TF008477,CLI-00188,SUC-006,Argentina,Model A,2026
EV-ACME-08478,ACEMDLB17TJ008478,CLI-00867,SUC-009,Panamá,Model B,2026
EV-ACME-08479,ACEMDLB19RE008479,CLI-00295,SUC-005,Colombia,Model B,2024
EV-ACME-08480,ACEMDLF11SF008480,CLI-00723,SUC-006,Argentina,Model F,2025
EV-ACME-08481,ACEMDLC10RJ008481,CLI-00235,SUC-009,Panamá,Model C,2024
EV-ACME-08482,ACEMDLB14RC008482,CLI-00140,SUC-003,Honduras,Model B,2024
EV-ACME-08483,ACEMDLA19SC008483,CLI-00020,SUC-003,Honduras,Model A,2025
EV-ACME-08484,ACEMDLC11SD008484,CLI-00464,SUC-004,Costa Rica,Model C,2025
EV-ACME-08485,ACEMDLB17TE008485,CLI-00032,SUC-005,Colombia,Model B,2026
EV-ACME-08486,ACEMDLC17SA008486,CLI-00580,SUC-001,México,Model C,2025
EV-ACME-08487,ACEMDLC13SK008487,CLI-00835,SUC-010,Perú,Model C,2025
EV-ACME-08488,ACEMDLB11SD008488,CLI-00008,SUC-004,Costa Rica,Model B,2025
EV-ACME-08489,ACEMDLA16SF008489,CLI-00146,SUC-006,Argentina,Model A,2025
EV-ACME-08490,ACEMDLD19RE008490,CLI-00574,SUC-005,Colombia,Model D,2024
EV-ACME-08491,ACEMDLD14SB008491,CLI-00578,SUC-002,Guatemala,Model D,2025
EV-ACME-08492,ACEMDLC18TJ008492,CLI-00951,SUC-009,Panamá,Model C,2026
EV-ACME-08493,ACEMDLA13SC008493,CLI-00819,SUC-003,Honduras,Model A,2025
EV-ACME-08494,ACEMDLD16SH008494,CLI-00177,SUC-008,Chile,Model D,2025
EV-ACME-08495,ACEMDLE11TG008495,CLI-00042,SUC-007,Canadá,Model E,2026
EV-ACME-08496,ACEMDLF16SD008496,CLI-00787,SUC-004,Costa Rica,Model F,2025
EV-ACME-08497,ACEMDLD13SC008497,CLI-00490,SUC-003,Honduras,Model D,2025
EV-ACME-08498,ACEMDLD17SC008498,CLI-00140,SUC-003,Honduras,Model D,2025
EV-ACME-08499,ACEMDLB11SF008499,CLI-00104,SUC-006,Argentina,Model B,2025
EV-ACME-08500,ACEMDLA16SE008500,CLI-00743,SUC-005,Colombia,Model A,2025
EV-ACME-08501,ACEMDLB10RA008501,CLI-00126,SUC-001,México,Model B,2024
EV-ACME-08502,ACEMDLE14TA008502,CLI-00658,SUC-001,México,Model E,2026
EV-ACME-08503,ACEMDLF15RE008503,CLI-00054,SUC-005,Colombia,Model F,2024
EV-ACME-08504,ACEMDLC17RC008504,CLI-00427,SUC-003,Honduras,Model C,2024
EV-ACME-08505,ACEMDLD12TC008505,CLI-00038,SUC-003,Honduras,Model D,2026
EV-ACME-08506,ACEMDLF10TJ008506,CLI-00593,SUC-009,Panamá,Model F,2026
EV-ACME-08507,ACEMDLD16TK008507,CLI-00900,SUC-010,Perú,Model D,2026
EV-ACME-08508,ACEMDLE15SJ008508,CLI-00072,SUC-009,Panamá,Model E,2025
EV-ACME-08509,ACEMDLD13TJ008509,CLI-00301,SUC-009,Panamá,Model D,2026
EV-ACME-08510,ACEMDLF12SA008510,CLI-00850,SUC-001,México,Model F,2025
EV-ACME-08511,ACEMDLA17SB008511,CLI-00478,SUC-002,Guatemala,Model A,2025
EV-ACME-08512,ACEMDLB18TA008512,CLI-00329,SUC-001,México,Model B,2026
EV-ACME-08513,ACEMDLB15RH008513,CLI-00936,SUC-008,Chile,Model B,2024
EV-ACME-08514,ACEMDLC18SJ008514,CLI-00615,SUC-009,Panamá,Model C,2025
EV-ACME-08515,ACEMDLA12RK008515,CLI-00750,SUC-010,Perú,Model A,2024
EV-ACME-08516,ACEMDLB16RH008516,CLI-00556,SUC-008,Chile,Model B,2024
EV-ACME-08517,ACEMDLD11SK008517,CLI-00835,SUC-010,Perú,Model D,2025
EV-ACME-08518,ACEMDLF16SA008518,CLI-00537,SUC-001,México,Model F,2025
EV-ACME-08519,ACEMDLC17TF008519,CLI-00163,SUC-006,Argentina,Model C,2026
EV-ACME-08520,ACEMDLC10TA008520,CLI-00332,SUC-001,México,Model C,2026
EV-ACME-08521,ACEMDLB17SK008521,CLI-00718,SUC-010,Perú,Model B,2025
EV-ACME-08522,ACEMDLD14TD008522,CLI-00135,SUC-004,Costa Rica,Model D,2026
EV-ACME-08523,ACEMDLE12SJ008523,CLI-00864,SUC-009,Panamá,Model E,2025
EV-ACME-08524,ACEMDLC16RB008524,CLI-00670,SUC-002,Guatemala,Model C,2024
EV-ACME-08525,ACEMDLC10RD008525,CLI-00777,SUC-004,Costa Rica,Model C,2024
EV-ACME-08526,ACEMDLD19TJ008526,CLI-00724,SUC-009,Panamá,Model D,2026
EV-ACME-08527,ACEMDLA13TD008527,CLI-00642,SUC-004,Costa Rica,Model A,2026
EV-ACME-08528,ACEMDLF13TE008528,CLI-00211,SUC-005,Colombia,Model F,2026
EV-ACME-08529,ACEMDLE19TJ008529,CLI-00596,SUC-009,Panamá,Model E,2026
EV-ACME-08530,ACEMDLC19TA008530,CLI-00661,SUC-001,México,Model C,2026
EV-ACME-08531,ACEMDLB12SG008531,CLI-00554,SUC-007,Canadá,Model B,2025
EV-ACME-08532,ACEMDLC11TA008532,CLI-00553,SUC-001,México,Model C,2026
EV-ACME-08533,ACEMDLD17RD008533,CLI-00441,SUC-004,Costa Rica,Model D,2024
EV-ACME-08534,ACEMDLF12SE008534,CLI-00592,SUC-005,Colombia,Model F,2025
EV-ACME-08535,ACEMDLE17TK008535,CLI-00689,SUC-010,Perú,Model E,2026
EV-ACME-08536,ACEMDLA12RA008536,CLI-00299,SUC-001,México,Model A,2024
EV-ACME-08537,ACEMDLE10TC008537,CLI-00974,SUC-003,Honduras,Model E,2026
EV-ACME-08538,ACEMDLE15RK008538,CLI-00516,SUC-010,Perú,Model E,2024
EV-ACME-08539,ACEMDLC12SC008539,CLI-00823,SUC-003,Honduras,Model C,2025
EV-ACME-08540,ACEMDLB14SA008540,CLI-00403,SUC-001,México,Model B,2025
EV-ACME-08541,ACEMDLE16RK008541,CLI-00296,SUC-010,Perú,Model E,2024
EV-ACME-08542,ACEMDLD17SE008542,CLI-00747,SUC-005,Colombia,Model D,2025
EV-ACME-08543,ACEMDLE10TF008543,CLI-00755,SUC-006,Argentina,Model E,2026
EV-ACME-08544,ACEMDLB10TK008544,CLI-00026,SUC-010,Perú,Model B,2026
EV-ACME-08545,ACEMDLD11TG008545,CLI-00144,SUC-007,Canadá,Model D,2026
EV-ACME-08546,ACEMDLE10RE008546,CLI-00216,SUC-005,Colombia,Model E,2024
EV-ACME-08547,ACEMDLC17RF008547,CLI-00956,SUC-006,Argentina,Model C,2024
EV-ACME-08548,ACEMDLE16TJ008548,CLI-00232,SUC-009,Panamá,Model E,2026
EV-ACME-08549,ACEMDLD16TE008549,CLI-00190,SUC-005,Colombia,Model D,2026
EV-ACME-08550,ACEMDLE11RK008550,CLI-00883,SUC-010,Perú,Model E,2024
EV-ACME-08551,ACEMDLA13SF008551,CLI-00630,SUC-006,Argentina,Model A,2025
EV-ACME-08552,ACEMDLA18TH008552,CLI-00385,SUC-008,Chile,Model A,2026
EV-ACME-08553,ACEMDLB18TD008553,CLI-00600,SUC-004,Costa Rica,Model B,2026
EV-ACME-08554,ACEMDLF18RC008554,CLI-00255,SUC-003,Honduras,Model F,2024
EV-ACME-08555,ACEMDLF15SF008555,CLI-00514,SUC-006,Argentina,Model F,2025
EV-ACME-08556,ACEMDLC14RJ008556,CLI-00312,SUC-009,Panamá,Model C,2024
EV-ACME-08557,ACEMDLF11TE008557,CLI-00743,SUC-005,Colombia,Model F,2026
EV-ACME-08558,ACEMDLF10TG008558,CLI-00671,SUC-007,Canadá,Model F,2026
EV-ACME-08559,ACEMDLC11RF008559,CLI-00222,SUC-006,Argentina,Model C,2024
EV-ACME-08560,ACEMDLA15TF008560,CLI-00166,SUC-006,Argentina,Model A,2026
EV-ACME-08561,ACEMDLB14SE008561,CLI-00365,SUC-005,Colombia,Model B,2025
EV-ACME-08562,ACEMDLC10SE008562,CLI-00592,SUC-005,Colombia,Model C,2025
EV-ACME-08563,ACEMDLA14RF008563,CLI-00722,SUC-006,Argentina,Model A,2024
EV-ACME-08564,ACEMDLF13TB008564,CLI-00300,SUC-002,Guatemala,Model F,2026
EV-ACME-08565,ACEMDLC12TJ008565,CLI-00496,SUC-009,Panamá,Model C,2026
EV-ACME-08566,ACEMDLC19RD008566,CLI-00611,SUC-004,Costa Rica,Model C,2024
EV-ACME-08567,ACEMDLA17TD008567,CLI-00381,SUC-004,Costa Rica,Model A,2026
EV-ACME-08568,ACEMDLF15RF008568,CLI-00163,SUC-006,Argentina,Model F,2024
EV-ACME-08569,ACEMDLD16RK008569,CLI-00960,SUC-010,Perú,Model D,2024
EV-ACME-08570,ACEMDLE10SB008570,CLI-00653,SUC-002,Guatemala,Model E,2025
EV-ACME-08571,ACEMDLF16RB008571,CLI-00776,SUC-002,Guatemala,Model F,2024
EV-ACME-08572,ACEMDLF12RF008572,CLI-00485,SUC-006,Argentina,Model F,2024
EV-ACME-08573,ACEMDLD13TC008573,CLI-00699,SUC-003,Honduras,Model D,2026
EV-ACME-08574,ACEMDLB18RF008574,CLI-00532,SUC-006,Argentina,Model B,2024
EV-ACME-08575,ACEMDLC12SE008575,CLI-00592,SUC-005,Colombia,Model C,2025
EV-ACME-08576,ACEMDLE14SF008576,CLI-00014,SUC-006,Argentina,Model E,2025
EV-ACME-08577,ACEMDLA13TC008577,CLI-00613,SUC-003,Honduras,Model A,2026
EV-ACME-08578,ACEMDLC19TE008578,CLI-00190,SUC-005,Colombia,Model C,2026
EV-ACME-08579,ACEMDLA16TC008579,CLI-00504,SUC-003,Honduras,Model A,2026
EV-ACME-08580,ACEMDLB15TG008580,CLI-00164,SUC-007,Canadá,Model B,2026
EV-ACME-08581,ACEMDLE10SJ008581,CLI-00518,SUC-009,Panamá,Model E,2025
EV-ACME-08582,ACEMDLE12RB008582,CLI-00941,SUC-002,Guatemala,Model E,2024
EV-ACME-08583,ACEMDLC16SG008583,CLI-00206,SUC-007,Canadá,Model C,2025
EV-ACME-08584,ACEMDLA12RE008584,CLI-00955,SUC-005,Colombia,Model A,2024
EV-ACME-08585,ACEMDLF18RK008585,CLI-00900,SUC-010,Perú,Model F,2024
EV-ACME-08586,ACEMDLD18RH008586,CLI-00781,SUC-008,Chile,Model D,2024
EV-ACME-08587,ACEMDLA15RJ008587,CLI-00879,SUC-009,Panamá,Model A,2024
EV-ACME-08588,ACEMDLF18RF008588,CLI-00226,SUC-006,Argentina,Model F,2024
EV-ACME-08589,ACEMDLF19RJ008589,CLI-00079,SUC-009,Panamá,Model F,2024
EV-ACME-08590,ACEMDLC14SG008590,CLI-00610,SUC-007,Canadá,Model C,2025
EV-ACME-08591,ACEMDLE11SH008591,CLI-00505,SUC-008,Chile,Model E,2025
EV-ACME-08592,ACEMDLF16SJ008592,CLI-00925,SUC-009,Panamá,Model F,2025
EV-ACME-08593,ACEMDLB19TF008593,CLI-00476,SUC-006,Argentina,Model B,2026
EV-ACME-08594,ACEMDLF15RK008594,CLI-00286,SUC-010,Perú,Model F,2024
EV-ACME-08595,ACEMDLC19RD008595,CLI-00498,SUC-004,Costa Rica,Model C,2024
EV-ACME-08596,ACEMDLE18RA008596,CLI-00103,SUC-001,México,Model E,2024
EV-ACME-08597,ACEMDLE18SF008597,CLI-00533,SUC-006,Argentina,Model E,2025
EV-ACME-08598,ACEMDLB17SC008598,CLI-00731,SUC-003,Honduras,Model B,2025
EV-ACME-08599,ACEMDLB14RH008599,CLI-00637,SUC-008,Chile,Model B,2024
EV-ACME-08600,ACEMDLC14TG008600,CLI-00620,SUC-007,Canadá,Model C,2026
EV-ACME-08601,ACEMDLA19RA008601,CLI-00264,SUC-001,México,Model A,2024
EV-ACME-08602,ACEMDLE19SC008602,CLI-00591,SUC-003,Honduras,Model E,2025
EV-ACME-08603,ACEMDLC18TF008603,CLI-00984,SUC-006,Argentina,Model C,2026
EV-ACME-08604,ACEMDLC11TD008604,CLI-00309,SUC-004,Costa Rica,Model C,2026
EV-ACME-08605,ACEMDLE15TD008605,CLI-00363,SUC-004,Costa Rica,Model E,2026
EV-ACME-08606,ACEMDLF10TJ008606,CLI-00401,SUC-009,Panamá,Model F,2026
EV-ACME-08607,ACEMDLD15SB008607,CLI-00619,SUC-002,Guatemala,Model D,2025
EV-ACME-08608,ACEMDLE18RA008608,CLI-00207,SUC-001,México,Model E,2024
EV-ACME-08609,ACEMDLD10TA008609,CLI-00558,SUC-001,México,Model D,2026
EV-ACME-08610,ACEMDLA18SC008610,CLI-00650,SUC-003,Honduras,Model A,2025
EV-ACME-08611,ACEMDLD15SE008611,CLI-00413,SUC-005,Colombia,Model D,2025
EV-ACME-08612,ACEMDLB16RH008612,CLI-00781,SUC-008,Chile,Model B,2024
EV-ACME-08613,ACEMDLF17RK008613,CLI-00310,SUC-010,Perú,Model F,2024
EV-ACME-08614,ACEMDLF18SA008614,CLI-00057,SUC-001,México,Model F,2025
EV-ACME-08615,ACEMDLE14TF008615,CLI-00685,SUC-006,Argentina,Model E,2026
EV-ACME-08616,ACEMDLB17TE008616,CLI-00075,SUC-005,Colombia,Model B,2026
EV-ACME-08617,ACEMDLD16RH008617,CLI-00769,SUC-008,Chile,Model D,2024
EV-ACME-08618,ACEMDLA17SD008618,CLI-00683,SUC-004,Costa Rica,Model A,2025
EV-ACME-08619,ACEMDLC18SB008619,CLI-00919,SUC-002,Guatemala,Model C,2025
EV-ACME-08620,ACEMDLE14SJ008620,CLI-00377,SUC-009,Panamá,Model E,2025
EV-ACME-08621,ACEMDLA14TJ008621,CLI-00487,SUC-009,Panamá,Model A,2026
EV-ACME-08622,ACEMDLA13RK008622,CLI-00543,SUC-010,Perú,Model A,2024
EV-ACME-08623,ACEMDLB10SC008623,CLI-00974,SUC-003,Honduras,Model B,2025
EV-ACME-08624,ACEMDLF16SK008624,CLI-00001,SUC-010,Perú,Model F,2025
EV-ACME-08625,ACEMDLB19SB008625,CLI-00390,SUC-002,Guatemala,Model B,2025
EV-ACME-08626,ACEMDLA10RH008626,CLI-00502,SUC-008,Chile,Model A,2024
EV-ACME-08627,ACEMDLF19TG008627,CLI-00164,SUC-007,Canadá,Model F,2026
EV-ACME-08628,ACEMDLD10RD008628,CLI-00683,SUC-004,Costa Rica,Model D,2024
EV-ACME-08629,ACEMDLD10SK008629,CLI-00161,SUC-010,Perú,Model D,2025
EV-ACME-08630,ACEMDLF14TJ008630,CLI-00596,SUC-009,Panamá,Model F,2026
EV-ACME-08631,ACEMDLD15RA008631,CLI-00315,SUC-001,México,Model D,2024
EV-ACME-08632,ACEMDLB19RC008632,CLI-00650,SUC-003,Honduras,Model B,2024
EV-ACME-08633,ACEMDLC17TF008633,CLI-00507,SUC-006,Argentina,Model C,2026
EV-ACME-08634,ACEMDLB11SG008634,CLI-00554,SUC-007,Canadá,Model B,2025
EV-ACME-08635,ACEMDLD16TB008635,CLI-00616,SUC-002,Guatemala,Model D,2026
EV-ACME-08636,ACEMDLD16SB008636,CLI-00274,SUC-002,Guatemala,Model D,2025
EV-ACME-08637,ACEMDLB18SK008637,CLI-00491,SUC-010,Perú,Model B,2025
EV-ACME-08638,ACEMDLA15RE008638,CLI-00847,SUC-005,Colombia,Model A,2024
EV-ACME-08639,ACEMDLC12SF008639,CLI-00530,SUC-006,Argentina,Model C,2025
EV-ACME-08640,ACEMDLA14TF008640,CLI-00188,SUC-006,Argentina,Model A,2026
EV-ACME-08641,ACEMDLA12RF008641,CLI-00459,SUC-006,Argentina,Model A,2024
EV-ACME-08642,ACEMDLE19SA008642,CLI-00333,SUC-001,México,Model E,2025
EV-ACME-08643,ACEMDLB17RA008643,CLI-00675,SUC-001,México,Model B,2024
EV-ACME-08644,ACEMDLC17TC008644,CLI-00986,SUC-003,Honduras,Model C,2026
EV-ACME-08645,ACEMDLA17RJ008645,CLI-00963,SUC-009,Panamá,Model A,2024
EV-ACME-08646,ACEMDLD15SB008646,CLI-00961,SUC-002,Guatemala,Model D,2025
EV-ACME-08647,ACEMDLC16RE008647,CLI-00370,SUC-005,Colombia,Model C,2024
EV-ACME-08648,ACEMDLC14TH008648,CLI-00512,SUC-008,Chile,Model C,2026
EV-ACME-08649,ACEMDLC18RG008649,CLI-00035,SUC-007,Canadá,Model C,2024
EV-ACME-08650,ACEMDLF12RG008650,CLI-00629,SUC-007,Canadá,Model F,2024
EV-ACME-08651,ACEMDLA18TC008651,CLI-00549,SUC-003,Honduras,Model A,2026
EV-ACME-08652,ACEMDLF18TF008652,CLI-00903,SUC-006,Argentina,Model F,2026
EV-ACME-08653,ACEMDLC18RF008653,CLI-00532,SUC-006,Argentina,Model C,2024
EV-ACME-08654,ACEMDLA17SC008654,CLI-00444,SUC-003,Honduras,Model A,2025
EV-ACME-08655,ACEMDLA19SC008655,CLI-00265,SUC-003,Honduras,Model A,2025
EV-ACME-08656,ACEMDLF17TK008656,CLI-00131,SUC-010,Perú,Model F,2026
EV-ACME-08657,ACEMDLF12RJ008657,CLI-00970,SUC-009,Panamá,Model F,2024
EV-ACME-08658,ACEMDLE19TH008658,CLI-00339,SUC-008,Chile,Model E,2026
EV-ACME-08659,ACEMDLA13TJ008659,CLI-00364,SUC-009,Panamá,Model A,2026
EV-ACME-08660,ACEMDLE16SB008660,CLI-00429,SUC-002,Guatemala,Model E,2025
EV-ACME-08661,ACEMDLA19SK008661,CLI-00718,SUC-010,Perú,Model A,2025
EV-ACME-08662,ACEMDLE10TG008662,CLI-00938,SUC-007,Canadá,Model E,2026
EV-ACME-08663,ACEMDLA14RJ008663,CLI-00377,SUC-009,Panamá,Model A,2024
EV-ACME-08664,ACEMDLA15RJ008664,CLI-00761,SUC-009,Panamá,Model A,2024
EV-ACME-08665,ACEMDLE10SJ008665,CLI-00597,SUC-009,Panamá,Model E,2025
EV-ACME-08666,ACEMDLB15RJ008666,CLI-00899,SUC-009,Panamá,Model B,2024
EV-ACME-08667,ACEMDLE15SC008667,CLI-00360,SUC-003,Honduras,Model E,2025
EV-ACME-08668,ACEMDLE12SJ008668,CLI-00150,SUC-009,Panamá,Model E,2025
EV-ACME-08669,ACEMDLF18TC008669,CLI-00979,SUC-003,Honduras,Model F,2026
EV-ACME-08670,ACEMDLD10SK008670,CLI-00147,SUC-010,Perú,Model D,2025
EV-ACME-08671,ACEMDLB11RK008671,CLI-00582,SUC-010,Perú,Model B,2024
EV-ACME-08672,ACEMDLC18TE008672,CLI-00953,SUC-005,Colombia,Model C,2026
EV-ACME-08673,ACEMDLF14RK008673,CLI-00993,SUC-010,Perú,Model F,2024
EV-ACME-08674,ACEMDLA12SK008674,CLI-00024,SUC-010,Perú,Model A,2025
EV-ACME-08675,ACEMDLB12TF008675,CLI-00990,SUC-006,Argentina,Model B,2026
EV-ACME-08676,ACEMDLC19SC008676,CLI-00525,SUC-003,Honduras,Model C,2025
EV-ACME-08677,ACEMDLD12TE008677,CLI-00832,SUC-005,Colombia,Model D,2026
EV-ACME-08678,ACEMDLE15TF008678,CLI-00492,SUC-006,Argentina,Model E,2026
EV-ACME-08679,ACEMDLE12RG008679,CLI-00548,SUC-007,Canadá,Model E,2024
EV-ACME-08680,ACEMDLD18SD008680,CLI-00779,SUC-004,Costa Rica,Model D,2025
EV-ACME-08681,ACEMDLC16SG008681,CLI-00214,SUC-007,Canadá,Model C,2025
EV-ACME-08682,ACEMDLA17RC008682,CLI-00391,SUC-003,Honduras,Model A,2024
EV-ACME-08683,ACEMDLA17RE008683,CLI-00985,SUC-005,Colombia,Model A,2024
EV-ACME-08684,ACEMDLC15SB008684,CLI-00849,SUC-002,Guatemala,Model C,2025
EV-ACME-08685,ACEMDLB16RK008685,CLI-00275,SUC-010,Perú,Model B,2024
EV-ACME-08686,ACEMDLB18RJ008686,CLI-00684,SUC-009,Panamá,Model B,2024
EV-ACME-08687,ACEMDLE14RH008687,CLI-00124,SUC-008,Chile,Model E,2024
EV-ACME-08688,ACEMDLB16TG008688,CLI-00435,SUC-007,Canadá,Model B,2026
EV-ACME-08689,ACEMDLA10RD008689,CLI-00784,SUC-004,Costa Rica,Model A,2024
EV-ACME-08690,ACEMDLB13RC008690,CLI-00307,SUC-003,Honduras,Model B,2024
EV-ACME-08691,ACEMDLE19SK008691,CLI-00746,SUC-010,Perú,Model E,2025
EV-ACME-08692,ACEMDLA18RF008692,CLI-00720,SUC-006,Argentina,Model A,2024
EV-ACME-08693,ACEMDLF15RE008693,CLI-00075,SUC-005,Colombia,Model F,2024
EV-ACME-08694,ACEMDLA19SF008694,CLI-00530,SUC-006,Argentina,Model A,2025
EV-ACME-08695,ACEMDLD15RE008695,CLI-00495,SUC-005,Colombia,Model D,2024
EV-ACME-08696,ACEMDLA13TJ008696,CLI-00256,SUC-009,Panamá,Model A,2026
EV-ACME-08697,ACEMDLE17RF008697,CLI-00965,SUC-006,Argentina,Model E,2024
EV-ACME-08698,ACEMDLE15TE008698,CLI-00224,SUC-005,Colombia,Model E,2026
EV-ACME-08699,ACEMDLF11SC008699,CLI-00915,SUC-003,Honduras,Model F,2025
EV-ACME-08700,ACEMDLA12TG008700,CLI-00639,SUC-007,Canadá,Model A,2026
EV-ACME-08701,ACEMDLF16TA008701,CLI-00572,SUC-001,México,Model F,2026
EV-ACME-08702,ACEMDLA11TA008702,CLI-00614,SUC-001,México,Model A,2026
EV-ACME-08703,ACEMDLE14TD008703,CLI-00249,SUC-004,Costa Rica,Model E,2026
EV-ACME-08704,ACEMDLC13TE008704,CLI-00167,SUC-005,Colombia,Model C,2026
EV-ACME-08705,ACEMDLD19TG008705,CLI-00448,SUC-007,Canadá,Model D,2026
EV-ACME-08706,ACEMDLC17SC008706,CLI-00209,SUC-003,Honduras,Model C,2025
EV-ACME-08707,ACEMDLE17SF008707,CLI-00723,SUC-006,Argentina,Model E,2025
EV-ACME-08708,ACEMDLA11TJ008708,CLI-00717,SUC-009,Panamá,Model A,2026
EV-ACME-08709,ACEMDLA12RJ008709,CLI-00121,SUC-009,Panamá,Model A,2024
EV-ACME-08710,ACEMDLE14RG008710,CLI-00802,SUC-007,Canadá,Model E,2024
EV-ACME-08711,ACEMDLC12SD008711,CLI-00262,SUC-004,Costa Rica,Model C,2025
EV-ACME-08712,ACEMDLB12RH008712,CLI-00006,SUC-008,Chile,Model B,2024
EV-ACME-08713,ACEMDLF10SB008713,CLI-00100,SUC-002,Guatemala,Model F,2025
EV-ACME-08714,ACEMDLB13TD008714,CLI-00433,SUC-004,Costa Rica,Model B,2026
EV-ACME-08715,ACEMDLF11SH008715,CLI-00091,SUC-008,Chile,Model F,2025
EV-ACME-08716,ACEMDLC15SJ008716,CLI-00813,SUC-009,Panamá,Model C,2025
EV-ACME-08717,ACEMDLB17TB008717,CLI-00815,SUC-002,Guatemala,Model B,2026
EV-ACME-08718,ACEMDLD19TH008718,CLI-00205,SUC-008,Chile,Model D,2026
EV-ACME-08719,ACEMDLF14TB008719,CLI-00219,SUC-002,Guatemala,Model F,2026
EV-ACME-08720,ACEMDLB16RH008720,CLI-00612,SUC-008,Chile,Model B,2024
EV-ACME-08721,ACEMDLA13RK008721,CLI-00024,SUC-010,Perú,Model A,2024
EV-ACME-08722,ACEMDLA15RB008722,CLI-00857,SUC-002,Guatemala,Model A,2024
EV-ACME-08723,ACEMDLE12RE008723,CLI-00132,SUC-005,Colombia,Model E,2024
EV-ACME-08724,ACEMDLA15TJ008724,CLI-00837,SUC-009,Panamá,Model A,2026
EV-ACME-08725,ACEMDLD11RA008725,CLI-00361,SUC-001,México,Model D,2024
EV-ACME-08726,ACEMDLF14TA008726,CLI-00537,SUC-001,México,Model F,2026
EV-ACME-08727,ACEMDLC16SK008727,CLI-00768,SUC-010,Perú,Model C,2025
EV-ACME-08728,ACEMDLD19TE008728,CLI-00154,SUC-005,Colombia,Model D,2026
EV-ACME-08729,ACEMDLC13SG008729,CLI-00554,SUC-007,Canadá,Model C,2025
EV-ACME-08730,ACEMDLF18RA008730,CLI-00534,SUC-001,México,Model F,2024
EV-ACME-08731,ACEMDLC15RA008731,CLI-00754,SUC-001,México,Model C,2024
EV-ACME-08732,ACEMDLE19SH008732,CLI-00138,SUC-008,Chile,Model E,2025
EV-ACME-08733,ACEMDLD15TH008733,CLI-00335,SUC-008,Chile,Model D,2026
EV-ACME-08734,ACEMDLD13RC008734,CLI-00360,SUC-003,Honduras,Model D,2024
EV-ACME-08735,ACEMDLA11TG008735,CLI-00840,SUC-007,Canadá,Model A,2026
EV-ACME-08736,ACEMDLA18TF008736,CLI-00028,SUC-006,Argentina,Model A,2026
EV-ACME-08737,ACEMDLF17RK008737,CLI-00568,SUC-010,Perú,Model F,2024
EV-ACME-08738,ACEMDLB19SH008738,CLI-00805,SUC-008,Chile,Model B,2025
EV-ACME-08739,ACEMDLD15TK008739,CLI-00026,SUC-010,Perú,Model D,2026
EV-ACME-08740,ACEMDLE16SD008740,CLI-00783,SUC-004,Costa Rica,Model E,2025
EV-ACME-08741,ACEMDLA18SH008741,CLI-00204,SUC-008,Chile,Model A,2025
EV-ACME-08742,ACEMDLD10SJ008742,CLI-00526,SUC-009,Panamá,Model D,2025
EV-ACME-08743,ACEMDLD18TB008743,CLI-00187,SUC-002,Guatemala,Model D,2026
EV-ACME-08744,ACEMDLE15TD008744,CLI-00160,SUC-004,Costa Rica,Model E,2026
EV-ACME-08745,ACEMDLD15RB008745,CLI-00774,SUC-002,Guatemala,Model D,2024
EV-ACME-08746,ACEMDLB12RF008746,CLI-00903,SUC-006,Argentina,Model B,2024
EV-ACME-08747,ACEMDLE14SJ008747,CLI-00925,SUC-009,Panamá,Model E,2025
EV-ACME-08748,ACEMDLB10SC008748,CLI-00974,SUC-003,Honduras,Model B,2025
EV-ACME-08749,ACEMDLC14RD008749,CLI-00481,SUC-004,Costa Rica,Model C,2024
EV-ACME-08750,ACEMDLD16TA008750,CLI-00989,SUC-001,México,Model D,2026
EV-ACME-08751,ACEMDLB12TH008751,CLI-00860,SUC-008,Chile,Model B,2026
EV-ACME-08752,ACEMDLB17RJ008752,CLI-00184,SUC-009,Panamá,Model B,2024
EV-ACME-08753,ACEMDLD11RG008753,CLI-00411,SUC-007,Canadá,Model D,2024
EV-ACME-08754,ACEMDLA18RJ008754,CLI-00566,SUC-009,Panamá,Model A,2024
EV-ACME-08755,ACEMDLF15TA008755,CLI-00368,SUC-001,México,Model F,2026
EV-ACME-08756,ACEMDLB19SB008756,CLI-00003,SUC-002,Guatemala,Model B,2025
EV-ACME-08757,ACEMDLB14RC008757,CLI-00022,SUC-003,Honduras,Model B,2024
EV-ACME-08758,ACEMDLB19TB008758,CLI-00274,SUC-002,Guatemala,Model B,2026
EV-ACME-08759,ACEMDLD12SF008759,CLI-00011,SUC-006,Argentina,Model D,2025
EV-ACME-08760,ACEMDLD13RH008760,CLI-00964,SUC-008,Chile,Model D,2024
EV-ACME-08761,ACEMDLF12TE008761,CLI-00211,SUC-005,Colombia,Model F,2026
EV-ACME-08762,ACEMDLA14RC008762,CLI-00463,SUC-003,Honduras,Model A,2024
EV-ACME-08763,ACEMDLF11SJ008763,CLI-00496,SUC-009,Panamá,Model F,2025
EV-ACME-08764,ACEMDLA10RA008764,CLI-00010,SUC-001,México,Model A,2024
EV-ACME-08765,ACEMDLF11TB008765,CLI-00961,SUC-002,Guatemala,Model F,2026
EV-ACME-08766,ACEMDLE19SJ008766,CLI-00765,SUC-009,Panamá,Model E,2025
EV-ACME-08767,ACEMDLB14RK008767,CLI-00729,SUC-010,Perú,Model B,2024
EV-ACME-08768,ACEMDLC12TF008768,CLI-00522,SUC-006,Argentina,Model C,2026
EV-ACME-08769,ACEMDLD12SD008769,CLI-00655,SUC-004,Costa Rica,Model D,2025
EV-ACME-08770,ACEMDLA16TH008770,CLI-00339,SUC-008,Chile,Model A,2026
EV-ACME-08771,ACEMDLB11RD008771,CLI-00742,SUC-004,Costa Rica,Model B,2024
EV-ACME-08772,ACEMDLB10SD008772,CLI-00270,SUC-004,Costa Rica,Model B,2025
EV-ACME-08773,ACEMDLE19SD008773,CLI-00441,SUC-004,Costa Rica,Model E,2025
EV-ACME-08774,ACEMDLA17RD008774,CLI-00481,SUC-004,Costa Rica,Model A,2024
EV-ACME-08775,ACEMDLF19TD008775,CLI-00291,SUC-004,Costa Rica,Model F,2026
EV-ACME-08776,ACEMDLF10RD008776,CLI-00631,SUC-004,Costa Rica,Model F,2024
EV-ACME-08777,ACEMDLA11SC008777,CLI-00391,SUC-003,Honduras,Model A,2025
EV-ACME-08778,ACEMDLD18RJ008778,CLI-00694,SUC-009,Panamá,Model D,2024
EV-ACME-08779,ACEMDLB10SK008779,CLI-00410,SUC-010,Perú,Model B,2025
EV-ACME-08780,ACEMDLA18RJ008780,CLI-00449,SUC-009,Panamá,Model A,2024
EV-ACME-08781,ACEMDLF18TB008781,CLI-00185,SUC-002,Guatemala,Model F,2026
EV-ACME-08782,ACEMDLE18TJ008782,CLI-00127,SUC-009,Panamá,Model E,2026
EV-ACME-08783,ACEMDLA13RJ008783,CLI-00202,SUC-009,Panamá,Model A,2024
EV-ACME-08784,ACEMDLC19RK008784,CLI-00638,SUC-010,Perú,Model C,2024
EV-ACME-08785,ACEMDLF12SC008785,CLI-00976,SUC-003,Honduras,Model F,2025
EV-ACME-08786,ACEMDLE13RD008786,CLI-00649,SUC-004,Costa Rica,Model E,2024
EV-ACME-08787,ACEMDLE11SK008787,CLI-00811,SUC-010,Perú,Model E,2025
EV-ACME-08788,ACEMDLE18RF008788,CLI-00455,SUC-006,Argentina,Model E,2024
EV-ACME-08789,ACEMDLE10RE008789,CLI-00929,SUC-005,Colombia,Model E,2024
EV-ACME-08790,ACEMDLF18TK008790,CLI-00835,SUC-010,Perú,Model F,2026
EV-ACME-08791,ACEMDLD12RH008791,CLI-00062,SUC-008,Chile,Model D,2024
EV-ACME-08792,ACEMDLA19SF008792,CLI-00113,SUC-006,Argentina,Model A,2025
EV-ACME-08793,ACEMDLF14SJ008793,CLI-00887,SUC-009,Panamá,Model F,2025
EV-ACME-08794,ACEMDLE11SB008794,CLI-00478,SUC-002,Guatemala,Model E,2025
EV-ACME-08795,ACEMDLE18SD008795,CLI-00939,SUC-004,Costa Rica,Model E,2025
EV-ACME-08796,ACEMDLD10SK008796,CLI-00269,SUC-010,Perú,Model D,2025
EV-ACME-08797,ACEMDLC18RB008797,CLI-00698,SUC-002,Guatemala,Model C,2024
EV-ACME-08798,ACEMDLD13RF008798,CLI-00956,SUC-006,Argentina,Model D,2024
EV-ACME-08799,ACEMDLB15TC008799,CLI-00236,SUC-003,Honduras,Model B,2026
EV-ACME-08800,ACEMDLE10SJ008800,CLI-00829,SUC-009,Panamá,Model E,2025
EV-ACME-08801,ACEMDLC16RJ008801,CLI-00707,SUC-009,Panamá,Model C,2024
EV-ACME-08802,ACEMDLC14SD008802,CLI-00270,SUC-004,Costa Rica,Model C,2025
EV-ACME-08803,ACEMDLD11TJ008803,CLI-00607,SUC-009,Panamá,Model D,2026
EV-ACME-08804,ACEMDLB18RH008804,CLI-00830,SUC-008,Chile,Model B,2024
EV-ACME-08805,ACEMDLA14SJ008805,CLI-00256,SUC-009,Panamá,Model A,2025
EV-ACME-08806,ACEMDLA16RC008806,CLI-00503,SUC-003,Honduras,Model A,2024
EV-ACME-08807,ACEMDLA19TD008807,CLI-00828,SUC-004,Costa Rica,Model A,2026
EV-ACME-08808,ACEMDLF13SE008808,CLI-00290,SUC-005,Colombia,Model F,2025
EV-ACME-08809,ACEMDLD10RF008809,CLI-00047,SUC-006,Argentina,Model D,2024
EV-ACME-08810,ACEMDLF19RJ008810,CLI-00202,SUC-009,Panamá,Model F,2024
EV-ACME-08811,ACEMDLA10TC008811,CLI-00848,SUC-003,Honduras,Model A,2026
EV-ACME-08812,ACEMDLF14TC008812,CLI-00053,SUC-003,Honduras,Model F,2026
EV-ACME-08813,ACEMDLF19TK008813,CLI-00470,SUC-010,Perú,Model F,2026
EV-ACME-08814,ACEMDLE12TE008814,CLI-00798,SUC-005,Colombia,Model E,2026
EV-ACME-08815,ACEMDLC15SF008815,CLI-00812,SUC-006,Argentina,Model C,2025
EV-ACME-08816,ACEMDLE14TH008816,CLI-00948,SUC-008,Chile,Model E,2026
EV-ACME-08817,ACEMDLD15SF008817,CLI-00984,SUC-006,Argentina,Model D,2025
EV-ACME-08818,ACEMDLB15TB008818,CLI-00045,SUC-002,Guatemala,Model B,2026
EV-ACME-08819,ACEMDLF10SG008819,CLI-00092,SUC-007,Canadá,Model F,2025
EV-ACME-08820,ACEMDLC16SF008820,CLI-00105,SUC-006,Argentina,Model C,2025
EV-ACME-08821,ACEMDLF12TG008821,CLI-00037,SUC-007,Canadá,Model F,2026
EV-ACME-08822,ACEMDLC15RD008822,CLI-00709,SUC-004,Costa Rica,Model C,2024
EV-ACME-08823,ACEMDLE17SH008823,CLI-00713,SUC-008,Chile,Model E,2025
EV-ACME-08824,ACEMDLF13SF008824,CLI-00686,SUC-006,Argentina,Model F,2025
EV-ACME-08825,ACEMDLB17RA008825,CLI-00704,SUC-001,México,Model B,2024
EV-ACME-08826,ACEMDLA10RF008826,CLI-00956,SUC-006,Argentina,Model A,2024
EV-ACME-08827,ACEMDLA19TG008827,CLI-00772,SUC-007,Canadá,Model A,2026
EV-ACME-08828,ACEMDLD14TD008828,CLI-00249,SUC-004,Costa Rica,Model D,2026
EV-ACME-08829,ACEMDLB10SD008829,CLI-00069,SUC-004,Costa Rica,Model B,2025
EV-ACME-08830,ACEMDLB16TA008830,CLI-00889,SUC-001,México,Model B,2026
EV-ACME-08831,ACEMDLB19RF008831,CLI-00865,SUC-006,Argentina,Model B,2024
EV-ACME-08832,ACEMDLF19RA008832,CLI-00403,SUC-001,México,Model F,2024
EV-ACME-08833,ACEMDLD17SH008833,CLI-00769,SUC-008,Chile,Model D,2025
EV-ACME-08834,ACEMDLB11SK008834,CLI-00993,SUC-010,Perú,Model B,2025
EV-ACME-08835,ACEMDLA13RA008835,CLI-00820,SUC-001,México,Model A,2024
EV-ACME-08836,ACEMDLF14TB008836,CLI-00405,SUC-002,Guatemala,Model F,2026
EV-ACME-08837,ACEMDLC17SB008837,CLI-00438,SUC-002,Guatemala,Model C,2025
EV-ACME-08838,ACEMDLD14TH008838,CLI-00314,SUC-008,Chile,Model D,2026
EV-ACME-08839,ACEMDLC15TK008839,CLI-00474,SUC-010,Perú,Model C,2026
EV-ACME-08840,ACEMDLF15TK008840,CLI-00201,SUC-010,Perú,Model F,2026
EV-ACME-08841,ACEMDLE16RE008841,CLI-00257,SUC-005,Colombia,Model E,2024
EV-ACME-08842,ACEMDLD16RJ008842,CLI-00834,SUC-009,Panamá,Model D,2024
EV-ACME-08843,ACEMDLB16SC008843,CLI-00020,SUC-003,Honduras,Model B,2025
EV-ACME-08844,ACEMDLE18TC008844,CLI-00477,SUC-003,Honduras,Model E,2026
EV-ACME-08845,ACEMDLA17TE008845,CLI-00495,SUC-005,Colombia,Model A,2026
EV-ACME-08846,ACEMDLF10TE008846,CLI-00345,SUC-005,Colombia,Model F,2026
EV-ACME-08847,ACEMDLA10TC008847,CLI-00809,SUC-003,Honduras,Model A,2026
EV-ACME-08848,ACEMDLF10TG008848,CLI-00840,SUC-007,Canadá,Model F,2026
EV-ACME-08849,ACEMDLB18RK008849,CLI-00862,SUC-010,Perú,Model B,2024
EV-ACME-08850,ACEMDLC16TK008850,CLI-00342,SUC-010,Perú,Model C,2026
EV-ACME-08851,ACEMDLB15TH008851,CLI-00267,SUC-008,Chile,Model B,2026
EV-ACME-08852,ACEMDLC18TH008852,CLI-00936,SUC-008,Chile,Model C,2026
EV-ACME-08853,ACEMDLB11TF008853,CLI-00577,SUC-006,Argentina,Model B,2026
EV-ACME-08854,ACEMDLA17SH008854,CLI-00267,SUC-008,Chile,Model A,2025
EV-ACME-08855,ACEMDLA17RA008855,CLI-00299,SUC-001,México,Model A,2024
EV-ACME-08856,ACEMDLD11SD008856,CLI-00159,SUC-004,Costa Rica,Model D,2025
EV-ACME-08857,ACEMDLA12RA008857,CLI-00799,SUC-001,México,Model A,2024
EV-ACME-08858,ACEMDLF13RD008858,CLI-00383,SUC-004,Costa Rica,Model F,2024
EV-ACME-08859,ACEMDLA13RA008859,CLI-00261,SUC-001,México,Model A,2024
EV-ACME-08860,ACEMDLA19SJ008860,CLI-00694,SUC-009,Panamá,Model A,2025
EV-ACME-08861,ACEMDLD18RJ008861,CLI-00266,SUC-009,Panamá,Model D,2024
EV-ACME-08862,ACEMDLE19TE008862,CLI-00128,SUC-005,Colombia,Model E,2026
EV-ACME-08863,ACEMDLC12RJ008863,CLI-00881,SUC-009,Panamá,Model C,2024
EV-ACME-08864,ACEMDLA19SD008864,CLI-00623,SUC-004,Costa Rica,Model A,2025
EV-ACME-08865,ACEMDLB19TF008865,CLI-00399,SUC-006,Argentina,Model B,2026
EV-ACME-08866,ACEMDLB14TF008866,CLI-00685,SUC-006,Argentina,Model B,2026
EV-ACME-08867,ACEMDLF13TJ008867,CLI-00854,SUC-009,Panamá,Model F,2026
EV-ACME-08868,ACEMDLD16TE008868,CLI-00451,SUC-005,Colombia,Model D,2026
EV-ACME-08869,ACEMDLF10SC008869,CLI-00200,SUC-003,Honduras,Model F,2025
EV-ACME-08870,ACEMDLF13SG008870,CLI-00762,SUC-007,Canadá,Model F,2025
EV-ACME-08871,ACEMDLE10TG008871,CLI-00004,SUC-007,Canadá,Model E,2026
EV-ACME-08872,ACEMDLA16RA008872,CLI-00172,SUC-001,México,Model A,2024
EV-ACME-08873,ACEMDLA16RD008873,CLI-00327,SUC-004,Costa Rica,Model A,2024
EV-ACME-08874,ACEMDLA18TB008874,CLI-00488,SUC-002,Guatemala,Model A,2026
EV-ACME-08875,ACEMDLC10TJ008875,CLI-00198,SUC-009,Panamá,Model C,2026
EV-ACME-08876,ACEMDLD13SG008876,CLI-00173,SUC-007,Canadá,Model D,2025
EV-ACME-08877,ACEMDLE11SB008877,CLI-00272,SUC-002,Guatemala,Model E,2025
EV-ACME-08878,ACEMDLE13RJ008878,CLI-00101,SUC-009,Panamá,Model E,2024
EV-ACME-08879,ACEMDLB13SB008879,CLI-00933,SUC-002,Guatemala,Model B,2025
EV-ACME-08880,ACEMDLF12SB008880,CLI-00849,SUC-002,Guatemala,Model F,2025
EV-ACME-08881,ACEMDLC12RK008881,CLI-00750,SUC-010,Perú,Model C,2024
EV-ACME-08882,ACEMDLC10TD008882,CLI-00135,SUC-004,Costa Rica,Model C,2026
EV-ACME-08883,ACEMDLB15RE008883,CLI-00810,SUC-005,Colombia,Model B,2024
EV-ACME-08884,ACEMDLF15SH008884,CLI-00483,SUC-008,Chile,Model F,2025
EV-ACME-08885,ACEMDLE15SC008885,CLI-00022,SUC-003,Honduras,Model E,2025
EV-ACME-08886,ACEMDLB17TC008886,CLI-00030,SUC-003,Honduras,Model B,2026
EV-ACME-08887,ACEMDLA10TF008887,CLI-00978,SUC-006,Argentina,Model A,2026
EV-ACME-08888,ACEMDLA18TC008888,CLI-00391,SUC-003,Honduras,Model A,2026
EV-ACME-08889,ACEMDLE16SJ008889,CLI-00703,SUC-009,Panamá,Model E,2025
EV-ACME-08890,ACEMDLD16TF008890,CLI-00305,SUC-006,Argentina,Model D,2026
EV-ACME-08891,ACEMDLB11TA008891,CLI-00700,SUC-001,México,Model B,2026
EV-ACME-08892,ACEMDLF15TF008892,CLI-00367,SUC-006,Argentina,Model F,2026
EV-ACME-08893,ACEMDLD19RA008893,CLI-00292,SUC-001,México,Model D,2024
EV-ACME-08894,ACEMDLF19TA008894,CLI-00264,SUC-001,México,Model F,2026
EV-ACME-08895,ACEMDLA10TA008895,CLI-00814,SUC-001,México,Model A,2026
EV-ACME-08896,ACEMDLA19TD008896,CLI-00148,SUC-004,Costa Rica,Model A,2026
EV-ACME-08897,ACEMDLB18TC008897,CLI-00176,SUC-003,Honduras,Model B,2026
EV-ACME-08898,ACEMDLA10SD008898,CLI-00070,SUC-004,Costa Rica,Model A,2025
EV-ACME-08899,ACEMDLE10TC008899,CLI-00176,SUC-003,Honduras,Model E,2026
EV-ACME-08900,ACEMDLF15RE008900,CLI-00043,SUC-005,Colombia,Model F,2024
EV-ACME-08901,ACEMDLA13TE008901,CLI-00627,SUC-005,Colombia,Model A,2026
EV-ACME-08902,ACEMDLE11TB008902,CLI-00998,SUC-002,Guatemala,Model E,2026
EV-ACME-08903,ACEMDLD10TF008903,CLI-00878,SUC-006,Argentina,Model D,2026
EV-ACME-08904,ACEMDLC19RC008904,CLI-00494,SUC-003,Honduras,Model C,2024
EV-ACME-08905,ACEMDLD12TK008905,CLI-00585,SUC-010,Perú,Model D,2026
EV-ACME-08906,ACEMDLA15TG008906,CLI-00037,SUC-007,Canadá,Model A,2026
EV-ACME-08907,ACEMDLA14RF008907,CLI-00340,SUC-006,Argentina,Model A,2024
EV-ACME-08908,ACEMDLD10RD008908,CLI-00917,SUC-004,Costa Rica,Model D,2024
EV-ACME-08909,ACEMDLD19RC008909,CLI-00947,SUC-003,Honduras,Model D,2024
EV-ACME-08910,ACEMDLA14TF008910,CLI-00893,SUC-006,Argentina,Model A,2026
EV-ACME-08911,ACEMDLC19RB008911,CLI-00941,SUC-002,Guatemala,Model C,2024
EV-ACME-08912,ACEMDLA16RJ008912,CLI-00252,SUC-009,Panamá,Model A,2024
EV-ACME-08913,ACEMDLE11SD008913,CLI-00611,SUC-004,Costa Rica,Model E,2025
EV-ACME-08914,ACEMDLE13SG008914,CLI-00610,SUC-007,Canadá,Model E,2025
EV-ACME-08915,ACEMDLA11SK008915,CLI-00689,SUC-010,Perú,Model A,2025
EV-ACME-08916,ACEMDLC19SC008916,CLI-00892,SUC-003,Honduras,Model C,2025
EV-ACME-08917,ACEMDLF16TH008917,CLI-00502,SUC-008,Chile,Model F,2026
EV-ACME-08918,ACEMDLC18SG008918,CLI-00194,SUC-007,Canadá,Model C,2025
EV-ACME-08919,ACEMDLD19TF008919,CLI-00644,SUC-006,Argentina,Model D,2026
EV-ACME-08920,ACEMDLC18SK008920,CLI-00991,SUC-010,Perú,Model C,2025
EV-ACME-08921,ACEMDLF17RK008921,CLI-00923,SUC-010,Perú,Model F,2024
EV-ACME-08922,ACEMDLB10SJ008922,CLI-00597,SUC-009,Panamá,Model B,2025
EV-ACME-08923,ACEMDLE18RB008923,CLI-00839,SUC-002,Guatemala,Model E,2024
EV-ACME-08924,ACEMDLF12TE008924,CLI-00370,SUC-005,Colombia,Model F,2026
EV-ACME-08925,ACEMDLD10SK008925,CLI-00659,SUC-010,Perú,Model D,2025
EV-ACME-08926,ACEMDLC15RG008926,CLI-00762,SUC-007,Canadá,Model C,2024
EV-ACME-08927,ACEMDLB16RC008927,CLI-00490,SUC-003,Honduras,Model B,2024
EV-ACME-08928,ACEMDLF13SH008928,CLI-00860,SUC-008,Chile,Model F,2025
EV-ACME-08929,ACEMDLA10SD008929,CLI-01000,SUC-004,Costa Rica,Model A,2025
EV-ACME-08930,ACEMDLE16TC008930,CLI-00477,SUC-003,Honduras,Model E,2026
EV-ACME-08931,ACEMDLE19RF008931,CLI-00011,SUC-006,Argentina,Model E,2024
EV-ACME-08932,ACEMDLF18TC008932,CLI-00020,SUC-003,Honduras,Model F,2026
EV-ACME-08933,ACEMDLD10TE008933,CLI-00211,SUC-005,Colombia,Model D,2026
EV-ACME-08934,ACEMDLE11RE008934,CLI-00495,SUC-005,Colombia,Model E,2024
EV-ACME-08935,ACEMDLD13RH008935,CLI-00508,SUC-008,Chile,Model D,2024
EV-ACME-08936,ACEMDLB11TE008936,CLI-00190,SUC-005,Colombia,Model B,2026
EV-ACME-08937,ACEMDLD11TH008937,CLI-00512,SUC-008,Chile,Model D,2026
EV-ACME-08938,ACEMDLB11SF008938,CLI-00816,SUC-006,Argentina,Model B,2025
EV-ACME-08939,ACEMDLB13SG008939,CLI-00934,SUC-007,Canadá,Model B,2025
EV-ACME-08940,ACEMDLE17RC008940,CLI-00976,SUC-003,Honduras,Model E,2024
EV-ACME-08941,ACEMDLA17RA008941,CLI-00126,SUC-001,México,Model A,2024
EV-ACME-08942,ACEMDLE16TF008942,CLI-00146,SUC-006,Argentina,Model E,2026
EV-ACME-08943,ACEMDLF19SC008943,CLI-00236,SUC-003,Honduras,Model F,2025
EV-ACME-08944,ACEMDLC13RG008944,CLI-00435,SUC-007,Canadá,Model C,2024
EV-ACME-08945,ACEMDLB14RJ008945,CLI-00970,SUC-009,Panamá,Model B,2024
EV-ACME-08946,ACEMDLF12RE008946,CLI-00279,SUC-005,Colombia,Model F,2024
EV-ACME-08947,ACEMDLD12SE008947,CLI-00059,SUC-005,Colombia,Model D,2025
EV-ACME-08948,ACEMDLD16TA008948,CLI-00329,SUC-001,México,Model D,2026
EV-ACME-08949,ACEMDLC10SC008949,CLI-00472,SUC-003,Honduras,Model C,2025
EV-ACME-08950,ACEMDLC10RF008950,CLI-00226,SUC-006,Argentina,Model C,2024
EV-ACME-08951,ACEMDLC17TA008951,CLI-00333,SUC-001,México,Model C,2026
EV-ACME-08952,ACEMDLB12SF008952,CLI-00685,SUC-006,Argentina,Model B,2025
EV-ACME-08953,ACEMDLD15RD008953,CLI-00917,SUC-004,Costa Rica,Model D,2024
EV-ACME-08954,ACEMDLD19SD008954,CLI-00381,SUC-004,Costa Rica,Model D,2025
EV-ACME-08955,ACEMDLB17SF008955,CLI-00966,SUC-006,Argentina,Model B,2025
EV-ACME-08956,ACEMDLE17SH008956,CLI-00195,SUC-008,Chile,Model E,2025
EV-ACME-08957,ACEMDLF17TG008957,CLI-00076,SUC-007,Canadá,Model F,2026
EV-ACME-08958,ACEMDLD17RE008958,CLI-00624,SUC-005,Colombia,Model D,2024
EV-ACME-08959,ACEMDLF18TF008959,CLI-00782,SUC-006,Argentina,Model F,2026
EV-ACME-08960,ACEMDLE12RE008960,CLI-00132,SUC-005,Colombia,Model E,2024
EV-ACME-08961,ACEMDLB15SE008961,CLI-00985,SUC-005,Colombia,Model B,2025
EV-ACME-08962,ACEMDLF14RJ008962,CLI-00496,SUC-009,Panamá,Model F,2024
EV-ACME-08963,ACEMDLB12TJ008963,CLI-00120,SUC-009,Panamá,Model B,2026
EV-ACME-08964,ACEMDLE15RF008964,CLI-00984,SUC-006,Argentina,Model E,2024
EV-ACME-08965,ACEMDLC15RD008965,CLI-00369,SUC-004,Costa Rica,Model C,2024
EV-ACME-08966,ACEMDLA14RJ008966,CLI-00951,SUC-009,Panamá,Model A,2024
EV-ACME-08967,ACEMDLF10SJ008967,CLI-00184,SUC-009,Panamá,Model F,2025
EV-ACME-08968,ACEMDLC14RD008968,CLI-00918,SUC-004,Costa Rica,Model C,2024
EV-ACME-08969,ACEMDLB18TK008969,CLI-00323,SUC-010,Perú,Model B,2026
EV-ACME-08970,ACEMDLF13RE008970,CLI-00186,SUC-005,Colombia,Model F,2024
EV-ACME-08971,ACEMDLE11SJ008971,CLI-00864,SUC-009,Panamá,Model E,2025
EV-ACME-08972,ACEMDLA18TG008972,CLI-00042,SUC-007,Canadá,Model A,2026
EV-ACME-08973,ACEMDLA19SF008973,CLI-00966,SUC-006,Argentina,Model A,2025
EV-ACME-08974,ACEMDLB18RG008974,CLI-00106,SUC-007,Canadá,Model B,2024
EV-ACME-08975,ACEMDLF18SH008975,CLI-00015,SUC-008,Chile,Model F,2025
EV-ACME-08976,ACEMDLB16SK008976,CLI-00883,SUC-010,Perú,Model B,2025
EV-ACME-08977,ACEMDLC14SC008977,CLI-00427,SUC-003,Honduras,Model C,2025
EV-ACME-08978,ACEMDLC12RF008978,CLI-00686,SUC-006,Argentina,Model C,2024
EV-ACME-08979,ACEMDLB19TK008979,CLI-00158,SUC-010,Perú,Model B,2026
EV-ACME-08980,ACEMDLA10SA008980,CLI-00520,SUC-001,México,Model A,2025
EV-ACME-08981,ACEMDLB17RC008981,CLI-00360,SUC-003,Honduras,Model B,2024
EV-ACME-08982,ACEMDLE10RB008982,CLI-00354,SUC-002,Guatemala,Model E,2024
EV-ACME-08983,ACEMDLB10SD008983,CLI-00148,SUC-004,Costa Rica,Model B,2025
EV-ACME-08984,ACEMDLF11SD008984,CLI-00827,SUC-004,Costa Rica,Model F,2025
EV-ACME-08985,ACEMDLE14TD008985,CLI-00600,SUC-004,Costa Rica,Model E,2026
EV-ACME-08986,ACEMDLC19RB008986,CLI-00962,SUC-002,Guatemala,Model C,2024
EV-ACME-08987,ACEMDLC17TB008987,CLI-00771,SUC-002,Guatemala,Model C,2026
EV-ACME-08988,ACEMDLE13SK008988,CLI-00470,SUC-010,Perú,Model E,2025
EV-ACME-08989,ACEMDLB10RD008989,CLI-00901,SUC-004,Costa Rica,Model B,2024
EV-ACME-08990,ACEMDLA15SC008990,CLI-00892,SUC-003,Honduras,Model A,2025
EV-ACME-08991,ACEMDLE16SB008991,CLI-00139,SUC-002,Guatemala,Model E,2025
EV-ACME-08992,ACEMDLB17SJ008992,CLI-00101,SUC-009,Panamá,Model B,2025
EV-ACME-08993,ACEMDLE10RF008993,CLI-00687,SUC-006,Argentina,Model E,2024
EV-ACME-08994,ACEMDLB18RH008994,CLI-00385,SUC-008,Chile,Model B,2024
EV-ACME-08995,ACEMDLF10SC008995,CLI-00583,SUC-003,Honduras,Model F,2025
EV-ACME-08996,ACEMDLF16RF008996,CLI-00812,SUC-006,Argentina,Model F,2024
EV-ACME-08997,ACEMDLB17TA008997,CLI-00546,SUC-001,México,Model B,2026
EV-ACME-08998,ACEMDLC19TD008998,CLI-00464,SUC-004,Costa Rica,Model C,2026
EV-ACME-08999,ACEMDLB15SH008999,CLI-00124,SUC-008,Chile,Model B,2025
EV-ACME-09000,ACEMDLB17TD009000,CLI-00600,SUC-004,Costa Rica,Model B,2026
EV-ACME-09001,ACEMDLA15SE009001,CLI-00929,SUC-005,Colombia,Model A,2025
EV-ACME-09002,ACEMDLF10SJ009002,CLI-00867,SUC-009,Panamá,Model F,2025
EV-ACME-09003,ACEMDLD10RF009003,CLI-00459,SUC-006,Argentina,Model D,2024
EV-ACME-09004,ACEMDLE10TH009004,CLI-00769,SUC-008,Chile,Model E,2026
EV-ACME-09005,ACEMDLE19SB009005,CLI-00770,SUC-002,Guatemala,Model E,2025
EV-ACME-09006,ACEMDLB15TF009006,CLI-00678,SUC-006,Argentina,Model B,2026
EV-ACME-09007,ACEMDLC11SK009007,CLI-00714,SUC-010,Perú,Model C,2025
EV-ACME-09008,ACEMDLD13TK009008,CLI-00147,SUC-010,Perú,Model D,2026
EV-ACME-09009,ACEMDLB15RG009009,CLI-00679,SUC-007,Canadá,Model B,2024
EV-ACME-09010,ACEMDLA13TJ009010,CLI-00632,SUC-009,Panamá,Model A,2026
EV-ACME-09011,ACEMDLC12SB009011,CLI-00284,SUC-002,Guatemala,Model C,2025
EV-ACME-09012,ACEMDLF11SG009012,CLI-00740,SUC-007,Canadá,Model F,2025
EV-ACME-09013,ACEMDLD12TK009013,CLI-00851,SUC-010,Perú,Model D,2026
EV-ACME-09014,ACEMDLA14TC009014,CLI-00688,SUC-003,Honduras,Model A,2026
EV-ACME-09015,ACEMDLA12RD009015,CLI-00498,SUC-004,Costa Rica,Model A,2024
EV-ACME-09016,ACEMDLB11RD009016,CLI-00623,SUC-004,Costa Rica,Model B,2024
EV-ACME-09017,ACEMDLB18TF009017,CLI-00156,SUC-006,Argentina,Model B,2026
EV-ACME-09018,ACEMDLE14TK009018,CLI-00416,SUC-010,Perú,Model E,2026
EV-ACME-09019,ACEMDLB14RA009019,CLI-00050,SUC-001,México,Model B,2024
EV-ACME-09020,ACEMDLA13TC009020,CLI-00691,SUC-003,Honduras,Model A,2026
EV-ACME-09021,ACEMDLC16TF009021,CLI-00533,SUC-006,Argentina,Model C,2026
EV-ACME-09022,ACEMDLF17TE009022,CLI-00757,SUC-005,Colombia,Model F,2026
EV-ACME-09023,ACEMDLE18TJ009023,CLI-00648,SUC-009,Panamá,Model E,2026
EV-ACME-09024,ACEMDLA18TF009024,CLI-00485,SUC-006,Argentina,Model A,2026
EV-ACME-09025,ACEMDLC15TA009025,CLI-00058,SUC-001,México,Model C,2026
EV-ACME-09026,ACEMDLF13RC009026,CLI-00030,SUC-003,Honduras,Model F,2024
EV-ACME-09027,ACEMDLF13RE009027,CLI-00365,SUC-005,Colombia,Model F,2024
EV-ACME-09028,ACEMDLB17TC009028,CLI-00162,SUC-003,Honduras,Model B,2026
EV-ACME-09029,ACEMDLF19TE009029,CLI-00958,SUC-005,Colombia,Model F,2026
EV-ACME-09030,ACEMDLD12SB009030,CLI-00833,SUC-002,Guatemala,Model D,2025
EV-ACME-09031,ACEMDLA19SD009031,CLI-00457,SUC-004,Costa Rica,Model A,2025
EV-ACME-09032,ACEMDLF12TE009032,CLI-00551,SUC-005,Colombia,Model F,2026
EV-ACME-09033,ACEMDLE19TD009033,CLI-00623,SUC-004,Costa Rica,Model E,2026
EV-ACME-09034,ACEMDLB17RE009034,CLI-00495,SUC-005,Colombia,Model B,2024
EV-ACME-09035,ACEMDLC10RB009035,CLI-00281,SUC-002,Guatemala,Model C,2024
EV-ACME-09036,ACEMDLC13RA009036,CLI-00403,SUC-001,México,Model C,2024
EV-ACME-09037,ACEMDLE13RA009037,CLI-00293,SUC-001,México,Model E,2024
EV-ACME-09038,ACEMDLB12SG009038,CLI-00808,SUC-007,Canadá,Model B,2025
EV-ACME-09039,ACEMDLF15TC009039,CLI-00800,SUC-003,Honduras,Model F,2026
EV-ACME-09040,ACEMDLD13RD009040,CLI-00262,SUC-004,Costa Rica,Model D,2024
EV-ACME-09041,ACEMDLC17RD009041,CLI-00278,SUC-004,Costa Rica,Model C,2024
EV-ACME-09042,ACEMDLE19SJ009042,CLI-00845,SUC-009,Panamá,Model E,2025
EV-ACME-09043,ACEMDLA18TC009043,CLI-00442,SUC-003,Honduras,Model A,2026
EV-ACME-09044,ACEMDLB17RF009044,CLI-00350,SUC-006,Argentina,Model B,2024
EV-ACME-09045,ACEMDLB17RB009045,CLI-00384,SUC-002,Guatemala,Model B,2024
EV-ACME-09046,ACEMDLF15RK009046,CLI-00311,SUC-010,Perú,Model F,2024
EV-ACME-09047,ACEMDLE18SA009047,CLI-00850,SUC-001,México,Model E,2025
EV-ACME-09048,ACEMDLD14TA009048,CLI-00333,SUC-001,México,Model D,2026
EV-ACME-09049,ACEMDLE19RE009049,CLI-00929,SUC-005,Colombia,Model E,2024
EV-ACME-09050,ACEMDLB16TF009050,CLI-00678,SUC-006,Argentina,Model B,2026
EV-ACME-09051,ACEMDLA12RG009051,CLI-00380,SUC-007,Canadá,Model A,2024
EV-ACME-09052,ACEMDLA18RH009052,CLI-00805,SUC-008,Chile,Model A,2024
EV-ACME-09053,ACEMDLD16RK009053,CLI-00835,SUC-010,Perú,Model D,2024
EV-ACME-09054,ACEMDLF14RH009054,CLI-00009,SUC-008,Chile,Model F,2024
EV-ACME-09055,ACEMDLE14TE009055,CLI-00341,SUC-005,Colombia,Model E,2026
EV-ACME-09056,ACEMDLD11TC009056,CLI-00826,SUC-003,Honduras,Model D,2026
EV-ACME-09057,ACEMDLB10SD009057,CLI-00247,SUC-004,Costa Rica,Model B,2025
EV-ACME-09058,ACEMDLF18SF009058,CLI-00965,SUC-006,Argentina,Model F,2025
EV-ACME-09059,ACEMDLA18SC009059,CLI-00595,SUC-003,Honduras,Model A,2025
EV-ACME-09060,ACEMDLF15TD009060,CLI-00642,SUC-004,Costa Rica,Model F,2026
EV-ACME-09061,ACEMDLA19RB009061,CLI-00616,SUC-002,Guatemala,Model A,2024
EV-ACME-09062,ACEMDLE10SC009062,CLI-00693,SUC-003,Honduras,Model E,2025
EV-ACME-09063,ACEMDLC15RJ009063,CLI-00449,SUC-009,Panamá,Model C,2024
EV-ACME-09064,ACEMDLD19SH009064,CLI-00563,SUC-008,Chile,Model D,2025
EV-ACME-09065,ACEMDLC18TF009065,CLI-00476,SUC-006,Argentina,Model C,2026
EV-ACME-09066,ACEMDLE10RC009066,CLI-00376,SUC-003,Honduras,Model E,2024
EV-ACME-09067,ACEMDLA15RG009067,CLI-00760,SUC-007,Canadá,Model A,2024
EV-ACME-09068,ACEMDLA18SK009068,CLI-00396,SUC-010,Perú,Model A,2025
EV-ACME-09069,ACEMDLA11TF009069,CLI-00522,SUC-006,Argentina,Model A,2026
EV-ACME-09070,ACEMDLB10RH009070,CLI-00447,SUC-008,Chile,Model B,2024
EV-ACME-09071,ACEMDLF12RJ009071,CLI-00121,SUC-009,Panamá,Model F,2024
EV-ACME-09072,ACEMDLC11SA009072,CLI-00386,SUC-001,México,Model C,2025
EV-ACME-09073,ACEMDLE19SE009073,CLI-00075,SUC-005,Colombia,Model E,2025
EV-ACME-09074,ACEMDLB11TF009074,CLI-00083,SUC-006,Argentina,Model B,2026
EV-ACME-09075,ACEMDLC12RB009075,CLI-00129,SUC-002,Guatemala,Model C,2024
EV-ACME-09076,ACEMDLB18RG009076,CLI-00380,SUC-007,Canadá,Model B,2024
EV-ACME-09077,ACEMDLF10RG009077,CLI-00435,SUC-007,Canadá,Model F,2024
EV-ACME-09078,ACEMDLE12SK009078,CLI-00346,SUC-010,Perú,Model E,2025
EV-ACME-09079,ACEMDLC14TJ009079,CLI-00157,SUC-009,Panamá,Model C,2026
EV-ACME-09080,ACEMDLE10RC009080,CLI-00510,SUC-003,Honduras,Model E,2024
EV-ACME-09081,ACEMDLF10TB009081,CLI-00557,SUC-002,Guatemala,Model F,2026
EV-ACME-09082,ACEMDLC10SH009082,CLI-00314,SUC-008,Chile,Model C,2025
EV-ACME-09083,ACEMDLD14SD009083,CLI-00475,SUC-004,Costa Rica,Model D,2025
EV-ACME-09084,ACEMDLB11SE009084,CLI-00225,SUC-005,Colombia,Model B,2025
EV-ACME-09085,ACEMDLF12TE009085,CLI-00417,SUC-005,Colombia,Model F,2026
EV-ACME-09086,ACEMDLE12TA009086,CLI-00853,SUC-001,México,Model E,2026
EV-ACME-09087,ACEMDLE12TJ009087,CLI-00969,SUC-009,Panamá,Model E,2026
EV-ACME-09088,ACEMDLD17SK009088,CLI-00993,SUC-010,Perú,Model D,2025
EV-ACME-09089,ACEMDLC19SB009089,CLI-00469,SUC-002,Guatemala,Model C,2025
EV-ACME-09090,ACEMDLB11TG009090,CLI-00772,SUC-007,Canadá,Model B,2026
EV-ACME-09091,ACEMDLB11TG009091,CLI-00555,SUC-007,Canadá,Model B,2026
EV-ACME-09092,ACEMDLB14TC009092,CLI-00621,SUC-003,Honduras,Model B,2026
EV-ACME-09093,ACEMDLA18SK009093,CLI-00811,SUC-010,Perú,Model A,2025
EV-ACME-09094,ACEMDLF13TE009094,CLI-00358,SUC-005,Colombia,Model F,2026
EV-ACME-09095,ACEMDLD12RA009095,CLI-00983,SUC-001,México,Model D,2024
EV-ACME-09096,ACEMDLD18RK009096,CLI-00855,SUC-010,Perú,Model D,2024
EV-ACME-09097,ACEMDLC16SA009097,CLI-00333,SUC-001,México,Model C,2025
EV-ACME-09098,ACEMDLA16TE009098,CLI-00085,SUC-005,Colombia,Model A,2026
EV-ACME-09099,ACEMDLA13SD009099,CLI-00355,SUC-004,Costa Rica,Model A,2025
EV-ACME-09100,ACEMDLE18SJ009100,CLI-00628,SUC-009,Panamá,Model E,2025
EV-ACME-09101,ACEMDLC19RH009101,CLI-00657,SUC-008,Chile,Model C,2024
EV-ACME-09102,ACEMDLB12TD009102,CLI-00971,SUC-004,Costa Rica,Model B,2026
EV-ACME-09103,ACEMDLD12TC009103,CLI-00215,SUC-003,Honduras,Model D,2026
EV-ACME-09104,ACEMDLC18SG009104,CLI-00674,SUC-007,Canadá,Model C,2025
EV-ACME-09105,ACEMDLE13SJ009105,CLI-00950,SUC-009,Panamá,Model E,2025
EV-ACME-09106,ACEMDLD19RK009106,CLI-00024,SUC-010,Perú,Model D,2024
EV-ACME-09107,ACEMDLF11RE009107,CLI-00466,SUC-005,Colombia,Model F,2024
EV-ACME-09108,ACEMDLA12TF009108,CLI-00946,SUC-006,Argentina,Model A,2026
EV-ACME-09109,ACEMDLA11TH009109,CLI-00894,SUC-008,Chile,Model A,2026
EV-ACME-09110,ACEMDLA12SJ009110,CLI-00256,SUC-009,Panamá,Model A,2025
EV-ACME-09111,ACEMDLA14TK009111,CLI-00633,SUC-010,Perú,Model A,2026
EV-ACME-09112,ACEMDLE12RK009112,CLI-00759,SUC-010,Perú,Model E,2024
EV-ACME-09113,ACEMDLE11SG009113,CLI-00206,SUC-007,Canadá,Model E,2025
EV-ACME-09114,ACEMDLD10TA009114,CLI-00050,SUC-001,México,Model D,2026
EV-ACME-09115,ACEMDLC12TC009115,CLI-00136,SUC-003,Honduras,Model C,2026
EV-ACME-09116,ACEMDLC19SE009116,CLI-00663,SUC-005,Colombia,Model C,2025
EV-ACME-09117,ACEMDLB18TA009117,CLI-00058,SUC-001,México,Model B,2026
EV-ACME-09118,ACEMDLB19TJ009118,CLI-00607,SUC-009,Panamá,Model B,2026
EV-ACME-09119,ACEMDLD15TD009119,CLI-00422,SUC-004,Costa Rica,Model D,2026
EV-ACME-09120,ACEMDLC10RD009120,CLI-00517,SUC-004,Costa Rica,Model C,2024
EV-ACME-09121,ACEMDLE11RK009121,CLI-00283,SUC-010,Perú,Model E,2024
EV-ACME-09122,ACEMDLF18TF009122,CLI-00630,SUC-006,Argentina,Model F,2026
EV-ACME-09123,ACEMDLA11TB009123,CLI-00239,SUC-002,Guatemala,Model A,2026
EV-ACME-09124,ACEMDLA18SJ009124,CLI-00519,SUC-009,Panamá,Model A,2025
EV-ACME-09125,ACEMDLA17TF009125,CLI-00966,SUC-006,Argentina,Model A,2026
EV-ACME-09126,ACEMDLB17SA009126,CLI-00748,SUC-001,México,Model B,2025
EV-ACME-09127,ACEMDLC10RB009127,CLI-00088,SUC-002,Guatemala,Model C,2024
EV-ACME-09128,ACEMDLE10RK009128,CLI-00543,SUC-010,Perú,Model E,2024
EV-ACME-09129,ACEMDLA12RH009129,CLI-00018,SUC-008,Chile,Model A,2024
EV-ACME-09130,ACEMDLB16SE009130,CLI-00999,SUC-005,Colombia,Model B,2025
EV-ACME-09131,ACEMDLC17TA009131,CLI-00271,SUC-001,México,Model C,2026
EV-ACME-09132,ACEMDLE15TD009132,CLI-00709,SUC-004,Costa Rica,Model E,2026
EV-ACME-09133,ACEMDLC19RE009133,CLI-00023,SUC-005,Colombia,Model C,2024
EV-ACME-09134,ACEMDLF16TK009134,CLI-00587,SUC-010,Perú,Model F,2026
EV-ACME-09135,ACEMDLD19SJ009135,CLI-00761,SUC-009,Panamá,Model D,2025
EV-ACME-09136,ACEMDLC16TD009136,CLI-00836,SUC-004,Costa Rica,Model C,2026
EV-ACME-09137,ACEMDLE12RJ009137,CLI-00127,SUC-009,Panamá,Model E,2024
EV-ACME-09138,ACEMDLC15SA009138,CLI-00007,SUC-001,México,Model C,2025
EV-ACME-09139,ACEMDLE18RF009139,CLI-00046,SUC-006,Argentina,Model E,2024
EV-ACME-09140,ACEMDLC10TB009140,CLI-00839,SUC-002,Guatemala,Model C,2026
EV-ACME-09141,ACEMDLD14TF009141,CLI-00606,SUC-006,Argentina,Model D,2026
EV-ACME-09142,ACEMDLD15TD009142,CLI-00600,SUC-004,Costa Rica,Model D,2026
EV-ACME-09143,ACEMDLF13TF009143,CLI-00685,SUC-006,Argentina,Model F,2026
EV-ACME-09144,ACEMDLB19TB009144,CLI-00998,SUC-002,Guatemala,Model B,2026
EV-ACME-09145,ACEMDLA19TH009145,CLI-00538,SUC-008,Chile,Model A,2026
EV-ACME-09146,ACEMDLD14RE009146,CLI-00825,SUC-005,Colombia,Model D,2024
EV-ACME-09147,ACEMDLF10TG009147,CLI-00539,SUC-007,Canadá,Model F,2026
EV-ACME-09148,ACEMDLD19RF009148,CLI-00606,SUC-006,Argentina,Model D,2024
EV-ACME-09149,ACEMDLD17TK009149,CLI-00094,SUC-010,Perú,Model D,2026
EV-ACME-09150,ACEMDLE12TH009150,CLI-00228,SUC-008,Chile,Model E,2026
EV-ACME-09151,ACEMDLA18SJ009151,CLI-00518,SUC-009,Panamá,Model A,2025
EV-ACME-09152,ACEMDLF15SH009152,CLI-00107,SUC-008,Chile,Model F,2025
EV-ACME-09153,ACEMDLB16RA009153,CLI-00356,SUC-001,México,Model B,2024
EV-ACME-09154,ACEMDLD11SJ009154,CLI-00150,SUC-009,Panamá,Model D,2025
EV-ACME-09155,ACEMDLE17RC009155,CLI-00731,SUC-003,Honduras,Model E,2024
EV-ACME-09156,ACEMDLC14TC009156,CLI-00976,SUC-003,Honduras,Model C,2026
EV-ACME-09157,ACEMDLF14RB009157,CLI-00272,SUC-002,Guatemala,Model F,2024
EV-ACME-09158,ACEMDLF19SH009158,CLI-00736,SUC-008,Chile,Model F,2025
EV-ACME-09159,ACEMDLF13SF009159,CLI-00812,SUC-006,Argentina,Model F,2025
EV-ACME-09160,ACEMDLE15SJ009160,CLI-00168,SUC-009,Panamá,Model E,2025
EV-ACME-09161,ACEMDLD13RG009161,CLI-00524,SUC-007,Canadá,Model D,2024
EV-ACME-09162,ACEMDLA15SA009162,CLI-00520,SUC-001,México,Model A,2025
EV-ACME-09163,ACEMDLF11TK009163,CLI-00729,SUC-010,Perú,Model F,2026
EV-ACME-09164,ACEMDLE15TG009164,CLI-00671,SUC-007,Canadá,Model E,2026
EV-ACME-09165,ACEMDLE17SG009165,CLI-00576,SUC-007,Canadá,Model E,2025
EV-ACME-09166,ACEMDLA19SE009166,CLI-00681,SUC-005,Colombia,Model A,2025
EV-ACME-09167,ACEMDLF13SA009167,CLI-00298,SUC-001,México,Model F,2025
EV-ACME-09168,ACEMDLC12RJ009168,CLI-00334,SUC-009,Panamá,Model C,2024
EV-ACME-09169,ACEMDLA14SH009169,CLI-00696,SUC-008,Chile,Model A,2025
EV-ACME-09170,ACEMDLF15SK009170,CLI-00147,SUC-010,Perú,Model F,2025
EV-ACME-09171,ACEMDLB14RA009171,CLI-00572,SUC-001,México,Model B,2024
EV-ACME-09172,ACEMDLB13RA009172,CLI-00730,SUC-001,México,Model B,2024
EV-ACME-09173,ACEMDLC16RB009173,CLI-00666,SUC-002,Guatemala,Model C,2024
EV-ACME-09174,ACEMDLE14RG009174,CLI-00308,SUC-007,Canadá,Model E,2024
EV-ACME-09175,ACEMDLB15TF009175,CLI-00824,SUC-006,Argentina,Model B,2026
EV-ACME-09176,ACEMDLC19TC009176,CLI-00440,SUC-003,Honduras,Model C,2026
EV-ACME-09177,ACEMDLA15TE009177,CLI-00132,SUC-005,Colombia,Model A,2026
EV-ACME-09178,ACEMDLC15SB009178,CLI-00793,SUC-002,Guatemala,Model C,2025
EV-ACME-09179,ACEMDLF10TK009179,CLI-00746,SUC-010,Perú,Model F,2026
EV-ACME-09180,ACEMDLE15SG009180,CLI-00620,SUC-007,Canadá,Model E,2025
EV-ACME-09181,ACEMDLB11TF009181,CLI-00116,SUC-006,Argentina,Model B,2026
EV-ACME-09182,ACEMDLC16SH009182,CLI-00195,SUC-008,Chile,Model C,2025
EV-ACME-09183,ACEMDLA19TA009183,CLI-00273,SUC-001,México,Model A,2026
EV-ACME-09184,ACEMDLF10SC009184,CLI-00039,SUC-003,Honduras,Model F,2025
EV-ACME-09185,ACEMDLF19SD009185,CLI-00631,SUC-004,Costa Rica,Model F,2025
EV-ACME-09186,ACEMDLE15TC009186,CLI-00818,SUC-003,Honduras,Model E,2026
EV-ACME-09187,ACEMDLF17TK009187,CLI-00705,SUC-010,Perú,Model F,2026
EV-ACME-09188,ACEMDLF17SC009188,CLI-00490,SUC-003,Honduras,Model F,2025
EV-ACME-09189,ACEMDLA13TA009189,CLI-00520,SUC-001,México,Model A,2026
EV-ACME-09190,ACEMDLA16TC009190,CLI-00823,SUC-003,Honduras,Model A,2026
EV-ACME-09191,ACEMDLE10SH009191,CLI-00314,SUC-008,Chile,Model E,2025
EV-ACME-09192,ACEMDLC17RH009192,CLI-00204,SUC-008,Chile,Model C,2024
EV-ACME-09193,ACEMDLC18RJ009193,CLI-00184,SUC-009,Panamá,Model C,2024
EV-ACME-09194,ACEMDLE15TB009194,CLI-00527,SUC-002,Guatemala,Model E,2026
EV-ACME-09195,ACEMDLF13RF009195,CLI-00347,SUC-006,Argentina,Model F,2024
EV-ACME-09196,ACEMDLD13TE009196,CLI-00128,SUC-005,Colombia,Model D,2026
EV-ACME-09197,ACEMDLB16TK009197,CLI-00945,SUC-010,Perú,Model B,2026
EV-ACME-09198,ACEMDLC18RA009198,CLI-00382,SUC-001,México,Model C,2024
EV-ACME-09199,ACEMDLB16TD009199,CLI-00441,SUC-004,Costa Rica,Model B,2026
EV-ACME-09200,ACEMDLE15TE009200,CLI-00624,SUC-005,Colombia,Model E,2026
EV-ACME-09201,ACEMDLE19TJ009201,CLI-00902,SUC-009,Panamá,Model E,2026
EV-ACME-09202,ACEMDLF18TA009202,CLI-00562,SUC-001,México,Model F,2026
EV-ACME-09203,ACEMDLF15TA009203,CLI-00654,SUC-001,México,Model F,2026
EV-ACME-09204,ACEMDLB12RE009204,CLI-00574,SUC-005,Colombia,Model B,2024
EV-ACME-09205,ACEMDLE11TA009205,CLI-00403,SUC-001,México,Model E,2026
EV-ACME-09206,ACEMDLD13RA009206,CLI-00989,SUC-001,México,Model D,2024
EV-ACME-09207,ACEMDLE19RJ009207,CLI-00694,SUC-009,Panamá,Model E,2024
EV-ACME-09208,ACEMDLB16TB009208,CLI-00424,SUC-002,Guatemala,Model B,2026
EV-ACME-09209,ACEMDLF16TA009209,CLI-00368,SUC-001,México,Model F,2026
EV-ACME-09210,ACEMDLE10RC009210,CLI-00875,SUC-003,Honduras,Model E,2024
EV-ACME-09211,ACEMDLA18SF009211,CLI-00046,SUC-006,Argentina,Model A,2025
EV-ACME-09212,ACEMDLB14RB009212,CLI-00833,SUC-002,Guatemala,Model B,2024
EV-ACME-09213,ACEMDLD12RC009213,CLI-00307,SUC-003,Honduras,Model D,2024
EV-ACME-09214,ACEMDLB18RJ009214,CLI-00887,SUC-009,Panamá,Model B,2024
EV-ACME-09215,ACEMDLC15TK009215,CLI-00794,SUC-010,Perú,Model C,2026
EV-ACME-09216,ACEMDLE11RE009216,CLI-00832,SUC-005,Colombia,Model E,2024
EV-ACME-09217,ACEMDLA18TA009217,CLI-00264,SUC-001,México,Model A,2026
EV-ACME-09218,ACEMDLC12RD009218,CLI-00381,SUC-004,Costa Rica,Model C,2024
EV-ACME-09219,ACEMDLC11RF009219,CLI-00645,SUC-006,Argentina,Model C,2024
EV-ACME-09220,ACEMDLF10TF009220,CLI-00367,SUC-006,Argentina,Model F,2026
EV-ACME-09221,ACEMDLB10RF009221,CLI-00163,SUC-006,Argentina,Model B,2024
EV-ACME-09222,ACEMDLD14TB009222,CLI-00438,SUC-002,Guatemala,Model D,2026
EV-ACME-09223,ACEMDLD19RD009223,CLI-00229,SUC-004,Costa Rica,Model D,2024
EV-ACME-09224,ACEMDLA10TH009224,CLI-00559,SUC-008,Chile,Model A,2026
EV-ACME-09225,ACEMDLA12TD009225,CLI-00828,SUC-004,Costa Rica,Model A,2026
EV-ACME-09226,ACEMDLC10RJ009226,CLI-00765,SUC-009,Panamá,Model C,2024
EV-ACME-09227,ACEMDLA10RF009227,CLI-00260,SUC-006,Argentina,Model A,2024
EV-ACME-09228,ACEMDLE12RH009228,CLI-00245,SUC-008,Chile,Model E,2024
EV-ACME-09229,ACEMDLE11SA009229,CLI-00704,SUC-001,México,Model E,2025
EV-ACME-09230,ACEMDLA19SF009230,CLI-00626,SUC-006,Argentina,Model A,2025
EV-ACME-09231,ACEMDLE12RJ009231,CLI-00843,SUC-009,Panamá,Model E,2024
EV-ACME-09232,ACEMDLD17TK009232,CLI-00758,SUC-010,Perú,Model D,2026
EV-ACME-09233,ACEMDLB16RJ009233,CLI-00632,SUC-009,Panamá,Model B,2024
EV-ACME-09234,ACEMDLD11RH009234,CLI-00559,SUC-008,Chile,Model D,2024
EV-ACME-09235,ACEMDLC16SH009235,CLI-00556,SUC-008,Chile,Model C,2025
EV-ACME-09236,ACEMDLA15SA009236,CLI-00614,SUC-001,México,Model A,2025
EV-ACME-09237,ACEMDLB12SF009237,CLI-00047,SUC-006,Argentina,Model B,2025
EV-ACME-09238,ACEMDLE19TJ009238,CLI-00252,SUC-009,Panamá,Model E,2026
EV-ACME-09239,ACEMDLA11TK009239,CLI-00711,SUC-010,Perú,Model A,2026
EV-ACME-09240,ACEMDLC18TJ009240,CLI-00879,SUC-009,Panamá,Model C,2026
EV-ACME-09241,ACEMDLE10RH009241,CLI-00749,SUC-008,Chile,Model E,2024
EV-ACME-09242,ACEMDLD13SH009242,CLI-00385,SUC-008,Chile,Model D,2025
EV-ACME-09243,ACEMDLB15RJ009243,CLI-00547,SUC-009,Panamá,Model B,2024
EV-ACME-09244,ACEMDLD19TJ009244,CLI-00049,SUC-009,Panamá,Model D,2026
EV-ACME-09245,ACEMDLA11RG009245,CLI-00905,SUC-007,Canadá,Model A,2024
EV-ACME-09246,ACEMDLA15SA009246,CLI-00844,SUC-001,México,Model A,2025
EV-ACME-09247,ACEMDLB15TD009247,CLI-00229,SUC-004,Costa Rica,Model B,2026
EV-ACME-09248,ACEMDLD18TE009248,CLI-00324,SUC-005,Colombia,Model D,2026
EV-ACME-09249,ACEMDLA16RK009249,CLI-00310,SUC-010,Perú,Model A,2024
EV-ACME-09250,ACEMDLC16TB009250,CLI-00219,SUC-002,Guatemala,Model C,2026
EV-ACME-09251,ACEMDLA13TA009251,CLI-00704,SUC-001,México,Model A,2026
EV-ACME-09252,ACEMDLC12SC009252,CLI-00191,SUC-003,Honduras,Model C,2025
EV-ACME-09253,ACEMDLA13SK009253,CLI-00855,SUC-010,Perú,Model A,2025
EV-ACME-09254,ACEMDLE16RA009254,CLI-00844,SUC-001,México,Model E,2024
EV-ACME-09255,ACEMDLD15RB009255,CLI-00666,SUC-002,Guatemala,Model D,2024
EV-ACME-09256,ACEMDLA19SJ009256,CLI-00334,SUC-009,Panamá,Model A,2025
EV-ACME-09257,ACEMDLB19RK009257,CLI-00351,SUC-010,Perú,Model B,2024
EV-ACME-09258,ACEMDLC10TJ009258,CLI-00969,SUC-009,Panamá,Model C,2026
EV-ACME-09259,ACEMDLE10TJ009259,CLI-00199,SUC-009,Panamá,Model E,2026
EV-ACME-09260,ACEMDLA17SE009260,CLI-00897,SUC-005,Colombia,Model A,2025
EV-ACME-09261,ACEMDLE19SF009261,CLI-00083,SUC-006,Argentina,Model E,2025
EV-ACME-09262,ACEMDLA14TC009262,CLI-00536,SUC-003,Honduras,Model A,2026
EV-ACME-09263,ACEMDLB13SK009263,CLI-00543,SUC-010,Perú,Model B,2025
EV-ACME-09264,ACEMDLA12SK009264,CLI-00528,SUC-010,Perú,Model A,2025
EV-ACME-09265,ACEMDLD14RB009265,CLI-00815,SUC-002,Guatemala,Model D,2024
EV-ACME-09266,ACEMDLC15SC009266,CLI-00322,SUC-003,Honduras,Model C,2025
EV-ACME-09267,ACEMDLC19SC009267,CLI-00504,SUC-003,Honduras,Model C,2025
EV-ACME-09268,ACEMDLE17TJ009268,CLI-00312,SUC-009,Panamá,Model E,2026
EV-ACME-09269,ACEMDLA13RF009269,CLI-00786,SUC-006,Argentina,Model A,2024
EV-ACME-09270,ACEMDLB17TB009270,CLI-00274,SUC-002,Guatemala,Model B,2026
EV-ACME-09271,ACEMDLC14TB009271,CLI-00354,SUC-002,Guatemala,Model C,2026
EV-ACME-09272,ACEMDLB15RD009272,CLI-00631,SUC-004,Costa Rica,Model B,2024
EV-ACME-09273,ACEMDLA18RB009273,CLI-00243,SUC-002,Guatemala,Model A,2024
EV-ACME-09274,ACEMDLA13SH009274,CLI-00385,SUC-008,Chile,Model A,2025
EV-ACME-09275,ACEMDLB10TE009275,CLI-00170,SUC-005,Colombia,Model B,2026
EV-ACME-09276,ACEMDLA10SC009276,CLI-00030,SUC-003,Honduras,Model A,2025
EV-ACME-09277,ACEMDLD19TH009277,CLI-00153,SUC-008,Chile,Model D,2026
EV-ACME-09278,ACEMDLD14RJ009278,CLI-00593,SUC-009,Panamá,Model D,2024
EV-ACME-09279,ACEMDLC16SB009279,CLI-00725,SUC-002,Guatemala,Model C,2025
EV-ACME-09280,ACEMDLA19TE009280,CLI-00999,SUC-005,Colombia,Model A,2026
EV-ACME-09281,ACEMDLC18TB009281,CLI-00272,SUC-002,Guatemala,Model C,2026
EV-ACME-09282,ACEMDLF17SD009282,CLI-00874,SUC-004,Costa Rica,Model F,2025
EV-ACME-09283,ACEMDLC12RD009283,CLI-00545,SUC-004,Costa Rica,Model C,2024
EV-ACME-09284,ACEMDLF12SJ009284,CLI-00902,SUC-009,Panamá,Model F,2025
EV-ACME-09285,ACEMDLE10RF009285,CLI-00188,SUC-006,Argentina,Model E,2024
EV-ACME-09286,ACEMDLE17RK009286,CLI-00633,SUC-010,Perú,Model E,2024
EV-ACME-09287,ACEMDLA14TH009287,CLI-00860,SUC-008,Chile,Model A,2026
EV-ACME-09288,ACEMDLD19SC009288,CLI-00915,SUC-003,Honduras,Model D,2025
EV-ACME-09289,ACEMDLA15RE009289,CLI-00579,SUC-005,Colombia,Model A,2024
EV-ACME-09290,ACEMDLC15TE009290,CLI-00451,SUC-005,Colombia,Model C,2026
EV-ACME-09291,ACEMDLE14RD009291,CLI-00957,SUC-004,Costa Rica,Model E,2024
EV-ACME-09292,ACEMDLA13TC009292,CLI-00823,SUC-003,Honduras,Model A,2026
EV-ACME-09293,ACEMDLB17SD009293,CLI-00160,SUC-004,Costa Rica,Model B,2025
EV-ACME-09294,ACEMDLC19RH009294,CLI-00505,SUC-008,Chile,Model C,2024
EV-ACME-09295,ACEMDLE18RB009295,CLI-00284,SUC-002,Guatemala,Model E,2024
EV-ACME-09296,ACEMDLF16SJ009296,CLI-00902,SUC-009,Panamá,Model F,2025
EV-ACME-09297,ACEMDLF14RD009297,CLI-00779,SUC-004,Costa Rica,Model F,2024
EV-ACME-09298,ACEMDLF13TJ009298,CLI-00970,SUC-009,Panamá,Model F,2026
EV-ACME-09299,ACEMDLB12SK009299,CLI-00912,SUC-010,Perú,Model B,2025
EV-ACME-09300,ACEMDLD13TD009300,CLI-00918,SUC-004,Costa Rica,Model D,2026
EV-ACME-09301,ACEMDLD15TK009301,CLI-00286,SUC-010,Perú,Model D,2026
EV-ACME-09302,ACEMDLB18TE009302,CLI-00417,SUC-005,Colombia,Model B,2026
EV-ACME-09303,ACEMDLC16SD009303,CLI-00649,SUC-004,Costa Rica,Model C,2025
EV-ACME-09304,ACEMDLF19TA009304,CLI-00261,SUC-001,México,Model F,2026
EV-ACME-09305,ACEMDLB19SF009305,CLI-00492,SUC-006,Argentina,Model B,2025
EV-ACME-09306,ACEMDLE14RE009306,CLI-00967,SUC-005,Colombia,Model E,2024
EV-ACME-09307,ACEMDLB17TF009307,CLI-00113,SUC-006,Argentina,Model B,2026
EV-ACME-09308,ACEMDLD16SE009308,CLI-00832,SUC-005,Colombia,Model D,2025
EV-ACME-09309,ACEMDLB11SF009309,CLI-00425,SUC-006,Argentina,Model B,2025
EV-ACME-09310,ACEMDLE14SC009310,CLI-00442,SUC-003,Honduras,Model E,2025
EV-ACME-09311,ACEMDLA18RE009311,CLI-00832,SUC-005,Colombia,Model A,2024
EV-ACME-09312,ACEMDLD10SA009312,CLI-00050,SUC-001,México,Model D,2025
EV-ACME-09313,ACEMDLC17RE009313,CLI-00495,SUC-005,Colombia,Model C,2024
EV-ACME-09314,ACEMDLF15TA009314,CLI-00259,SUC-001,México,Model F,2026
EV-ACME-09315,ACEMDLA15SC009315,CLI-00030,SUC-003,Honduras,Model A,2025
EV-ACME-09316,ACEMDLF11RE009316,CLI-00846,SUC-005,Colombia,Model F,2024
EV-ACME-09317,ACEMDLB12TC009317,CLI-00038,SUC-003,Honduras,Model B,2026
EV-ACME-09318,ACEMDLC14TK009318,CLI-00203,SUC-010,Perú,Model C,2026
EV-ACME-09319,ACEMDLE14SD009319,CLI-00896,SUC-004,Costa Rica,Model E,2025
EV-ACME-09320,ACEMDLC16RJ009320,CLI-00242,SUC-009,Panamá,Model C,2024
EV-ACME-09321,ACEMDLC11SC009321,CLI-00974,SUC-003,Honduras,Model C,2025
EV-ACME-09322,ACEMDLB14TK009322,CLI-00033,SUC-010,Perú,Model B,2026
EV-ACME-09323,ACEMDLF17TA009323,CLI-00983,SUC-001,México,Model F,2026
EV-ACME-09324,ACEMDLB17RK009324,CLI-00131,SUC-010,Perú,Model B,2024
EV-ACME-09325,ACEMDLA11SB009325,CLI-00274,SUC-002,Guatemala,Model A,2025
EV-ACME-09326,ACEMDLB19RH009326,CLI-00143,SUC-008,Chile,Model B,2024
EV-ACME-09327,ACEMDLD16SH009327,CLI-00124,SUC-008,Chile,Model D,2025
EV-ACME-09328,ACEMDLC19SE009328,CLI-00344,SUC-005,Colombia,Model C,2025
EV-ACME-09329,ACEMDLD17RF009329,CLI-00626,SUC-006,Argentina,Model D,2024
EV-ACME-09330,ACEMDLF15TH009330,CLI-00228,SUC-008,Chile,Model F,2026
EV-ACME-09331,ACEMDLC17SF009331,CLI-00372,SUC-006,Argentina,Model C,2025
EV-ACME-09332,ACEMDLD11TJ009332,CLI-00899,SUC-009,Panamá,Model D,2026
EV-ACME-09333,ACEMDLA15SF009333,CLI-00420,SUC-006,Argentina,Model A,2025
EV-ACME-09334,ACEMDLA14SH009334,CLI-00608,SUC-008,Chile,Model A,2025
EV-ACME-09335,ACEMDLA13SF009335,CLI-00755,SUC-006,Argentina,Model A,2025
EV-ACME-09336,ACEMDLD15RK009336,CLI-00283,SUC-010,Perú,Model D,2024
EV-ACME-09337,ACEMDLE12TJ009337,CLI-00664,SUC-009,Panamá,Model E,2026
EV-ACME-09338,ACEMDLF15SD009338,CLI-00027,SUC-004,Costa Rica,Model F,2025
EV-ACME-09339,ACEMDLC19RF009339,CLI-00305,SUC-006,Argentina,Model C,2024
EV-ACME-09340,ACEMDLB18RH009340,CLI-00877,SUC-008,Chile,Model B,2024
EV-ACME-09341,ACEMDLE11RC009341,CLI-00691,SUC-003,Honduras,Model E,2024
EV-ACME-09342,ACEMDLB15SF009342,CLI-00564,SUC-006,Argentina,Model B,2025
EV-ACME-09343,ACEMDLA13TJ009343,CLI-00060,SUC-009,Panamá,Model A,2026
EV-ACME-09344,ACEMDLD18RC009344,CLI-00809,SUC-003,Honduras,Model D,2024
EV-ACME-09345,ACEMDLD10TB009345,CLI-00513,SUC-002,Guatemala,Model D,2026
EV-ACME-09346,ACEMDLD14RA009346,CLI-00207,SUC-001,México,Model D,2024
EV-ACME-09347,ACEMDLB12RA009347,CLI-00273,SUC-001,México,Model B,2024
EV-ACME-09348,ACEMDLE15SK009348,CLI-00638,SUC-010,Perú,Model E,2025
EV-ACME-09349,ACEMDLE15SH009349,CLI-00736,SUC-008,Chile,Model E,2025
EV-ACME-09350,ACEMDLD13TC009350,CLI-00892,SUC-003,Honduras,Model D,2026
EV-ACME-09351,ACEMDLF12SD009351,CLI-00545,SUC-004,Costa Rica,Model F,2025
EV-ACME-09352,ACEMDLD19TK009352,CLI-00169,SUC-010,Perú,Model D,2026
EV-ACME-09353,ACEMDLE11TD009353,CLI-00008,SUC-004,Costa Rica,Model E,2026
EV-ACME-09354,ACEMDLF17RC009354,CLI-00975,SUC-003,Honduras,Model F,2024
EV-ACME-09355,ACEMDLA10SH009355,CLI-00343,SUC-008,Chile,Model A,2025
EV-ACME-09356,ACEMDLD19SG009356,CLI-00531,SUC-007,Canadá,Model D,2025
EV-ACME-09357,ACEMDLD15TJ009357,CLI-00371,SUC-009,Panamá,Model D,2026
EV-ACME-09358,ACEMDLF16SD009358,CLI-00636,SUC-004,Costa Rica,Model F,2025
EV-ACME-09359,ACEMDLB13SG009359,CLI-00254,SUC-007,Canadá,Model B,2025
EV-ACME-09360,ACEMDLD11SK009360,CLI-00474,SUC-010,Perú,Model D,2025
EV-ACME-09361,ACEMDLC12RB009361,CLI-00080,SUC-002,Guatemala,Model C,2024
EV-ACME-09362,ACEMDLA10RC009362,CLI-00525,SUC-003,Honduras,Model A,2024
EV-ACME-09363,ACEMDLA12SJ009363,CLI-00198,SUC-009,Panamá,Model A,2025
EV-ACME-09364,ACEMDLF15TA009364,CLI-00356,SUC-001,México,Model F,2026
EV-ACME-09365,ACEMDLB18SC009365,CLI-00869,SUC-003,Honduras,Model B,2025
EV-ACME-09366,ACEMDLD16RE009366,CLI-00521,SUC-005,Colombia,Model D,2024
EV-ACME-09367,ACEMDLC12TA009367,CLI-00152,SUC-001,México,Model C,2026
EV-ACME-09368,ACEMDLE19SA009368,CLI-00844,SUC-001,México,Model E,2025
EV-ACME-09369,ACEMDLA13RE009369,CLI-00065,SUC-005,Colombia,Model A,2024
EV-ACME-09370,ACEMDLE10RB009370,CLI-00567,SUC-002,Guatemala,Model E,2024
EV-ACME-09371,ACEMDLC18SA009371,CLI-00172,SUC-001,México,Model C,2025
EV-ACME-09372,ACEMDLA15RF009372,CLI-00782,SUC-006,Argentina,Model A,2024
EV-ACME-09373,ACEMDLC12RE009373,CLI-00552,SUC-005,Colombia,Model C,2024
EV-ACME-09374,ACEMDLA19TK009374,CLI-00137,SUC-010,Perú,Model A,2026
EV-ACME-09375,ACEMDLC10RK009375,CLI-00758,SUC-010,Perú,Model C,2024
EV-ACME-09376,ACEMDLB10SJ009376,CLI-00973,SUC-009,Panamá,Model B,2025
EV-ACME-09377,ACEMDLD18TB009377,CLI-00839,SUC-002,Guatemala,Model D,2026
EV-ACME-09378,ACEMDLF18TA009378,CLI-00906,SUC-001,México,Model F,2026
EV-ACME-09379,ACEMDLD14SD009379,CLI-00135,SUC-004,Costa Rica,Model D,2025
EV-ACME-09380,ACEMDLB18RH009380,CLI-00736,SUC-008,Chile,Model B,2024
EV-ACME-09381,ACEMDLF18RF009381,CLI-00630,SUC-006,Argentina,Model F,2024
EV-ACME-09382,ACEMDLD10TB009382,CLI-00941,SUC-002,Guatemala,Model D,2026
EV-ACME-09383,ACEMDLF12TD009383,CLI-00247,SUC-004,Costa Rica,Model F,2026
EV-ACME-09384,ACEMDLB12RG009384,CLI-00635,SUC-007,Canadá,Model B,2024
EV-ACME-09385,ACEMDLE16TC009385,CLI-00875,SUC-003,Honduras,Model E,2026
EV-ACME-09386,ACEMDLA18RB009386,CLI-00941,SUC-002,Guatemala,Model A,2024
EV-ACME-09387,ACEMDLE17SH009387,CLI-00343,SUC-008,Chile,Model E,2025
EV-ACME-09388,ACEMDLC17RF009388,CLI-00102,SUC-006,Argentina,Model C,2024
EV-ACME-09389,ACEMDLD13SH009389,CLI-00280,SUC-008,Chile,Model D,2025
EV-ACME-09390,ACEMDLE11RK009390,CLI-00633,SUC-010,Perú,Model E,2024
EV-ACME-09391,ACEMDLC12SF009391,CLI-00244,SUC-006,Argentina,Model C,2025
EV-ACME-09392,ACEMDLB12SK009392,CLI-00283,SUC-010,Perú,Model B,2025
EV-ACME-09393,ACEMDLB13SH009393,CLI-00205,SUC-008,Chile,Model B,2025
EV-ACME-09394,ACEMDLF18RE009394,CLI-00220,SUC-005,Colombia,Model F,2024
EV-ACME-09395,ACEMDLF14TD009395,CLI-00327,SUC-004,Costa Rica,Model F,2026
EV-ACME-09396,ACEMDLE14RA009396,CLI-00753,SUC-001,México,Model E,2024
EV-ACME-09397,ACEMDLF16TJ009397,CLI-00942,SUC-009,Panamá,Model F,2026
EV-ACME-09398,ACEMDLE10SE009398,CLI-00497,SUC-005,Colombia,Model E,2025
EV-ACME-09399,ACEMDLB13TA009399,CLI-00133,SUC-001,México,Model B,2026
EV-ACME-09400,ACEMDLD13TA009400,CLI-00356,SUC-001,México,Model D,2026
EV-ACME-09401,ACEMDLD12TA009401,CLI-00730,SUC-001,México,Model D,2026
EV-ACME-09402,ACEMDLA19SC009402,CLI-00423,SUC-003,Honduras,Model A,2025
EV-ACME-09403,ACEMDLB13SH009403,CLI-00385,SUC-008,Chile,Model B,2025
EV-ACME-09404,ACEMDLE13SG009404,CLI-00349,SUC-007,Canadá,Model E,2025
EV-ACME-09405,ACEMDLB19TE009405,CLI-00573,SUC-005,Colombia,Model B,2026
EV-ACME-09406,ACEMDLC15SK009406,CLI-00227,SUC-010,Perú,Model C,2025
EV-ACME-09407,ACEMDLA17SB009407,CLI-00941,SUC-002,Guatemala,Model A,2025
EV-ACME-09408,ACEMDLC18TC009408,CLI-00039,SUC-003,Honduras,Model C,2026
EV-ACME-09409,ACEMDLD10TB009409,CLI-00486,SUC-002,Guatemala,Model D,2026
EV-ACME-09410,ACEMDLC11RA009410,CLI-00329,SUC-001,México,Model C,2024
EV-ACME-09411,ACEMDLE13TG009411,CLI-00465,SUC-007,Canadá,Model E,2026
EV-ACME-09412,ACEMDLE19TA009412,CLI-00386,SUC-001,México,Model E,2026
EV-ACME-09413,ACEMDLD18RD009413,CLI-00702,SUC-004,Costa Rica,Model D,2024
EV-ACME-09414,ACEMDLE14TH009414,CLI-00891,SUC-008,Chile,Model E,2026
EV-ACME-09415,ACEMDLA15SH009415,CLI-00538,SUC-008,Chile,Model A,2025
EV-ACME-09416,ACEMDLD13SA009416,CLI-00056,SUC-001,México,Model D,2025
EV-ACME-09417,ACEMDLE19SB009417,CLI-00231,SUC-002,Guatemala,Model E,2025
EV-ACME-09418,ACEMDLA14TK009418,CLI-00862,SUC-010,Perú,Model A,2026
EV-ACME-09419,ACEMDLA17TH009419,CLI-00006,SUC-008,Chile,Model A,2026
EV-ACME-09420,ACEMDLD11SA009420,CLI-00562,SUC-001,México,Model D,2025
EV-ACME-09421,ACEMDLF10SB009421,CLI-00962,SUC-002,Guatemala,Model F,2025
EV-ACME-09422,ACEMDLF19SE009422,CLI-00436,SUC-005,Colombia,Model F,2025
EV-ACME-09423,ACEMDLC14RK009423,CLI-00471,SUC-010,Perú,Model C,2024
EV-ACME-09424,ACEMDLF12RA009424,CLI-00799,SUC-001,México,Model F,2024
EV-ACME-09425,ACEMDLA14RH009425,CLI-00267,SUC-008,Chile,Model A,2024
EV-ACME-09426,ACEMDLE14RG009426,CLI-00560,SUC-007,Canadá,Model E,2024
EV-ACME-09427,ACEMDLB18TB009427,CLI-00997,SUC-002,Guatemala,Model B,2026
EV-ACME-09428,ACEMDLB15RD009428,CLI-00545,SUC-004,Costa Rica,Model B,2024
EV-ACME-09429,ACEMDLE17TH009429,CLI-00588,SUC-008,Chile,Model E,2026
EV-ACME-09430,ACEMDLE13SG009430,CLI-00308,SUC-007,Canadá,Model E,2025
EV-ACME-09431,ACEMDLE11TA009431,CLI-00814,SUC-001,México,Model E,2026
EV-ACME-09432,ACEMDLD14RC009432,CLI-00863,SUC-003,Honduras,Model D,2024
EV-ACME-09433,ACEMDLB18RF009433,CLI-00476,SUC-006,Argentina,Model B,2024
EV-ACME-09434,ACEMDLB17TA009434,CLI-00041,SUC-001,México,Model B,2026
EV-ACME-09435,ACEMDLE10TE009435,CLI-00788,SUC-005,Colombia,Model E,2026
EV-ACME-09436,ACEMDLA14TG009436,CLI-00808,SUC-007,Canadá,Model A,2026
EV-ACME-09437,ACEMDLB19RH009437,CLI-00780,SUC-008,Chile,Model B,2024
EV-ACME-09438,ACEMDLF17RC009438,CLI-00888,SUC-003,Honduras,Model F,2024
EV-ACME-09439,ACEMDLC17SD009439,CLI-00383,SUC-004,Costa Rica,Model C,2025
EV-ACME-09440,ACEMDLA12RJ009440,CLI-00181,SUC-009,Panamá,Model A,2024
EV-ACME-09441,ACEMDLC18RE009441,CLI-00466,SUC-005,Colombia,Model C,2024
EV-ACME-09442,ACEMDLD18SG009442,CLI-00802,SUC-007,Canadá,Model D,2025
EV-ACME-09443,ACEMDLF19SH009443,CLI-00508,SUC-008,Chile,Model F,2025
EV-ACME-09444,ACEMDLC15RJ009444,CLI-00647,SUC-009,Panamá,Model C,2024
EV-ACME-09445,ACEMDLB16RE009445,CLI-00344,SUC-005,Colombia,Model B,2024
EV-ACME-09446,ACEMDLF12TK009446,CLI-00474,SUC-010,Perú,Model F,2026
EV-ACME-09447,ACEMDLA13RF009447,CLI-00047,SUC-006,Argentina,Model A,2024
EV-ACME-09448,ACEMDLD16RJ009448,CLI-00940,SUC-009,Panamá,Model D,2024
EV-ACME-09449,ACEMDLB17SJ009449,CLI-00694,SUC-009,Panamá,Model B,2025
EV-ACME-09450,ACEMDLF13RG009450,CLI-00164,SUC-007,Canadá,Model F,2024
EV-ACME-09451,ACEMDLF16TJ009451,CLI-00707,SUC-009,Panamá,Model F,2026
EV-ACME-09452,ACEMDLF10SD009452,CLI-00297,SUC-004,Costa Rica,Model F,2025
EV-ACME-09453,ACEMDLD15SF009453,CLI-00644,SUC-006,Argentina,Model D,2025
EV-ACME-09454,ACEMDLA15RE009454,CLI-00581,SUC-005,Colombia,Model A,2024
EV-ACME-09455,ACEMDLC18SB009455,CLI-00988,SUC-002,Guatemala,Model C,2025
EV-ACME-09456,ACEMDLD11TF009456,CLI-00738,SUC-006,Argentina,Model D,2026
EV-ACME-09457,ACEMDLE11RJ009457,CLI-00168,SUC-009,Panamá,Model E,2024
EV-ACME-09458,ACEMDLC14RJ009458,CLI-00899,SUC-009,Panamá,Model C,2024
EV-ACME-09459,ACEMDLC14SB009459,CLI-00756,SUC-002,Guatemala,Model C,2025
EV-ACME-09460,ACEMDLE13SH009460,CLI-00601,SUC-008,Chile,Model E,2025
EV-ACME-09461,ACEMDLE16TG009461,CLI-00090,SUC-007,Canadá,Model E,2026
EV-ACME-09462,ACEMDLF11TB009462,CLI-00567,SUC-002,Guatemala,Model F,2026
EV-ACME-09463,ACEMDLB11TJ009463,CLI-00402,SUC-009,Panamá,Model B,2026
EV-ACME-09464,ACEMDLF19RD009464,CLI-00517,SUC-004,Costa Rica,Model F,2024
EV-ACME-09465,ACEMDLE18SE009465,CLI-00846,SUC-005,Colombia,Model E,2025
EV-ACME-09466,ACEMDLD11RH009466,CLI-00913,SUC-008,Chile,Model D,2024
EV-ACME-09467,ACEMDLF12RD009467,CLI-00917,SUC-004,Costa Rica,Model F,2024
EV-ACME-09468,ACEMDLD15SG009468,CLI-00679,SUC-007,Canadá,Model D,2025
EV-ACME-09469,ACEMDLE19RD009469,CLI-00330,SUC-004,Costa Rica,Model E,2024
EV-ACME-09470,ACEMDLB12TB009470,CLI-00622,SUC-002,Guatemala,Model B,2026
EV-ACME-09471,ACEMDLC11TH009471,CLI-00502,SUC-008,Chile,Model C,2026
EV-ACME-09472,ACEMDLE10RK009472,CLI-00470,SUC-010,Perú,Model E,2024
EV-ACME-09473,ACEMDLF18TD009473,CLI-00957,SUC-004,Costa Rica,Model F,2026
EV-ACME-09474,ACEMDLB17RG009474,CLI-00306,SUC-007,Canadá,Model B,2024
EV-ACME-09475,ACEMDLF17RC009475,CLI-00549,SUC-003,Honduras,Model F,2024
EV-ACME-09476,ACEMDLF12RE009476,CLI-00344,SUC-005,Colombia,Model F,2024
EV-ACME-09477,ACEMDLD18TD009477,CLI-00709,SUC-004,Costa Rica,Model D,2026
EV-ACME-09478,ACEMDLB18RB009478,CLI-00666,SUC-002,Guatemala,Model B,2024
EV-ACME-09479,ACEMDLB10TF009479,CLI-00804,SUC-006,Argentina,Model B,2026
EV-ACME-09480,ACEMDLA13TD009480,CLI-00623,SUC-004,Costa Rica,Model A,2026
EV-ACME-09481,ACEMDLC14RD009481,CLI-00901,SUC-004,Costa Rica,Model C,2024
EV-ACME-09482,ACEMDLA12TG009482,CLI-00042,SUC-007,Canadá,Model A,2026
EV-ACME-09483,ACEMDLF18SK009483,CLI-00033,SUC-010,Perú,Model F,2025
EV-ACME-09484,ACEMDLC15SH009484,CLI-00091,SUC-008,Chile,Model C,2025
EV-ACME-09485,ACEMDLE14SB009485,CLI-00578,SUC-002,Guatemala,Model E,2025
EV-ACME-09486,ACEMDLF15RG009486,CLI-00173,SUC-007,Canadá,Model F,2024
EV-ACME-09487,ACEMDLC18SG009487,CLI-00448,SUC-007,Canadá,Model C,2025
EV-ACME-09488,ACEMDLB14SK009488,CLI-00633,SUC-010,Perú,Model B,2025
EV-ACME-09489,ACEMDLD13RC009489,CLI-00477,SUC-003,Honduras,Model D,2024
EV-ACME-09490,ACEMDLD19TK009490,CLI-00400,SUC-010,Perú,Model D,2026
EV-ACME-09491,ACEMDLC19TJ009491,CLI-00501,SUC-009,Panamá,Model C,2026
EV-ACME-09492,ACEMDLC15SF009492,CLI-00738,SUC-006,Argentina,Model C,2025
EV-ACME-09493,ACEMDLD12TK009493,CLI-00310,SUC-010,Perú,Model D,2026
EV-ACME-09494,ACEMDLD14SJ009494,CLI-00252,SUC-009,Panamá,Model D,2025
EV-ACME-09495,ACEMDLB18SD009495,CLI-00545,SUC-004,Costa Rica,Model B,2025
EV-ACME-09496,ACEMDLD18TB009496,CLI-00619,SUC-002,Guatemala,Model D,2026
EV-ACME-09497,ACEMDLB17RE009497,CLI-00473,SUC-005,Colombia,Model B,2024
EV-ACME-09498,ACEMDLB15TD009498,CLI-00901,SUC-004,Costa Rica,Model B,2026
EV-ACME-09499,ACEMDLC18RK009499,CLI-00993,SUC-010,Perú,Model C,2024
EV-ACME-09500,ACEMDLE15TD009500,CLI-00636,SUC-004,Costa Rica,Model E,2026
EV-ACME-09501,ACEMDLE13SK009501,CLI-00410,SUC-010,Perú,Model E,2025
EV-ACME-09502,ACEMDLF16RJ009502,CLI-00242,SUC-009,Panamá,Model F,2024
EV-ACME-09503,ACEMDLB13SJ009503,CLI-00724,SUC-009,Panamá,Model B,2025
EV-ACME-09504,ACEMDLB12RK009504,CLI-00858,SUC-010,Perú,Model B,2024
EV-ACME-09505,ACEMDLD12RJ009505,CLI-00101,SUC-009,Panamá,Model D,2024
EV-ACME-09506,ACEMDLF11TD009506,CLI-00777,SUC-004,Costa Rica,Model F,2026
EV-ACME-09507,ACEMDLE18RB009507,CLI-00988,SUC-002,Guatemala,Model E,2024
EV-ACME-09508,ACEMDLE18SG009508,CLI-00928,SUC-007,Canadá,Model E,2025
EV-ACME-09509,ACEMDLD12RG009509,CLI-00019,SUC-007,Canadá,Model D,2024
EV-ACME-09510,ACEMDLF16RD009510,CLI-00927,SUC-004,Costa Rica,Model F,2024
EV-ACME-09511,ACEMDLF16RC009511,CLI-00693,SUC-003,Honduras,Model F,2024
EV-ACME-09512,ACEMDLF14SA009512,CLI-00287,SUC-001,México,Model F,2025
EV-ACME-09513,ACEMDLE15RJ009513,CLI-00586,SUC-009,Panamá,Model E,2024
EV-ACME-09514,ACEMDLE18SC009514,CLI-00875,SUC-003,Honduras,Model E,2025
EV-ACME-09515,ACEMDLB17SD009515,CLI-00291,SUC-004,Costa Rica,Model B,2025
EV-ACME-09516,ACEMDLE19RJ009516,CLI-00127,SUC-009,Panamá,Model E,2024
EV-ACME-09517,ACEMDLB13TF009517,CLI-00476,SUC-006,Argentina,Model B,2026
EV-ACME-09518,ACEMDLB10SF009518,CLI-00778,SUC-006,Argentina,Model B,2025
EV-ACME-09519,ACEMDLB18SE009519,CLI-00059,SUC-005,Colombia,Model B,2025
EV-ACME-09520,ACEMDLB19TE009520,CLI-00054,SUC-005,Colombia,Model B,2026
EV-ACME-09521,ACEMDLF10RE009521,CLI-00499,SUC-005,Colombia,Model F,2024
EV-ACME-09522,ACEMDLB14TE009522,CLI-00225,SUC-005,Colombia,Model B,2026
EV-ACME-09523,ACEMDLA18SE009523,CLI-00743,SUC-005,Colombia,Model A,2025
EV-ACME-09524,ACEMDLB14TF009524,CLI-00735,SUC-006,Argentina,Model B,2026
EV-ACME-09525,ACEMDLF10TK009525,CLI-00471,SUC-010,Perú,Model F,2026
EV-ACME-09526,ACEMDLD16SA009526,CLI-00273,SUC-001,México,Model D,2025
EV-ACME-09527,ACEMDLB15SC009527,CLI-00432,SUC-003,Honduras,Model B,2025
EV-ACME-09528,ACEMDLB13TB009528,CLI-00239,SUC-002,Guatemala,Model B,2026
EV-ACME-09529,ACEMDLA16TK009529,CLI-00397,SUC-010,Perú,Model A,2026
EV-ACME-09530,ACEMDLC13SF009530,CLI-00686,SUC-006,Argentina,Model C,2025
EV-ACME-09531,ACEMDLD13TB009531,CLI-00438,SUC-002,Guatemala,Model D,2026
EV-ACME-09532,ACEMDLC10SG009532,CLI-00395,SUC-007,Canadá,Model C,2025
EV-ACME-09533,ACEMDLE17TC009533,CLI-00020,SUC-003,Honduras,Model E,2026
EV-ACME-09534,ACEMDLE12TG009534,CLI-00077,SUC-007,Canadá,Model E,2026
EV-ACME-09535,ACEMDLA12RB009535,CLI-00478,SUC-002,Guatemala,Model A,2024
EV-ACME-09536,ACEMDLD18TB009536,CLI-00752,SUC-002,Guatemala,Model D,2026
EV-ACME-09537,ACEMDLD15RJ009537,CLI-00235,SUC-009,Panamá,Model D,2024
EV-ACME-09538,ACEMDLE16SG009538,CLI-00194,SUC-007,Canadá,Model E,2025
EV-ACME-09539,ACEMDLF18SE009539,CLI-00096,SUC-005,Colombia,Model F,2025
EV-ACME-09540,ACEMDLB11RJ009540,CLI-00406,SUC-009,Panamá,Model B,2024
EV-ACME-09541,ACEMDLC18TD009541,CLI-00634,SUC-004,Costa Rica,Model C,2026
EV-ACME-09542,ACEMDLF11TB009542,CLI-00231,SUC-002,Guatemala,Model F,2026
EV-ACME-09543,ACEMDLF16RH009543,CLI-00910,SUC-008,Chile,Model F,2024
EV-ACME-09544,ACEMDLE17SK009544,CLI-00269,SUC-010,Perú,Model E,2025
EV-ACME-09545,ACEMDLE11SJ009545,CLI-00837,SUC-009,Panamá,Model E,2025
EV-ACME-09546,ACEMDLA11TE009546,CLI-00798,SUC-005,Colombia,Model A,2026
EV-ACME-09547,ACEMDLC19SB009547,CLI-00002,SUC-002,Guatemala,Model C,2025
EV-ACME-09548,ACEMDLF16SA009548,CLI-00661,SUC-001,México,Model F,2025
EV-ACME-09549,ACEMDLA10SD009549,CLI-00702,SUC-004,Costa Rica,Model A,2025
EV-ACME-09550,ACEMDLF19SJ009550,CLI-00251,SUC-009,Panamá,Model F,2025
EV-ACME-09551,ACEMDLE10TK009551,CLI-00923,SUC-010,Perú,Model E,2026
EV-ACME-09552,ACEMDLA19RA009552,CLI-00058,SUC-001,México,Model A,2024
EV-ACME-09553,ACEMDLC10TJ009553,CLI-00112,SUC-009,Panamá,Model C,2026
EV-ACME-09554,ACEMDLB15RJ009554,CLI-00371,SUC-009,Panamá,Model B,2024
EV-ACME-09555,ACEMDLD10SH009555,CLI-00948,SUC-008,Chile,Model D,2025
EV-ACME-09556,ACEMDLA12TB009556,CLI-00196,SUC-002,Guatemala,Model A,2026
EV-ACME-09557,ACEMDLF12RB009557,CLI-00998,SUC-002,Guatemala,Model F,2024
EV-ACME-09558,ACEMDLA13RD009558,CLI-00511,SUC-004,Costa Rica,Model A,2024
EV-ACME-09559,ACEMDLE10SK009559,CLI-00995,SUC-010,Perú,Model E,2025
EV-ACME-09560,ACEMDLE18RJ009560,CLI-00951,SUC-009,Panamá,Model E,2024
EV-ACME-09561,ACEMDLA19RA009561,CLI-00682,SUC-001,México,Model A,2024
EV-ACME-09562,ACEMDLF17TD009562,CLI-01000,SUC-004,Costa Rica,Model F,2026
EV-ACME-09563,ACEMDLA12TJ009563,CLI-00199,SUC-009,Panamá,Model A,2026
EV-ACME-09564,ACEMDLC11TC009564,CLI-00975,SUC-003,Honduras,Model C,2026
EV-ACME-09565,ACEMDLA15RJ009565,CLI-00301,SUC-009,Panamá,Model A,2024
EV-ACME-09566,ACEMDLF14TG009566,CLI-00173,SUC-007,Canadá,Model F,2026
EV-ACME-09567,ACEMDLF17RA009567,CLI-00315,SUC-001,México,Model F,2024
EV-ACME-09568,ACEMDLA10SD009568,CLI-00541,SUC-004,Costa Rica,Model A,2025
EV-ACME-09569,ACEMDLD10SJ009569,CLI-00741,SUC-009,Panamá,Model D,2025
EV-ACME-09570,ACEMDLE10RG009570,CLI-00040,SUC-007,Canadá,Model E,2024
EV-ACME-09571,ACEMDLC13RC009571,CLI-00595,SUC-003,Honduras,Model C,2024
EV-ACME-09572,ACEMDLC14RH009572,CLI-00781,SUC-008,Chile,Model C,2024
EV-ACME-09573,ACEMDLA12SD009573,CLI-00369,SUC-004,Costa Rica,Model A,2025
EV-ACME-09574,ACEMDLF12SF009574,CLI-00367,SUC-006,Argentina,Model F,2025
EV-ACME-09575,ACEMDLE12SE009575,CLI-00627,SUC-005,Colombia,Model E,2025
EV-ACME-09576,ACEMDLB14RE009576,CLI-00499,SUC-005,Colombia,Model B,2024
EV-ACME-09577,ACEMDLB12TG009577,CLI-00077,SUC-007,Canadá,Model B,2026
EV-ACME-09578,ACEMDLF10SA009578,CLI-00799,SUC-001,México,Model F,2025
EV-ACME-09579,ACEMDLA19SF009579,CLI-00532,SUC-006,Argentina,Model A,2025
EV-ACME-09580,ACEMDLC10RE009580,CLI-00500,SUC-005,Colombia,Model C,2024
EV-ACME-09581,ACEMDLB11SA009581,CLI-00058,SUC-001,México,Model B,2025
EV-ACME-09582,ACEMDLB12TC009582,CLI-00494,SUC-003,Honduras,Model B,2026
EV-ACME-09583,ACEMDLD16RD009583,CLI-00159,SUC-004,Costa Rica,Model D,2024
EV-ACME-09584,ACEMDLA11TD009584,CLI-00005,SUC-004,Costa Rica,Model A,2026
EV-ACME-09585,ACEMDLB17SC009585,CLI-00197,SUC-003,Honduras,Model B,2025
EV-ACME-09586,ACEMDLB18RG009586,CLI-00548,SUC-007,Canadá,Model B,2024
EV-ACME-09587,ACEMDLF11TF009587,CLI-00824,SUC-006,Argentina,Model F,2026
EV-ACME-09588,ACEMDLB18TJ009588,CLI-00060,SUC-009,Panamá,Model B,2026
EV-ACME-09589,ACEMDLF18TH009589,CLI-00749,SUC-008,Chile,Model F,2026
EV-ACME-09590,ACEMDLD11SH009590,CLI-00994,SUC-008,Chile,Model D,2025
EV-ACME-09591,ACEMDLF11RE009591,CLI-00847,SUC-005,Colombia,Model F,2024
EV-ACME-09592,ACEMDLE10RC009592,CLI-00504,SUC-003,Honduras,Model E,2024
EV-ACME-09593,ACEMDLD16RC009593,CLI-00699,SUC-003,Honduras,Model D,2024
EV-ACME-09594,ACEMDLD15TB009594,CLI-00087,SUC-002,Guatemala,Model D,2026
EV-ACME-09595,ACEMDLF15TB009595,CLI-00045,SUC-002,Guatemala,Model F,2026
EV-ACME-09596,ACEMDLB14RC009596,CLI-00947,SUC-003,Honduras,Model B,2024
EV-ACME-09597,ACEMDLC14RH009597,CLI-00877,SUC-008,Chile,Model C,2024
EV-ACME-09598,ACEMDLA12SH009598,CLI-00018,SUC-008,Chile,Model A,2025
EV-ACME-09599,ACEMDLE11RB009599,CLI-00651,SUC-002,Guatemala,Model E,2024
EV-ACME-09600,ACEMDLC12SJ009600,CLI-00599,SUC-009,Panamá,Model C,2025
EV-ACME-09601,ACEMDLE13SK009601,CLI-00366,SUC-010,Perú,Model E,2025
EV-ACME-09602,ACEMDLD10TC009602,CLI-00391,SUC-003,Honduras,Model D,2026
EV-ACME-09603,ACEMDLA16RE009603,CLI-00673,SUC-005,Colombia,Model A,2024
EV-ACME-09604,ACEMDLA13TJ009604,CLI-00232,SUC-009,Panamá,Model A,2026
EV-ACME-09605,ACEMDLC13RA009605,CLI-00034,SUC-001,México,Model C,2024
EV-ACME-09606,ACEMDLD19RD009606,CLI-00561,SUC-004,Costa Rica,Model D,2024
EV-ACME-09607,ACEMDLC13SE009607,CLI-00953,SUC-005,Colombia,Model C,2025
EV-ACME-09608,ACEMDLB13SF009608,CLI-00987,SUC-006,Argentina,Model B,2025
EV-ACME-09609,ACEMDLE13TF009609,CLI-00735,SUC-006,Argentina,Model E,2026
EV-ACME-09610,ACEMDLC13RB009610,CLI-00793,SUC-002,Guatemala,Model C,2024
EV-ACME-09611,ACEMDLC11RJ009611,CLI-00925,SUC-009,Panamá,Model C,2024
EV-ACME-09612,ACEMDLD15TD009612,CLI-00217,SUC-004,Costa Rica,Model D,2026
EV-ACME-09613,ACEMDLC12SD009613,CLI-00093,SUC-004,Costa Rica,Model C,2025
EV-ACME-09614,ACEMDLA10SJ009614,CLI-00119,SUC-009,Panamá,Model A,2025
EV-ACME-09615,ACEMDLE16SE009615,CLI-00757,SUC-005,Colombia,Model E,2025
EV-ACME-09616,ACEMDLE16RJ009616,CLI-00909,SUC-009,Panamá,Model E,2024
EV-ACME-09617,ACEMDLE15SE009617,CLI-00337,SUC-005,Colombia,Model E,2025
EV-ACME-09618,ACEMDLD17TG009618,CLI-00610,SUC-007,Canadá,Model D,2026
EV-ACME-09619,ACEMDLC14RE009619,CLI-00192,SUC-005,Colombia,Model C,2024
EV-ACME-09620,ACEMDLF14TC009620,CLI-00914,SUC-003,Honduras,Model F,2026
EV-ACME-09621,ACEMDLB10SH009621,CLI-00015,SUC-008,Chile,Model B,2025
EV-ACME-09622,ACEMDLF12SK009622,CLI-00351,SUC-010,Perú,Model F,2025
EV-ACME-09623,ACEMDLF16SK009623,CLI-00001,SUC-010,Perú,Model F,2025
EV-ACME-09624,ACEMDLE17TJ009624,CLI-00049,SUC-009,Panamá,Model E,2026
EV-ACME-09625,ACEMDLD13TB009625,CLI-00716,SUC-002,Guatemala,Model D,2026
EV-ACME-09626,ACEMDLB18RG009626,CLI-00928,SUC-007,Canadá,Model B,2024
EV-ACME-09627,ACEMDLF11TD009627,CLI-00784,SUC-004,Costa Rica,Model F,2026
EV-ACME-09628,ACEMDLC11SJ009628,CLI-00949,SUC-009,Panamá,Model C,2025
EV-ACME-09629,ACEMDLD13SE009629,CLI-00032,SUC-005,Colombia,Model D,2025
EV-ACME-09630,ACEMDLC10SF009630,CLI-00990,SUC-006,Argentina,Model C,2025
EV-ACME-09631,ACEMDLD10SA009631,CLI-00704,SUC-001,México,Model D,2025
EV-ACME-09632,ACEMDLF10RE009632,CLI-00238,SUC-005,Colombia,Model F,2024
EV-ACME-09633,ACEMDLB18SJ009633,CLI-00119,SUC-009,Panamá,Model B,2025
EV-ACME-09634,ACEMDLC16SE009634,CLI-00075,SUC-005,Colombia,Model C,2025
EV-ACME-09635,ACEMDLF13RF009635,CLI-00146,SUC-006,Argentina,Model F,2024
EV-ACME-09636,ACEMDLA10RK009636,CLI-00689,SUC-010,Perú,Model A,2024
EV-ACME-09637,ACEMDLE18TA009637,CLI-00152,SUC-001,México,Model E,2026
EV-ACME-09638,ACEMDLF10RB009638,CLI-00003,SUC-002,Guatemala,Model F,2024
EV-ACME-09639,ACEMDLF11RK009639,CLI-00582,SUC-010,Perú,Model F,2024
EV-ACME-09640,ACEMDLC16RK009640,CLI-00821,SUC-010,Perú,Model C,2024
EV-ACME-09641,ACEMDLD13TF009641,CLI-00530,SUC-006,Argentina,Model D,2026
EV-ACME-09642,ACEMDLF19SB009642,CLI-00849,SUC-002,Guatemala,Model F,2025
EV-ACME-09643,ACEMDLA17TJ009643,CLI-00617,SUC-009,Panamá,Model A,2026
EV-ACME-09644,ACEMDLB16SB009644,CLI-00578,SUC-002,Guatemala,Model B,2025
EV-ACME-09645,ACEMDLB15RG009645,CLI-00076,SUC-007,Canadá,Model B,2024
EV-ACME-09646,ACEMDLF17TF009646,CLI-00786,SUC-006,Argentina,Model F,2026
EV-ACME-09647,ACEMDLA13SB009647,CLI-00771,SUC-002,Guatemala,Model A,2025
EV-ACME-09648,ACEMDLE17RJ009648,CLI-00596,SUC-009,Panamá,Model E,2024
EV-ACME-09649,ACEMDLE15TA009649,CLI-00368,SUC-001,México,Model E,2026
EV-ACME-09650,ACEMDLD14SG009650,CLI-00294,SUC-007,Canadá,Model D,2025
EV-ACME-09651,ACEMDLA18RA009651,CLI-00264,SUC-001,México,Model A,2024
EV-ACME-09652,ACEMDLB16TG009652,CLI-00762,SUC-007,Canadá,Model B,2026
EV-ACME-09653,ACEMDLD14TA009653,CLI-00333,SUC-001,México,Model D,2026
EV-ACME-09654,ACEMDLC15RC009654,CLI-00494,SUC-003,Honduras,Model C,2024
EV-ACME-09655,ACEMDLF16RE009655,CLI-00394,SUC-005,Colombia,Model F,2024
EV-ACME-09656,ACEMDLF12TK009656,CLI-00789,SUC-010,Perú,Model F,2026
EV-ACME-09657,ACEMDLC11RE009657,CLI-00059,SUC-005,Colombia,Model C,2024
EV-ACME-09658,ACEMDLE13SC009658,CLI-00525,SUC-003,Honduras,Model E,2025
EV-ACME-09659,ACEMDLC13TD009659,CLI-00977,SUC-004,Costa Rica,Model C,2026
EV-ACME-09660,ACEMDLA16SC009660,CLI-00975,SUC-003,Honduras,Model A,2025
EV-ACME-09661,ACEMDLC14SK009661,CLI-00453,SUC-010,Perú,Model C,2025
EV-ACME-09662,ACEMDLD12RB009662,CLI-00933,SUC-002,Guatemala,Model D,2024
EV-ACME-09663,ACEMDLC17SH009663,CLI-00505,SUC-008,Chile,Model C,2025
EV-ACME-09664,ACEMDLB16SF009664,CLI-00816,SUC-006,Argentina,Model B,2025
EV-ACME-09665,ACEMDLB19SF009665,CLI-00372,SUC-006,Argentina,Model B,2025
EV-ACME-09666,ACEMDLA12SB009666,CLI-00997,SUC-002,Guatemala,Model A,2025
EV-ACME-09667,ACEMDLB12TA009667,CLI-00700,SUC-001,México,Model B,2026
EV-ACME-09668,ACEMDLF13SC009668,CLI-00053,SUC-003,Honduras,Model F,2025
EV-ACME-09669,ACEMDLB11TH009669,CLI-00612,SUC-008,Chile,Model B,2026
EV-ACME-09670,ACEMDLC13SE009670,CLI-00495,SUC-005,Colombia,Model C,2025
EV-ACME-09671,ACEMDLC14RK009671,CLI-00710,SUC-010,Perú,Model C,2024
EV-ACME-09672,ACEMDLB10RG009672,CLI-00934,SUC-007,Canadá,Model B,2024
EV-ACME-09673,ACEMDLF17RB009673,CLI-00698,SUC-002,Guatemala,Model F,2024
EV-ACME-09674,ACEMDLE14TH009674,CLI-00964,SUC-008,Chile,Model E,2026
EV-ACME-09675,ACEMDLC17TC009675,CLI-00415,SUC-003,Honduras,Model C,2026
EV-ACME-09676,ACEMDLE19RA009676,CLI-00207,SUC-001,México,Model E,2024
EV-ACME-09677,ACEMDLA15TF009677,CLI-00738,SUC-006,Argentina,Model A,2026
EV-ACME-09678,ACEMDLC15TH009678,CLI-00515,SUC-008,Chile,Model C,2026
EV-ACME-09679,ACEMDLD18SG009679,CLI-00106,SUC-007,Canadá,Model D,2025
EV-ACME-09680,ACEMDLF14TA009680,CLI-00056,SUC-001,México,Model F,2026
EV-ACME-09681,ACEMDLF10SJ009681,CLI-00712,SUC-009,Panamá,Model F,2025
EV-ACME-09682,ACEMDLB18TC009682,CLI-00430,SUC-003,Honduras,Model B,2026
EV-ACME-09683,ACEMDLA15SA009683,CLI-00889,SUC-001,México,Model A,2025
EV-ACME-09684,ACEMDLE12TA009684,CLI-00271,SUC-001,México,Model E,2026
EV-ACME-09685,ACEMDLA10RA009685,CLI-00658,SUC-001,México,Model A,2024
EV-ACME-09686,ACEMDLE15RK009686,CLI-00851,SUC-010,Perú,Model E,2024
EV-ACME-09687,ACEMDLD15SC009687,CLI-00764,SUC-003,Honduras,Model D,2025
EV-ACME-09688,ACEMDLC15TH009688,CLI-00143,SUC-008,Chile,Model C,2026
EV-ACME-09689,ACEMDLC18RF009689,CLI-00723,SUC-006,Argentina,Model C,2024
EV-ACME-09690,ACEMDLF11SE009690,CLI-00573,SUC-005,Colombia,Model F,2025
EV-ACME-09691,ACEMDLE13TC009691,CLI-00602,SUC-003,Honduras,Model E,2026
EV-ACME-09692,ACEMDLA15SD009692,CLI-00927,SUC-004,Costa Rica,Model A,2025
EV-ACME-09693,ACEMDLE10SE009693,CLI-00673,SUC-005,Colombia,Model E,2025
EV-ACME-09694,ACEMDLD17RE009694,CLI-00043,SUC-005,Colombia,Model D,2024
EV-ACME-09695,ACEMDLA15RF009695,CLI-00458,SUC-006,Argentina,Model A,2024
EV-ACME-09696,ACEMDLD19SA009696,CLI-00208,SUC-001,México,Model D,2025
EV-ACME-09697,ACEMDLB17TA009697,CLI-00697,SUC-001,México,Model B,2026
EV-ACME-09698,ACEMDLD12TC009698,CLI-00463,SUC-003,Honduras,Model D,2026
EV-ACME-09699,ACEMDLD18SG009699,CLI-00306,SUC-007,Canadá,Model D,2025
EV-ACME-09700,ACEMDLE17RH009700,CLI-00736,SUC-008,Chile,Model E,2024
EV-ACME-09701,ACEMDLD16SB009701,CLI-00276,SUC-002,Guatemala,Model D,2025
EV-ACME-09702,ACEMDLE16SE009702,CLI-00832,SUC-005,Colombia,Model E,2025
EV-ACME-09703,ACEMDLC18SK009703,CLI-00470,SUC-010,Perú,Model C,2025
EV-ACME-09704,ACEMDLB16SA009704,CLI-00682,SUC-001,México,Model B,2025
EV-ACME-09705,ACEMDLC10SK009705,CLI-00484,SUC-010,Perú,Model C,2025
EV-ACME-09706,ACEMDLB17TF009706,CLI-00872,SUC-006,Argentina,Model B,2026
EV-ACME-09707,ACEMDLD15SK009707,CLI-00594,SUC-010,Perú,Model D,2025
EV-ACME-09708,ACEMDLF18RG009708,CLI-00938,SUC-007,Canadá,Model F,2024
EV-ACME-09709,ACEMDLB14RD009709,CLI-00331,SUC-004,Costa Rica,Model B,2024
EV-ACME-09710,ACEMDLF12SF009710,CLI-00984,SUC-006,Argentina,Model F,2025
EV-ACME-09711,ACEMDLC10RJ009711,CLI-00168,SUC-009,Panamá,Model C,2024
EV-ACME-09712,ACEMDLC12RF009712,CLI-00098,SUC-006,Argentina,Model C,2024
EV-ACME-09713,ACEMDLD15SF009713,CLI-00872,SUC-006,Argentina,Model D,2025
EV-ACME-09714,ACEMDLC17RJ009714,CLI-00181,SUC-009,Panamá,Model C,2024
EV-ACME-09715,ACEMDLB14TH009715,CLI-00483,SUC-008,Chile,Model B,2026
EV-ACME-09716,ACEMDLF13RK009716,CLI-00482,SUC-010,Perú,Model F,2024
EV-ACME-09717,ACEMDLC13RB009717,CLI-00013,SUC-002,Guatemala,Model C,2024
EV-ACME-09718,ACEMDLF18TA009718,CLI-00066,SUC-001,México,Model F,2026
EV-ACME-09719,ACEMDLD15RB009719,CLI-00080,SUC-002,Guatemala,Model D,2024
EV-ACME-09720,ACEMDLC13RB009720,CLI-00622,SUC-002,Guatemala,Model C,2024
EV-ACME-09721,ACEMDLC16TA009721,CLI-00546,SUC-001,México,Model C,2026
EV-ACME-09722,ACEMDLD10RJ009722,CLI-00121,SUC-009,Panamá,Model D,2024
EV-ACME-09723,ACEMDLF13TF009723,CLI-00824,SUC-006,Argentina,Model F,2026
EV-ACME-09724,ACEMDLB17TB009724,CLI-00003,SUC-002,Guatemala,Model B,2026
EV-ACME-09725,ACEMDLE18SE009725,CLI-00967,SUC-005,Colombia,Model E,2025
EV-ACME-09726,ACEMDLB18RB009726,CLI-00961,SUC-002,Guatemala,Model B,2024
EV-ACME-09727,ACEMDLF10RD009727,CLI-00896,SUC-004,Costa Rica,Model F,2024
EV-ACME-09728,ACEMDLD19TG009728,CLI-00067,SUC-007,Canadá,Model D,2026
EV-ACME-09729,ACEMDLF19SB009729,CLI-00652,SUC-002,Guatemala,Model F,2025
EV-ACME-09730,ACEMDLD16RK009730,CLI-00094,SUC-010,Perú,Model D,2024
EV-ACME-09731,ACEMDLE18TC009731,CLI-00427,SUC-003,Honduras,Model E,2026
EV-ACME-09732,ACEMDLE12SF009732,CLI-00244,SUC-006,Argentina,Model E,2025
EV-ACME-09733,ACEMDLE14RK009733,CLI-00758,SUC-010,Perú,Model E,2024
EV-ACME-09734,ACEMDLE12SA009734,CLI-00050,SUC-001,México,Model E,2025
EV-ACME-09735,ACEMDLB14TJ009735,CLI-00617,SUC-009,Panamá,Model B,2026
EV-ACME-09736,ACEMDLB14RC009736,CLI-00415,SUC-003,Honduras,Model B,2024
EV-ACME-09737,ACEMDLB16SF009737,CLI-00680,SUC-006,Argentina,Model B,2025
EV-ACME-09738,ACEMDLF12TH009738,CLI-00016,SUC-008,Chile,Model F,2026
EV-ACME-09739,ACEMDLB13SE009739,CLI-00096,SUC-005,Colombia,Model B,2025
EV-ACME-09740,ACEMDLE16RC009740,CLI-00480,SUC-003,Honduras,Model E,2024
EV-ACME-09741,ACEMDLC16RF009741,CLI-00071,SUC-006,Argentina,Model C,2024
EV-ACME-09742,ACEMDLC15RC009742,CLI-00472,SUC-003,Honduras,Model C,2024
EV-ACME-09743,ACEMDLD14TH009743,CLI-00015,SUC-008,Chile,Model D,2026
EV-ACME-09744,ACEMDLB13TG009744,CLI-00439,SUC-007,Canadá,Model B,2026
EV-ACME-09745,ACEMDLB18TJ009745,CLI-00079,SUC-009,Panamá,Model B,2026
EV-ACME-09746,ACEMDLB19SA009746,CLI-00890,SUC-001,México,Model B,2025
EV-ACME-09747,ACEMDLD15TE009747,CLI-00052,SUC-005,Colombia,Model D,2026
EV-ACME-09748,ACEMDLA16SH009748,CLI-00831,SUC-008,Chile,Model A,2025
EV-ACME-09749,ACEMDLB13TB009749,CLI-00622,SUC-002,Guatemala,Model B,2026
EV-ACME-09750,ACEMDLB18SB009750,CLI-00839,SUC-002,Guatemala,Model B,2025
EV-ACME-09751,ACEMDLC12RJ009751,CLI-00881,SUC-009,Panamá,Model C,2024
EV-ACME-09752,ACEMDLF12TK009752,CLI-00528,SUC-010,Perú,Model F,2026
EV-ACME-09753,ACEMDLE19SD009753,CLI-00742,SUC-004,Costa Rica,Model E,2025
EV-ACME-09754,ACEMDLC12SG009754,CLI-00435,SUC-007,Canadá,Model C,2025
EV-ACME-09755,ACEMDLD10TE009755,CLI-00954,SUC-005,Colombia,Model D,2026
EV-ACME-09756,ACEMDLB15RA009756,CLI-00553,SUC-001,México,Model B,2024
EV-ACME-09757,ACEMDLF13TE009757,CLI-00344,SUC-005,Colombia,Model F,2026
EV-ACME-09758,ACEMDLC10RD009758,CLI-00498,SUC-004,Costa Rica,Model C,2024
EV-ACME-09759,ACEMDLB10SF009759,CLI-00685,SUC-006,Argentina,Model B,2025
EV-ACME-09760,ACEMDLC13SA009760,CLI-00010,SUC-001,México,Model C,2025
EV-ACME-09761,ACEMDLE13SJ009761,CLI-00506,SUC-009,Panamá,Model E,2025
EV-ACME-09762,ACEMDLE16SF009762,CLI-00990,SUC-006,Argentina,Model E,2025
EV-ACME-09763,ACEMDLC10RB009763,CLI-00274,SUC-002,Guatemala,Model C,2024
EV-ACME-09764,ACEMDLF14SH009764,CLI-00715,SUC-008,Chile,Model F,2025
EV-ACME-09765,ACEMDLE13SK009765,CLI-00768,SUC-010,Perú,Model E,2025
EV-ACME-09766,ACEMDLB13RJ009766,CLI-00586,SUC-009,Panamá,Model B,2024
EV-ACME-09767,ACEMDLC18SB009767,CLI-00486,SUC-002,Guatemala,Model C,2025
EV-ACME-09768,ACEMDLD15SK009768,CLI-00269,SUC-010,Perú,Model D,2025
EV-ACME-09769,ACEMDLB11RC009769,CLI-00986,SUC-003,Honduras,Model B,2024
EV-ACME-09770,ACEMDLD13TD009770,CLI-00561,SUC-004,Costa Rica,Model D,2026
EV-ACME-09771,ACEMDLD16RF009771,CLI-00987,SUC-006,Argentina,Model D,2024
EV-ACME-09772,ACEMDLE17SB009772,CLI-00438,SUC-002,Guatemala,Model E,2025
EV-ACME-09773,ACEMDLA14RD009773,CLI-00783,SUC-004,Costa Rica,Model A,2024
EV-ACME-09774,ACEMDLF14RD009774,CLI-00977,SUC-004,Costa Rica,Model F,2024
EV-ACME-09775,ACEMDLC16TG009775,CLI-00040,SUC-007,Canadá,Model C,2026
EV-ACME-09776,ACEMDLC12TC009776,CLI-00731,SUC-003,Honduras,Model C,2026
EV-ACME-09777,ACEMDLB13RB009777,CLI-00849,SUC-002,Guatemala,Model B,2024
EV-ACME-09778,ACEMDLF15SC009778,CLI-00030,SUC-003,Honduras,Model F,2025
EV-ACME-09779,ACEMDLB18TH009779,CLI-00205,SUC-008,Chile,Model B,2026
EV-ACME-09780,ACEMDLE19TD009780,CLI-00319,SUC-004,Costa Rica,Model E,2026
EV-ACME-09781,ACEMDLF16RH009781,CLI-00063,SUC-008,Chile,Model F,2024
EV-ACME-09782,ACEMDLD18RK009782,CLI-00821,SUC-010,Perú,Model D,2024
EV-ACME-09783,ACEMDLB10TC009783,CLI-00230,SUC-003,Honduras,Model B,2026
EV-ACME-09784,ACEMDLD11RF009784,CLI-00458,SUC-006,Argentina,Model D,2024
EV-ACME-09785,ACEMDLF10SC009785,CLI-00875,SUC-003,Honduras,Model F,2025
EV-ACME-09786,ACEMDLD14RF009786,CLI-00668,SUC-006,Argentina,Model D,2024
EV-ACME-09787,ACEMDLF11RK009787,CLI-00269,SUC-010,Perú,Model F,2024
EV-ACME-09788,ACEMDLC16RK009788,CLI-00590,SUC-010,Perú,Model C,2024
EV-ACME-09789,ACEMDLA15SA009789,CLI-00058,SUC-001,México,Model A,2025
EV-ACME-09790,ACEMDLE13SD009790,CLI-00600,SUC-004,Costa Rica,Model E,2025
EV-ACME-09791,ACEMDLA13TB009791,CLI-00272,SUC-002,Guatemala,Model A,2026
EV-ACME-09792,ACEMDLA15SB009792,CLI-00276,SUC-002,Guatemala,Model A,2025
EV-ACME-09793,ACEMDLA13SK009793,CLI-00097,SUC-010,Perú,Model A,2025
EV-ACME-09794,ACEMDLE19RD009794,CLI-00918,SUC-004,Costa Rica,Model E,2024
EV-ACME-09795,ACEMDLF18RE009795,CLI-00807,SUC-005,Colombia,Model F,2024
EV-ACME-09796,ACEMDLB11RB009796,CLI-00438,SUC-002,Guatemala,Model B,2024
EV-ACME-09797,ACEMDLE10RF009797,CLI-00786,SUC-006,Argentina,Model E,2024
EV-ACME-09798,ACEMDLC10SD009798,CLI-00836,SUC-004,Costa Rica,Model C,2025
EV-ACME-09799,ACEMDLF11TC009799,CLI-00191,SUC-003,Honduras,Model F,2026
EV-ACME-09800,ACEMDLF16RA009800,CLI-00293,SUC-001,México,Model F,2024
EV-ACME-09801,ACEMDLE14SC009801,CLI-00892,SUC-003,Honduras,Model E,2025
EV-ACME-09802,ACEMDLD15RG009802,CLI-00111,SUC-007,Canadá,Model D,2024
EV-ACME-09803,ACEMDLD12RE009803,CLI-00579,SUC-005,Colombia,Model D,2024
EV-ACME-09804,ACEMDLA11RK009804,CLI-00835,SUC-010,Perú,Model A,2024
EV-ACME-09805,ACEMDLA15TH009805,CLI-00556,SUC-008,Chile,Model A,2026
EV-ACME-09806,ACEMDLA14SB009806,CLI-00185,SUC-002,Guatemala,Model A,2025
EV-ACME-09807,ACEMDLA12RG009807,CLI-00576,SUC-007,Canadá,Model A,2024
EV-ACME-09808,ACEMDLD14RA009808,CLI-00820,SUC-001,México,Model D,2024
EV-ACME-09809,ACEMDLB12RF009809,CLI-00530,SUC-006,Argentina,Model B,2024
EV-ACME-09810,ACEMDLA18RA009810,CLI-00207,SUC-001,México,Model A,2024
EV-ACME-09811,ACEMDLE12SC009811,CLI-00053,SUC-003,Honduras,Model E,2025
EV-ACME-09812,ACEMDLA18RK009812,CLI-00714,SUC-010,Perú,Model A,2024
EV-ACME-09813,ACEMDLB10RH009813,CLI-00124,SUC-008,Chile,Model B,2024
EV-ACME-09814,ACEMDLC12SF009814,CLI-00755,SUC-006,Argentina,Model C,2025
EV-ACME-09815,ACEMDLC12RF009815,CLI-00685,SUC-006,Argentina,Model C,2024
EV-ACME-09816,ACEMDLA15TA009816,CLI-00029,SUC-001,México,Model A,2026
EV-ACME-09817,ACEMDLD15TF009817,CLI-00987,SUC-006,Argentina,Model D,2026
EV-ACME-09818,ACEMDLF12TJ009818,CLI-00940,SUC-009,Panamá,Model F,2026
EV-ACME-09819,ACEMDLA16SE009819,CLI-00663,SUC-005,Colombia,Model A,2025
EV-ACME-09820,ACEMDLE10TE009820,CLI-00238,SUC-005,Colombia,Model E,2026
EV-ACME-09821,ACEMDLA11SB009821,CLI-00653,SUC-002,Guatemala,Model A,2025
EV-ACME-09822,ACEMDLB10TH009822,CLI-00736,SUC-008,Chile,Model B,2026
EV-ACME-09823,ACEMDLF15RK009823,CLI-00789,SUC-010,Perú,Model F,2024
EV-ACME-09824,ACEMDLC12SC009824,CLI-00976,SUC-003,Honduras,Model C,2025
EV-ACME-09825,ACEMDLB15TH009825,CLI-00936,SUC-008,Chile,Model B,2026
EV-ACME-09826,ACEMDLD16RJ009826,CLI-00487,SUC-009,Panamá,Model D,2024
EV-ACME-09827,ACEMDLA14TC009827,CLI-00427,SUC-003,Honduras,Model A,2026
EV-ACME-09828,ACEMDLE12TH009828,CLI-00612,SUC-008,Chile,Model E,2026
EV-ACME-09829,ACEMDLB16TB009829,CLI-00756,SUC-002,Guatemala,Model B,2026
EV-ACME-09830,ACEMDLB12SF009830,CLI-00244,SUC-006,Argentina,Model B,2025
EV-ACME-09831,ACEMDLF11TD009831,CLI-00977,SUC-004,Costa Rica,Model F,2026
EV-ACME-09832,ACEMDLE15RB009832,CLI-00839,SUC-002,Guatemala,Model E,2024
EV-ACME-09833,ACEMDLC11TK009833,CLI-00855,SUC-010,Perú,Model C,2026
EV-ACME-09834,ACEMDLC15SC009834,CLI-00613,SUC-003,Honduras,Model C,2025
EV-ACME-09835,ACEMDLE15TJ009835,CLI-00078,SUC-009,Panamá,Model E,2026
EV-ACME-09836,ACEMDLD16TF009836,CLI-00680,SUC-006,Argentina,Model D,2026
EV-ACME-09837,ACEMDLF15TD009837,CLI-00917,SUC-004,Costa Rica,Model F,2026
EV-ACME-09838,ACEMDLE11SF009838,CLI-00095,SUC-006,Argentina,Model E,2025
EV-ACME-09839,ACEMDLA11RG009839,CLI-00620,SUC-007,Canadá,Model A,2024
EV-ACME-09840,ACEMDLF13RD009840,CLI-00381,SUC-004,Costa Rica,Model F,2024
EV-ACME-09841,ACEMDLF17RE009841,CLI-00043,SUC-005,Colombia,Model F,2024
EV-ACME-09842,ACEMDLE13SJ009842,CLI-00879,SUC-009,Panamá,Model E,2025
EV-ACME-09843,ACEMDLB12TA009843,CLI-00041,SUC-001,México,Model B,2026
EV-ACME-09844,ACEMDLA13TC009844,CLI-00504,SUC-003,Honduras,Model A,2026
EV-ACME-09845,ACEMDLD19TD009845,CLI-00822,SUC-004,Costa Rica,Model D,2026
EV-ACME-09846,ACEMDLE17RK009846,CLI-00795,SUC-010,Perú,Model E,2024
EV-ACME-09847,ACEMDLE19RK009847,CLI-00883,SUC-010,Perú,Model E,2024
EV-ACME-09848,ACEMDLE14TA009848,CLI-00403,SUC-001,México,Model E,2026
EV-ACME-09849,ACEMDLD10TE009849,CLI-00065,SUC-005,Colombia,Model D,2026
EV-ACME-09850,ACEMDLC16TH009850,CLI-00138,SUC-008,Chile,Model C,2026
EV-ACME-09851,ACEMDLC19SH009851,CLI-00138,SUC-008,Chile,Model C,2025
EV-ACME-09852,ACEMDLC10SC009852,CLI-00571,SUC-003,Honduras,Model C,2025
EV-ACME-09853,ACEMDLD10TE009853,CLI-00023,SUC-005,Colombia,Model D,2026
EV-ACME-09854,ACEMDLB14RA009854,CLI-00906,SUC-001,México,Model B,2024
EV-ACME-09855,ACEMDLA17RB009855,CLI-00080,SUC-002,Guatemala,Model A,2024
EV-ACME-09856,ACEMDLF17TG009856,CLI-00721,SUC-007,Canadá,Model F,2026
EV-ACME-09857,ACEMDLE17SJ009857,CLI-00408,SUC-009,Panamá,Model E,2025
EV-ACME-09858,ACEMDLF10TC009858,CLI-00731,SUC-003,Honduras,Model F,2026
EV-ACME-09859,ACEMDLA15RB009859,CLI-00424,SUC-002,Guatemala,Model A,2024
EV-ACME-09860,ACEMDLE12SG009860,CLI-00555,SUC-007,Canadá,Model E,2025
EV-ACME-09861,ACEMDLE11SC009861,CLI-00490,SUC-003,Honduras,Model E,2025
EV-ACME-09862,ACEMDLB14RD009862,CLI-00896,SUC-004,Costa Rica,Model B,2024
EV-ACME-09863,ACEMDLA17SK009863,CLI-00147,SUC-010,Perú,Model A,2025
EV-ACME-09864,ACEMDLF10RF009864,CLI-00946,SUC-006,Argentina,Model F,2024
EV-ACME-09865,ACEMDLE17SF009865,CLI-00156,SUC-006,Argentina,Model E,2025
EV-ACME-09866,ACEMDLB16RJ009866,CLI-00251,SUC-009,Panamá,Model B,2024
EV-ACME-09867,ACEMDLB15RE009867,CLI-00303,SUC-005,Colombia,Model B,2024
EV-ACME-09868,ACEMDLD18RE009868,CLI-00303,SUC-005,Colombia,Model D,2024
EV-ACME-09869,ACEMDLE12TA009869,CLI-00081,SUC-001,México,Model E,2026
EV-ACME-09870,ACEMDLB11RB009870,CLI-00003,SUC-002,Guatemala,Model B,2024
EV-ACME-09871,ACEMDLA17SC009871,CLI-00320,SUC-003,Honduras,Model A,2025
EV-ACME-09872,ACEMDLA17TC009872,CLI-00176,SUC-003,Honduras,Model A,2026
EV-ACME-09873,ACEMDLA14SE009873,CLI-00797,SUC-005,Colombia,Model A,2025
EV-ACME-09874,ACEMDLE13SG009874,CLI-00760,SUC-007,Canadá,Model E,2025
EV-ACME-09875,ACEMDLE18TA009875,CLI-00299,SUC-001,México,Model E,2026
EV-ACME-09876,ACEMDLF11SC009876,CLI-00263,SUC-003,Honduras,Model F,2025
EV-ACME-09877,ACEMDLE19RB009877,CLI-00421,SUC-002,Guatemala,Model E,2024
EV-ACME-09878,ACEMDLC17RJ009878,CLI-00449,SUC-009,Panamá,Model C,2024
EV-ACME-09879,ACEMDLD13SF009879,CLI-00036,SUC-006,Argentina,Model D,2025
EV-ACME-09880,ACEMDLF14SD009880,CLI-00634,SUC-004,Costa Rica,Model F,2025
EV-ACME-09881,ACEMDLE13TF009881,CLI-00893,SUC-006,Argentina,Model E,2026
EV-ACME-09882,ACEMDLA10SB009882,CLI-00776,SUC-002,Guatemala,Model A,2025
EV-ACME-09883,ACEMDLF16SE009883,CLI-00295,SUC-005,Colombia,Model F,2025
EV-ACME-09884,ACEMDLF19SC009884,CLI-00030,SUC-003,Honduras,Model F,2025
EV-ACME-09885,ACEMDLD14TF009885,CLI-00952,SUC-006,Argentina,Model D,2026
EV-ACME-09886,ACEMDLF14TA009886,CLI-00287,SUC-001,México,Model F,2026
EV-ACME-09887,ACEMDLF10SK009887,CLI-00001,SUC-010,Perú,Model F,2025
EV-ACME-09888,ACEMDLC12SF009888,CLI-00226,SUC-006,Argentina,Model C,2025
EV-ACME-09889,ACEMDLE15SG009889,CLI-00294,SUC-007,Canadá,Model E,2025
EV-ACME-09890,ACEMDLC12RC009890,CLI-00191,SUC-003,Honduras,Model C,2024
EV-ACME-09891,ACEMDLB14SF009891,CLI-00533,SUC-006,Argentina,Model B,2025
EV-ACME-09892,ACEMDLA14SD009892,CLI-00996,SUC-004,Costa Rica,Model A,2025
EV-ACME-09893,ACEMDLD19SA009893,CLI-00753,SUC-001,México,Model D,2025
EV-ACME-09894,ACEMDLA17TF009894,CLI-00978,SUC-006,Argentina,Model A,2026
EV-ACME-09895,ACEMDLC10SH009895,CLI-00267,SUC-008,Chile,Model C,2025
EV-ACME-09896,ACEMDLF12TB009896,CLI-00962,SUC-002,Guatemala,Model F,2026
EV-ACME-09897,ACEMDLC11RG009897,CLI-00905,SUC-007,Canadá,Model C,2024
EV-ACME-09898,ACEMDLD19TJ009898,CLI-00724,SUC-009,Panamá,Model D,2026
EV-ACME-09899,ACEMDLA11TC009899,CLI-00583,SUC-003,Honduras,Model A,2026
EV-ACME-09900,ACEMDLC14RF009900,CLI-00723,SUC-006,Argentina,Model C,2024
EV-ACME-09901,ACEMDLB14RH009901,CLI-00107,SUC-008,Chile,Model B,2024
EV-ACME-09902,ACEMDLE13TD009902,CLI-00475,SUC-004,Costa Rica,Model E,2026
EV-ACME-09903,ACEMDLC19TA009903,CLI-00853,SUC-001,México,Model C,2026
EV-ACME-09904,ACEMDLE10RK009904,CLI-00908,SUC-010,Perú,Model E,2024
EV-ACME-09905,ACEMDLD15SK009905,CLI-00175,SUC-010,Perú,Model D,2025
EV-ACME-09906,ACEMDLE17SF009906,CLI-00751,SUC-006,Argentina,Model E,2025
EV-ACME-09907,ACEMDLB10SE009907,CLI-00167,SUC-005,Colombia,Model B,2025
EV-ACME-09908,ACEMDLC13TA009908,CLI-00034,SUC-001,México,Model C,2026
EV-ACME-09909,ACEMDLB11TB009909,CLI-00698,SUC-002,Guatemala,Model B,2026
EV-ACME-09910,ACEMDLE16RG009910,CLI-00719,SUC-007,Canadá,Model E,2024
EV-ACME-09911,ACEMDLA14RB009911,CLI-00941,SUC-002,Guatemala,Model A,2024
EV-ACME-09912,ACEMDLB11SJ009912,CLI-00044,SUC-009,Panamá,Model B,2025
EV-ACME-09913,ACEMDLD11TK009913,CLI-00870,SUC-010,Perú,Model D,2026
EV-ACME-09914,ACEMDLF16TC009914,CLI-00731,SUC-003,Honduras,Model F,2026
EV-ACME-09915,ACEMDLE12SJ009915,CLI-00312,SUC-009,Panamá,Model E,2025
EV-ACME-09916,ACEMDLB14SF009916,CLI-00028,SUC-006,Argentina,Model B,2025
EV-ACME-09917,ACEMDLB12SC009917,CLI-00826,SUC-003,Honduras,Model B,2025
EV-ACME-09918,ACEMDLF17SF009918,CLI-00755,SUC-006,Argentina,Model F,2025
EV-ACME-09919,ACEMDLF18TD009919,CLI-00069,SUC-004,Costa Rica,Model F,2026
EV-ACME-09920,ACEMDLD15SG009920,CLI-00905,SUC-007,Canadá,Model D,2025
EV-ACME-09921,ACEMDLE16SC009921,CLI-00477,SUC-003,Honduras,Model E,2025
EV-ACME-09922,ACEMDLD19SH009922,CLI-00891,SUC-008,Chile,Model D,2025
EV-ACME-09923,ACEMDLF17SC009923,CLI-00693,SUC-003,Honduras,Model F,2025
EV-ACME-09924,ACEMDLC10RK009924,CLI-00302,SUC-010,Perú,Model C,2024
EV-ACME-09925,ACEMDLE18RF009925,CLI-00722,SUC-006,Argentina,Model E,2024
EV-ACME-09926,ACEMDLA13TB009926,CLI-00981,SUC-002,Guatemala,Model A,2026
EV-ACME-09927,ACEMDLF19RA009927,CLI-00058,SUC-001,México,Model F,2024
EV-ACME-09928,ACEMDLB14TD009928,CLI-00217,SUC-004,Costa Rica,Model B,2026
EV-ACME-09929,ACEMDLA10RB009929,CLI-00012,SUC-002,Guatemala,Model A,2024
EV-ACME-09930,ACEMDLE10RB009930,CLI-00488,SUC-002,Guatemala,Model E,2024
EV-ACME-09931,ACEMDLF10RE009931,CLI-00958,SUC-005,Colombia,Model F,2024
EV-ACME-09932,ACEMDLC14SH009932,CLI-00860,SUC-008,Chile,Model C,2025
EV-ACME-09933,ACEMDLB16RJ009933,CLI-00127,SUC-009,Panamá,Model B,2024
EV-ACME-09934,ACEMDLB17RA009934,CLI-00443,SUC-001,México,Model B,2024
EV-ACME-09935,ACEMDLD16SK009935,CLI-00516,SUC-010,Perú,Model D,2025
EV-ACME-09936,ACEMDLB13SF009936,CLI-00893,SUC-006,Argentina,Model B,2025
EV-ACME-09937,ACEMDLF10SJ009937,CLI-00506,SUC-009,Panamá,Model F,2025
EV-ACME-09938,ACEMDLA17SC009938,CLI-00162,SUC-003,Honduras,Model A,2025
EV-ACME-09939,ACEMDLB12RD009939,CLI-00561,SUC-004,Costa Rica,Model B,2024
EV-ACME-09940,ACEMDLD19RE009940,CLI-00225,SUC-005,Colombia,Model D,2024
EV-ACME-09941,ACEMDLC17SE009941,CLI-00497,SUC-005,Colombia,Model C,2025
EV-ACME-09942,ACEMDLF15SE009942,CLI-00999,SUC-005,Colombia,Model F,2025
EV-ACME-09943,ACEMDLF10SD009943,CLI-00779,SUC-004,Costa Rica,Model F,2025
EV-ACME-09944,ACEMDLD14TE009944,CLI-00128,SUC-005,Colombia,Model D,2026
EV-ACME-09945,ACEMDLC17TH009945,CLI-00362,SUC-008,Chile,Model C,2026
EV-ACME-09946,ACEMDLE19SC009946,CLI-00263,SUC-003,Honduras,Model E,2025
EV-ACME-09947,ACEMDLC14TF009947,CLI-00146,SUC-006,Argentina,Model C,2026
EV-ACME-09948,ACEMDLE12SG009948,CLI-00090,SUC-007,Canadá,Model E,2025
EV-ACME-09949,ACEMDLF19SJ009949,CLI-00044,SUC-009,Panamá,Model F,2025
EV-ACME-09950,ACEMDLA14TF009950,CLI-00872,SUC-006,Argentina,Model A,2026
EV-ACME-09951,ACEMDLA12TB009951,CLI-00670,SUC-002,Guatemala,Model A,2026
EV-ACME-09952,ACEMDLE11SF009952,CLI-00965,SUC-006,Argentina,Model E,2025
EV-ACME-09953,ACEMDLB11TG009953,CLI-00254,SUC-007,Canadá,Model B,2026
EV-ACME-09954,ACEMDLB19SD009954,CLI-00827,SUC-004,Costa Rica,Model B,2025
EV-ACME-09955,ACEMDLA15RB009955,CLI-00003,SUC-002,Guatemala,Model A,2024
EV-ACME-09956,ACEMDLD12RF009956,CLI-00644,SUC-006,Argentina,Model D,2024
EV-ACME-09957,ACEMDLE16SD009957,CLI-00669,SUC-004,Costa Rica,Model E,2025
EV-ACME-09958,ACEMDLD11RJ009958,CLI-00449,SUC-009,Panamá,Model D,2024
EV-ACME-09959,ACEMDLA13SK009959,CLI-00758,SUC-010,Perú,Model A,2025
EV-ACME-09960,ACEMDLE16RK009960,CLI-00870,SUC-010,Perú,Model E,2024
EV-ACME-09961,ACEMDLA13RA009961,CLI-00017,SUC-001,México,Model A,2024
EV-ACME-09962,ACEMDLC17SB009962,CLI-00218,SUC-002,Guatemala,Model C,2025
EV-ACME-09963,ACEMDLE11TC009963,CLI-00731,SUC-003,Honduras,Model E,2026
EV-ACME-09964,ACEMDLC14RJ009964,CLI-00854,SUC-009,Panamá,Model C,2024
EV-ACME-09965,ACEMDLC16TH009965,CLI-00447,SUC-008,Chile,Model C,2026
EV-ACME-09966,ACEMDLF16RH009966,CLI-00726,SUC-008,Chile,Model F,2024
EV-ACME-09967,ACEMDLB12TK009967,CLI-00870,SUC-010,Perú,Model B,2026
EV-ACME-09968,ACEMDLB17TB009968,CLI-00988,SUC-002,Guatemala,Model B,2026
EV-ACME-09969,ACEMDLD17SK009969,CLI-00768,SUC-010,Perú,Model D,2025
EV-ACME-09970,ACEMDLC12TD009970,CLI-00291,SUC-004,Costa Rica,Model C,2026
EV-ACME-09971,ACEMDLD11TF009971,CLI-00340,SUC-006,Argentina,Model D,2026
EV-ACME-09972,ACEMDLA16TG009972,CLI-00589,SUC-007,Canadá,Model A,2026
EV-ACME-09973,ACEMDLE14TH009973,CLI-00016,SUC-008,Chile,Model E,2026
EV-ACME-09974,ACEMDLB11TH009974,CLI-00657,SUC-008,Chile,Model B,2026
EV-ACME-09975,ACEMDLD15RK009975,CLI-00201,SUC-010,Perú,Model D,2024
EV-ACME-09976,ACEMDLD10RF009976,CLI-00606,SUC-006,Argentina,Model D,2024
EV-ACME-09977,ACEMDLD17TF009977,CLI-00350,SUC-006,Argentina,Model D,2026
EV-ACME-09978,ACEMDLD11SD009978,CLI-00901,SUC-004,Costa Rica,Model D,2025
EV-ACME-09979,ACEMDLC18RA009979,CLI-00614,SUC-001,México,Model C,2024
EV-ACME-09980,ACEMDLF14TF009980,CLI-00872,SUC-006,Argentina,Model F,2026
EV-ACME-09981,ACEMDLF15SB009981,CLI-00277,SUC-002,Guatemala,Model F,2025
EV-ACME-09982,ACEMDLE17SF009982,CLI-00418,SUC-006,Argentina,Model E,2025
EV-ACME-09983,ACEMDLA10SJ009983,CLI-00377,SUC-009,Panamá,Model A,2025
EV-ACME-09984,ACEMDLD18TG009984,CLI-00719,SUC-007,Canadá,Model D,2026
EV-ACME-09985,ACEMDLC14SK009985,CLI-00396,SUC-010,Perú,Model C,2025
EV-ACME-09986,ACEMDLB12SA009986,CLI-00034,SUC-001,México,Model B,2025
EV-ACME-09987,ACEMDLC16SG009987,CLI-00254,SUC-007,Canadá,Model C,2025
EV-ACME-09988,ACEMDLB17RC009988,CLI-00841,SUC-003,Honduras,Model B,2024
EV-ACME-09989,ACEMDLB18SK009989,CLI-00474,SUC-010,Perú,Model B,2025
EV-ACME-09990,ACEMDLD13TH009990,CLI-00948,SUC-008,Chile,Model D,2026
EV-ACME-09991,ACEMDLA15RF009991,CLI-00952,SUC-006,Argentina,Model A,2024
EV-ACME-09992,ACEMDLE11TE009992,CLI-00165,SUC-005,Colombia,Model E,2026
EV-ACME-09993,ACEMDLD18RK009993,CLI-00175,SUC-010,Perú,Model D,2024
EV-ACME-09994,ACEMDLF18TC009994,CLI-00595,SUC-003,Honduras,Model F,2026
EV-ACME-09995,ACEMDLC19RH009995,CLI-00130,SUC-008,Chile,Model C,2024
EV-ACME-09996,ACEMDLE15TK009996,CLI-00001,SUC-010,Perú,Model E,2026
EV-ACME-09997,ACEMDLB19SB009997,CLI-00578,SUC-002,Guatemala,Model B,2025
EV-ACME-09998,ACEMDLF19RB009998,CLI-00716,SUC-002,Guatemala,Model F,2024
EV-ACME-09999,ACEMDLC15SJ009999,CLI-00348,SUC-009,Panamá,Model C,2025
EV-ACME-10000,ACEMDLA13RE010000,CLI-00681,SUC-005,Colombia,Model A,2024
